id_umkm,nama_usaha,jenis_usaha,omset,aset,status_legalitas,is_aligned
28828567,UD. Alif Pamungkas,Kesehatan,3347794,5497149,Belum Terdaftar,0
28828568,UD. Zidanar Panji,Perdagangan,39969661,7398384,Terdaftar,1
28828569,UD. Winda Jayengprana,unknown,25253355,8881762,Belum Terdaftar,0
28828570,UD. Damaris Satria,Jasa,20700389,9576178,Belum Terdaftar,0
28828571,UD. Qasya Wiratama,Jasa,4820810,9456853,Belum Terdaftar,0
28828572,UD. Grego Wiraatmaja Nara,Jasa,19297316,9072119,Belum Terdaftar,0
28828573,UD. Mika Bagaskara,Perdagangan,4699257,8132674,Terdaftar,1
28828574,UD. Yora Selaras,Kesehatan,16709414,7072036,Belum Terdaftar,0
28828575,UD. Wenny Langit,Jasa,,2745878,Belum Terdaftar,0
28828576,UD. Fani Wijaya,Jasa,42552398,8136758,Belum Terdaftar,0
28828577,UD. Karim Asmaralaya,Perdagangan,4911505,7862540,Terdaftar,1
28828578,UD. Jafar Gandewa,Pendidikan,43942442,9106010,Belum Terdaftar,0
28828579,UD. Elyas Wiraatmaja,Perdagangan,21622680,4557522,Belum Terdaftar,0
28828580,UD. Erlangga Wiyata,Kesehatan,11702080,1961437,Belum Terdaftar,0
28828581,UD. Hasna Saputranegara,Kesehatan,13250815,606340,Belum Terdaftar,0
28828582,UD. Halim Surya,,19091583,5782560,Belum Terdaftar,0
28828583,UD. Farhan Mulyo,Pendidikan,42399115,7888385,Belum Terdaftar,0
28828584,UD. Farhan Sukadarma,Perdagangan,43856444,1242635,Belum Terdaftar,0
28828585,UD. Qisha Saprahan,Perdagangan,49273062,8835217,Belum Terdaftar,0
28828586,UD. Tasya Tunggul,Kesehatan,38233714,8613350,Terdaftar,1
28828587,UD. Yudi Kamajaya,Pendidikan,14384473,6784828,Terdaftar,1
28828588,UD. Putri Wiraatmaja Rafif,Perdagangan,unknown,4791730,Terdaftar,1
28828589,UD. Olivia Kusumasari,Pendidikan,33753747,7010703,Terdaftar,1
28828590,UD. Dea Tunggul Ziva,Perdagangan,46254838,3938582,Terdaftar,1
28828591,UD. Iqra Panji,Pendidikan,35105093,4765067,Belum Terdaftar,0
28828592,UD. Tono Surapati,Kesehatan,35927094,5623602,Terdaftar,1
28828593,UD. Qisha Kusumah,Perdagangan,42314822,5902996,Terdaftar,1
28828594,UD. Tari Jayeng,Pendidikan,20499344,6031918,Terdaftar,1
28828595,UD. Uli Widhi,unknown,5435097,3991688,Belum Terdaftar,0
28828596,UD. Clarissa Cahaya,Kesehatan,15602357,1501660,Terdaftar,1
28828597,UD. Nisa Hastinapura,Pendidikan,23171998,3956511,Belum Terdaftar,0
28828598,UD. Chiko Suryaatmaja,Perdagangan,3962038,2523098,Terdaftar,1
28828599,UD. Damar Panji,Kesehatan,2895777,3862258,Belum Terdaftar,0
28828600,UD. Qayla Sukarela,Kesehatan,36832017,,Terdaftar,1
28828601,UD. Kinan Buana,Perdagangan,22517544,8687490,Belum Terdaftar,0
28828602,UD. Niken Lintang,,21451451,2003545,Belum Terdaftar,0
28828603,UD. Lidya Pamungkas,Jasa,24895018,8284243,Belum Terdaftar,0
28828604,UD. Farid Agastya,Pendidikan,3900557,1435120,Belum Terdaftar,0
28828605,UD. Yumna Sentosa,Perdagangan,6939332,3298391,Belum Terdaftar,0
28828606,UD. Yusuf Suryaputra,Fashion,19493654,6119793,Belum Terdaftar,0
28828607,UD. Krisna Trisula,Fashion,20043328,8313438,Terdaftar,1
28828608,UD. Heri Wiyata,Makanan & Minuman,8348563,3281572,Terdaftar,1
28828609,UD. Anang Baswara,Makanan & Minuman,47636417,5316536,Terdaftar,1
28828610,UD. Gilang Galang,Makanan & Minuman,41790652,5753490,Terdaftar,1
28828611,UD. Sekar Trijaya,Fashion,3613229,1564818,Terdaftar,1
28828612,UD. Diyan Prawira,Perdagangan,29509796,1537363,Terdaftar,1
28828613,UD. Fajar Darussalam Lukita,Jasa,14336128,4279679,Belum Terdaftar,0
28828614,UD. Yumna Wira,Perdagangan,15051081,9483812,,0
28828615,UD. Sani Segar,Makanan & Minuman,48877366,4595843,Terdaftar,1
28828616,UD. Nazar Baruna,Perdagangan,19591921,8471642,Belum Terdaftar,0
28828617,UD. Nazar Dwijaputra Dito,Fashion,16430952,6367533,Terdaftar,1
28828618,UD. Lutfi Reswara,Makanan & Minuman,21170169,2253804,Terdaftar,1
28828619,UD. Ujang Wibawa,Perdagangan,11057708,8197878,Belum Terdaftar,0
28828620,UD. Jafar Sanjaya,Jasa,15019139,4532792,Terdaftar,1
28828621,UD. Xenia Nirbayu,Makanan & Minuman,21124439,5234170,Terdaftar,1
28828622,UD. Jihan Gatra,Jasa,3043503,2198887,Belum Terdaftar,0
28828623,UD. Dewi Mandiri,Pendidikan,44835866,5082393,Belum Terdaftar,0
28828624,UD. Fikri Jaladara,Kesehatan,31411063,8521201,Belum Terdaftar,0
28828625,UD. Lukman Wangi,Perdagangan,19402681,2349733,Terdaftar,1
28828626,UD. Jasmin Prajurit,Perdagangan,46549795,9078456,Terdaftar,1
28828627,UD. Ony Mayang,Kesehatan,33930538,5652991,Terdaftar,1
28828628,UD. Gema Prana,Jasa,2320739,9929308,Terdaftar,1
28828629,UD. Celsi Cahyaningrat,Kesehatan,5946689,3607300,Terdaftar,1
,UD. Ucup Tirtayasa,Makanan & Minuman,40253559,9754163,Terdaftar,1
28828631,UD. Hilmiyah Tunggul,Jasa,4000272,3383876,Belum Terdaftar,0
28828632,UD. Cipta Nawasena Qira,Perdagangan,8055755,3625751,Terdaftar,1
28828633,UD. Ony Nawasena,Pendidikan,28633735,9283358,Belum Terdaftar,0
28828634,UD. Livia Wijaya,Jasa,22106121,624431,Terdaftar,1
28828635,UD. Carissa Rejo,Pendidikan,49053971,1713807,Terdaftar,1
28828636,UD. Qisya Berkarya Pandu,Perdagangan,21587581,2876700,Belum Terdaftar,0
28828637,UD. Ujang Kusumah Erlangga,Jasa,14916664,5601571,Belum Terdaftar,0
28828638,UD. Nina Sanjaya,Pendidikan,10659378,1317922,Terdaftar,1
28828639,UD. Jihan Prima,Jasa,36100504,8823691,Belum Terdaftar,0
28828640,UD. Mira Kelana,Kesehatan,31463643,8472112,Belum Terdaftar,0
28828641,UD. Jaya Ayodya,Jasa,27716675,9556446,Terdaftar,1
28828642,UD. Niken Arya,Perdagangan,20659180,5654448,Belum Terdaftar,0
28828643,UD. Sekar Siang,Kesehatan,13784473,4576055,Terdaftar,1
28828644,UD. Hanafi Bagaskara,Perdagangan,21044172,1275561,Terdaftar,1
28828645,UD. Gema Wijaksana,Perdagangan,26304658,3859502,Belum Terdaftar,0
28828646,UD. Eddy Wira,Perdagangan,34126892,4545348,Terdaftar,1
28828647,UD. Marsel Gandewa,Jasa,42005804,2446193,Terdaftar,1
28828648,UD. Niken Ananta,Perdagangan,43793219,1453143,Terdaftar,1
28828649,UD. Qyla Prana Balqis,Jasa,49396220,4391363,Terdaftar,1
28828650,UD. Prananda Manggala,Pendidikan,43957907,1751832,,0
28828651,UD. Qanita Mandiri,Perdagangan,12455336,9060988,Terdaftar,1
28828652,UD. Tania Madani,Pendidikan,22777305,6910775,Terdaftar,1
28828653,UD. Wulan Sukma Fikri,Kesehatan,38011563,7023060,Terdaftar,1
28828654,UD. Chiko Tejakencana Pandu,Makanan & Minuman,41076645,7011130,Terdaftar,1
28828655,UD. Candra Kalbu,Perdagangan,35167429,5748456,Terdaftar,1
28828656,UD. Delia Paseban,Jasa,35581221,9619374,Belum Terdaftar,0
28828657,UD. Taufan Jatiwangi,Perdagangan,8846732,5995579,Terdaftar,1
28828658,UD. Kamil Nirmala,Perdagangan,2703541,514600,Terdaftar,1
28828659,UD. Damar Wibawa,Makanan & Minuman,12152355,2653894,Terdaftar,1
28828660,UD. Berlian Cempaka,Perdagangan,11467618,8390333,Terdaftar,1
28828661,UD. Riko Wening,Fashion,26039591,5983839,Terdaftar,1
28828662,UD. Fani Manik,Fashion,33508384,983727,Terdaftar,1
28828663,UD. Xenia Paningrat Najwa,Jasa,22527761,2992835,unknown,0
28828664,UD. Wira Gatra,Jasa,23829753,3638845,Terdaftar,1
28828665,UD. Jay Wiyata,Perdagangan,7985555,9687373,Terdaftar,1
28828666,UD. Lono Senopati,Perdagangan,,3995268,Terdaftar,1
28828667,UD. Via Wijapranata Yusuf,Makanan & Minuman,44398258,6403103,Belum Terdaftar,0
28828668,UD. Krisna Segar,,2617312,8955003,Terdaftar,1
,UD. Pasha Atma,Makanan & Minuman,14974366,6198421,Terdaftar,1
28828670,UD. Vidi Warna,Pendidikan,4193956,4581101,Belum Terdaftar,0
28828671,UD. Gusti Sanjaya,Pendidikan,unknown,1488268,Belum Terdaftar,0
28828672,UD. Pandu Adhi,Jasa,33026450,7904087,Terdaftar,1
28828673,UD. Zulkarnaen Agastya,Perdagangan,42483616,9510396,Belum Terdaftar,0
28828674,UD. Qanitah Nusa,Perdagangan,35555936,5198349,Belum Terdaftar,0
28828675,UD. Wira Kamajaya,Perdagangan,30415011,6846532,Terdaftar,1
28828676,UD. Anisa Galuh,Kesehatan,45365124,9388786,Belum Terdaftar,0
28828677,UD. Iqra Abadi,Perdagangan,7317305,9466333,Terdaftar,1
28828678,UD. Ucup Jatiwangi,Kesehatan,49554542,5690300,Belum Terdaftar,0
28828679,UD. Desi Tirta,Jasa,21893566,9647996,Belum Terdaftar,0
28828680,UD. Lukita Panji,Pendidikan,32255212,,Belum Terdaftar,0
28828681,UD. Okta Tejakencana,Perdagangan,26166349,4729202,Terdaftar,1
28828682,UD. Farhan Sukarela Qomar,Perdagangan,25032131,7768394,Belum Terdaftar,0
28828683,UD. Qamar Bahagia,Makanan & Minuman,45639857,4933187,Belum Terdaftar,0
28828684,UD. Ina Sumirat,Jasa,11604241,6064560,Terdaftar,1
28828685,UD. Lidya Cinta,Perdagangan,32063713,3297749,Terdaftar,1
28828686,UD. Balqis Sehat,Jasa,26914736,4389594,Terdaftar,1
28828687,UD. Alya Sukarela,Pendidikan,7072143,7742494,Belum Terdaftar,0
28828688,UD. Adinda Putra,Kesehatan,1546138,6818061,Terdaftar,1
28828689,UD. Salwa Malam,Pendidikan,9152979,4324406,Belum Terdaftar,0
28828690,UD. Vega Putra,Jasa,31575615,2619311,Belum Terdaftar,0
28828691,UD. Cipta Citra,Jasa,47037549,8453097,Belum Terdaftar,0
28828692,UD. Farid Darma,Kesehatan,27034322,668929,Belum Terdaftar,0
28828693,UD. Qais Sari,Perdagangan,37695680,1833661,Terdaftar,1
28828694,UD. Pandu Mulya,Pendidikan,39300093,7834514,Belum Terdaftar,0
28828695,UD. Vita Kalbu,Perdagangan,44900616,7823436,Terdaftar,1
28828696,UD. Utha Mulya Tami,Perdagangan,40243035,8166464,Belum Terdaftar,0
28828697,UD. Fitri Manunggal,Pendidikan,4835731,6216996,Terdaftar,1
28828698,UD. Rosa Nirbayu,Jasa,6474127,2284119,Terdaftar,1
28828699,UD. Jodi Kinarya,Perdagangan,19593100,5772091,Terdaftar,1
28828700,UD. Marsel Indah,Kesehatan,20021216,7709862,Belum Terdaftar,0
28828701,UD. Marsel Anggara,Perdagangan,32833474,3167245,Belum Terdaftar,0
,UD. Fikri Saprahan,Kesehatan,48263438,6471002,Belum Terdaftar,0
28828703,UD. Lono Pagi,Pendidikan,23618639,6530226,Terdaftar,1
28828704,UD. Gracia Wening,Perdagangan,30925502,1678922,Belum Terdaftar,0
28828705,UD. Zahira Sehat,Jasa,28711773,4660357,Belum Terdaftar,0
28828706,UD. Fahmi Paseban,Perdagangan,9318872,8775493,Belum Terdaftar,0
28828707,UD. Lutfi Prajurit Lukita,Kesehatan,2734733,6110896,Belum Terdaftar,0
28828708,UD. Farhan Artha,Kesehatan,12367808,8143858,Belum Terdaftar,0
28828709,UD. Vidi Siang Pasha,Pendidikan,45711456,7102010,Belum Terdaftar,0
28828710,UD. Eni Lempung,Kesehatan,10948708,9345476,Belum Terdaftar,0
28828711,UD. Rian Trisaktiatma Elyas,Jasa,31990500,2136222,Belum Terdaftar,0
28828712,UD. Mega Kencana Qiana,Jasa,3055356,4725317,Belum Terdaftar,0
28828713,UD. Mario Ayodya,Pendidikan,47191623,8938648,Terdaftar,1
28828714,UD. Oki Bima,Pendidikan,10845504,4543115,Belum Terdaftar,0
28828715,UD. Isna Sunardi,Makanan & Minuman,6904087,8175371,Terdaftar,1
28828716,UD. Rangga Gandewa,Perdagangan,36564026,4643502,Belum Terdaftar,0
28828717,UD. Vina Lingga,Jasa,40562865,5412783,Terdaftar,1
28828718,UD. Priska Utamaindah,Jasa,13118720,3374122,Belum Terdaftar,0
28828719,UD. Habib Wicaksana Heri,Perdagangan,27739373,2004492,Belum Terdaftar,0
28828720,UD. Tasya Sejahtera,Perdagangan,31815146,5767326,Belum Terdaftar,0
28828721,UD. Barokah Jayengprana,Perdagangan,14597303,3724723,Terdaftar,1
28828722,UD. Yani Raharja Ulil,Jasa,12475465,7312656,Belum Terdaftar,0
28828723,UD. Vera Citra,Pendidikan,45430601,1428796,Belum Terdaftar,0
28828724,UD. Xenia Manunggal,Pendidikan,29918845,8011901,Belum Terdaftar,0
28828725,UD. Ulya Jayeng,Perdagangan,35305109,6430384,Terdaftar,1
28828726,UD. Pandu Bijaksana,Jasa,28183026,5525997,Belum Terdaftar,0
28828727,UD. Agus Asmaralaya,Perdagangan,24678508,8560631,Belum Terdaftar,0
28828728,UD. Halimah Agastya,Perdagangan,24037128,625732,Terdaftar,1
28828729,UD. Jay Kusen Umi,Pendidikan,18854152,5761132,Belum Terdaftar,0
28828730,UD. Qira Wiraatmaja,Kesehatan,17819815,4155547,Belum Terdaftar,0
28828731,UD. Cakra Bahagia Aldo,Perdagangan,16707622,7668440,Terdaftar,1
28828732,UD. Ucup Pusaka,Perdagangan,4216980,1846066,Terdaftar,1
28828733,UD. Wesly Hastinapura,Jasa,45870750,8910181,Terdaftar,1
,UD. Jasmine Saputra,Pendidikan,30142721,6310803,Belum Terdaftar,0
28828735,UD. Widi Saputrautama Leni,Kesehatan,17139506,4324593,,0
28828736,UD. Jafar Harmoni,Pendidikan,6370100,6515796,Belum Terdaftar,0
28828737,UD. Riyan Wirajaya,Perdagangan,37142615,5912096,Belum Terdaftar,0
28828738,UD. Nisa Tunggal,Perdagangan,12665632,1637198,Terdaftar,1
28828739,UD. Balqis Jagadmaya,Pendidikan,22315520,9459994,Belum Terdaftar,0
28828740,UD. Elva Manggala Tono,Jasa,33992950,4156933,Terdaftar,1
28828741,UD. Celsi Jagad Esa,Perdagangan,4868784,5520889,Belum Terdaftar,0
28828742,UD. Jihan Pancasila,Jasa,22871380,6310790,Belum Terdaftar,0
28828743,UD. Ilmi Bersemi,Perdagangan,35817838,4895913,Terdaftar,1
28828744,UD. Krisna Padi,Pendidikan,6431189,5131715,Belum Terdaftar,0
28828745,UD. Pandu Gemilang,Perdagangan,35798492,1341645,Terdaftar,1
28828746,UD. Livia Buana,Kesehatan,36965570,637607,Belum Terdaftar,0
28828747,UD. Obed Siang Mega,Pendidikan,48889840,1819904,Terdaftar,1
28828748,UD. Hana Baswara,Pendidikan,,3288321,Terdaftar,1
28828749,UD. Dora Galuh,Jasa,37805386,6553338,Belum Terdaftar,0
28828750,UD. Mila Anugerah Zainab,Kesehatan,4095640,8868131,Terdaftar,1
28828751,UD. Ziva Malam,Perdagangan,27593482,5449552,Belum Terdaftar,0
28828752,UD. Eni Jayeng,Makanan & Minuman,37387927,6258575,,0
28828753,UD. Juli Elok,Perdagangan,37775727,852937,Belum Terdaftar,0
28828754,UD. Echa Bahari,Pendidikan,4423391,1426325,Terdaftar,1
28828755,UD. Lea Trisakti,Kesehatan,26435010,7792736,Belum Terdaftar,0
28828756,UD. Salwa Ceria,Makanan & Minuman,3553772,9957868,Terdaftar,1
28828757,UD. Budi Darma,Jasa,32488600,817011,Belum Terdaftar,0
28828758,UD. Jihan Karya,Kesehatan,2941625,2779949,Belum Terdaftar,0
28828759,UD. Damar Adikara Dani,Kesehatan,7703724,7261396,Terdaftar,1
28828760,UD. Ulfa Gunawan,Kesehatan,2301779,4458091,Terdaftar,1
28828761,UD. Diyan Asih,Perdagangan,40472375,1152490,Terdaftar,1
28828762,UD. Pardi Purnama,Jasa,26331506,5336096,Terdaftar,1
28828763,UD. Rian Rejo,Perdagangan,13089424,7036429,Belum Terdaftar,0
28828764,UD. Jasmin Selaras,Pendidikan,14073427,7349287,Belum Terdaftar,0
28828765,UD. Ojan Cahaya,Perdagangan,4778001,2716337,Belum Terdaftar,0
28828766,UD. Uli Cerah,Pendidikan,10516920,1722526,Terdaftar,1
28828767,UD. Nindy Ilir,Kesehatan,17563725,5043103,Belum Terdaftar,0
28828768,UD. Ovan Utama,Kesehatan,38309665,3675557,Terdaftar,1
28828769,UD. Grego Jatinagara,Jasa,41058703,8803447,Belum Terdaftar,0
28828770,UD. Livia Sanjaya,Fashion,15357535,8738490,Terdaftar,1
28828771,UD. Alvino Asih,Pendidikan,10561799,9783108,Terdaftar,1
28828772,UD. Ulfa Persada,Pendidikan,3918569,7882516,Terdaftar,1
28828773,UD. Eddy Sudharmo Pandu,Jasa,15749647,1117080,Terdaftar,1
28828774,UD. Isna Sasmita,Perdagangan,18545125,2329089,Belum Terdaftar,0
28828775,UD. Yola Puri,Kesehatan,22542591,9796674,Terdaftar,1
28828776,UD. Wulan Wetan Andi,Jasa,14988867,738974,Belum Terdaftar,0
28828777,UD. Mira Mayang,Perdagangan,27730619,6584131,Belum Terdaftar,0
28828778,UD. Farid Indah,Perdagangan,9229083,3270137,Belum Terdaftar,0
28828779,UD. Mirna Harmoni Dina,Fashion,37950718,7204896,Belum Terdaftar,0
28828780,UD. Celsi Dewangga,Pendidikan,8190762,6780921,Terdaftar,1
28828781,UD. Elsa Kencana,Jasa,36132220,3789430,Belum Terdaftar,0
28828782,UD. Erni Bratadikara,Pendidikan,49149325,9906951,Belum Terdaftar,0
unknown,UD. Berlian Utama,Perdagangan,47913729,5948673,Belum Terdaftar,0
28828784,UD. Oki Kusen,Perdagangan,40263788,2392698,Belum Terdaftar,0
28828785,UD. Chika Utama,Perdagangan,37107569,9840838,Terdaftar,1
28828786,UD. Chiko Sidarta,Perdagangan,47117975,4505316,Terdaftar,1
28828787,UD. Silvi Cahyaningrat Inten,Jasa,36889282,4792610,Belum Terdaftar,0
28828788,UD. Pipit Alam,Perdagangan,47455178,4421719,Belum Terdaftar,0
28828789,UD. Diva Sahaja,Pendidikan,7427429,6728763,Belum Terdaftar,0
28828790,UD. Rafif Wening,Perdagangan,40775671,6253070,Belum Terdaftar,0
28828791,UD. Novi Ilir,Jasa,12540386,828947,Belum Terdaftar,0
28828792,UD. Aldo Jaya,Makanan & Minuman,11795968,3099168,Terdaftar,1
28828793,UD. Rafi Suryaputra,Perdagangan,29084485,2361695,Terdaftar,1
28828794,UD. Nindy Sukarela,Jasa,12242821,3741256,Belum Terdaftar,0
28828795,UD. Zahra Tunggal,Pendidikan,44689639,6042984,Terdaftar,1
28828796,UD. Halim Wiraatmaja,Perdagangan,12386841,9519096,Terdaftar,1
28828797,UD. Tegar Kusuma,Kesehatan,44817726,4745918,Belum Terdaftar,0
28828798,UD. Fikri Resaputra,Kesehatan,11716194,4181401,Terdaftar,1
28828799,UD. Candra Paseban,Jasa,33126488,1289818,Belum Terdaftar,0
28828800,UD. Elyas Adyatma,Pendidikan,30841109,1157857,Belum Terdaftar,0
28828801,UD. Zulkarnaen Sumringah,Pendidikan,47276176,5166095,Belum Terdaftar,0
28828802,UD. Yasir Satria Jibril,Perdagangan,29446669,7214148,Belum Terdaftar,0
28828803,UD. Winda Raharja,Kesehatan,3633026,1167185,Terdaftar,1
28828804,UD. Ayesha Sanjaya Muthia,Pendidikan,24603779,2532833,Terdaftar,1
28828805,UD. Zidan Nirbayu,Kesehatan,12919158,5415725,Terdaftar,1
28828806,UD. Gani Haji,Jasa,39046209,5055032,Terdaftar,1
28828807,UD. Nando Jagadmaya,Makanan & Minuman,48031340,1242857,Belum Terdaftar,0
28828808,UD. Zara Resaputra,Kesehatan,14616189,4583035,Terdaftar,1
28828809,UD. Yasir Rejo,Jasa,3589605,995343,Terdaftar,1
28828810,UD. Berlian Prana Riko,Perdagangan,43184238,4602521,Belum Terdaftar,0
28828811,UD. Ujang Pelangi,Jasa,34835707,5969623,Belum Terdaftar,0
28828812,UD. Chintya Sudarsana,Makanan & Minuman,2778763,3998484,Belum Terdaftar,0
28828813,UD. Elva Kusuma,Jasa,4766817,5428397,Terdaftar,1
28828814,UD. Fikri Yudhistira,Pendidikan,,8118643,Belum Terdaftar,0
28828815,UD. Erlin Bratadikara,Perdagangan,31225195,2346540,Terdaftar,1
28828816,UD. Eni Tirtaatmaja,Pendidikan,23613736,6263545,Belum Terdaftar,0
28828817,UD. Delia Gunawan,Pendidikan,5095837,2248836,Belum Terdaftar,0
28828818,UD. Bayu Abdi,Kesehatan,3021204,8122004,Terdaftar,1
28828819,UD. Adinda Hilir,Kesehatan,11419255,605270,Belum Terdaftar,0
28828820,UD. Qais Kawiswara Ujang,Perdagangan,36599657,553204,Terdaftar,1
28828821,UD. Naufal Gita,Jasa,8742689,4496607,Belum Terdaftar,0
28828822,UD. Qanita Utama,Kesehatan,48353055,2312985,Belum Terdaftar,0
28828823,UD. Tari Hilir,Fashion,1403290,8411608,Terdaftar,1
28828824,UD. Lono Mulyo,Jasa,27931559,2201823,Terdaftar,1
28828825,UD. Vita Harmoni,Kesehatan,47517227,6840192,Terdaftar,1
28828826,UD. Pasha Sidarta,Pendidikan,32819305,6993316,Belum Terdaftar,0
28828827,UD. Zidanar Sahaja,Jasa,15864114,9547000,Belum Terdaftar,0
28828828,UD. Anang Putri,Fashion,37111403,8171911,Terdaftar,1
28828829,UD. Lando Kencana,Jasa,48971939,4119928,Belum Terdaftar,0
28828830,UD. Obed Ranggalawe,Pendidikan,6884344,3239982,Terdaftar,1
28828831,UD. Priska Madusari,Perdagangan,14217827,9881417,Belum Terdaftar,0
28828832,UD. Vera Utamaindah,Pendidikan,1327080,4586670,Belum Terdaftar,0
28828833,UD. Fikra Bima,Kesehatan,4633786,3226590,Terdaftar,1
28828834,UD. Kamil Harapan,Pendidikan,32314291,2232177,Belum Terdaftar,0
28828835,UD. Jihan Adhi,Jasa,47672386,9914597,Terdaftar,1
28828836,UD. Riyan Kusumasari,Kesehatan,40618929,4684865,Terdaftar,1
unknown,UD. Qisya Jati Adinda,Makanan & Minuman,16030839,9453296,Terdaftar,1
28828838,UD. Wesly Widuri,Perdagangan,38612983,6078820,Terdaftar,1
28828839,UD. Yaniar Putra,Perdagangan,9384448,6588333,Terdaftar,1
28828840,UD. Wesly Adiwangsa,Perusahaan,7967078,4669539,Terdaftar,1
28828841,UD. Kevin Sanjaya,Perusahaan,29268199,1165896,Belum Terdaftar,0
28828842,UD. Dina Baswara,Pendidikan,5811674,912858,Terdaftar,1
28828843,UD. Nibras Prawira,Kesehatan,49415339,4154054,Terdaftar,1
28828844,UD. Erlin Kusumasari,Perdagangan,15547811,5881277,Belum Terdaftar,0
28828845,UD. Tono Surya Juli,Jasa,31788189,9406030,Terdaftar,1
28828846,UD. Barokah Saputranegara,Kesehatan,1749513,1156509,Terdaftar,1
28828847,UD. Yuli Permai,Kesehatan,14110786,8420621,Belum Terdaftar,0
28828848,UD. Weni Jaladara,Pendidikan,35768254,1588387,Terdaftar,1
28828849,UD. Ulfa Bagaskara,Fashion,4508965,5209262,Belum Terdaftar,0
28828850,UD. Okta Jatiwangi,Fashion,44315041,8803532,Terdaftar,1
28828851,UD. Priska Bahagia,Jasa,41171923,8653936,,0
28828852,UD. Qisha Jati,Perdagangan,34612626,5272283,Terdaftar,1
28828853,UD. Eni Hastinapura,Jasa,34048282,8444672,Terdaftar,1
28828854,UD. Udin Bratadikara,Pendidikan,3563735,2103178,Terdaftar,1
28828855,UD. Widi Kusumah,Perusahaan,8044216,3396728,Belum Terdaftar,0
28828856,UD. Nina Anindita,Jasa,43620275,821435,Belum Terdaftar,0
28828857,UD. Gilangga Mahendra,Perdagangan,37574841,5490895,Terdaftar,1
28828858,UD. Juli Indah,Kesehatan,39899017,7539006,Terdaftar,1
28828859,UD. Dani Elok,Perdagangan,32813611,4866030,Terdaftar,1
28828860,UD. Prananda Panji,Jasa,36923103,,Belum Terdaftar,0
28828861,UD. Habib Widhi,Kesehatan,45209853,1136954,Belum Terdaftar,0
28828862,UD. Vega Pramana,Jasa,31551990,7693077,Terdaftar,1
28828863,UD. Kirana Cinta,Jasa,13546543,1561504,Belum Terdaftar,0
28828864,UD. Valen Sukma,Perdagangan,13033827,3818933,Terdaftar,1
28828865,UD. Gani Kusuma,Perusahaan,44698753,9586276,Belum Terdaftar,0
28828866,UD. Shinta Anggara,Perdagangan,21860685,5659191,Terdaftar,1
28828867,UD. Vito Sukarela,Perdagangan,17447180,9940544,Terdaftar,1
28828868,UD. Umar Kusumasari,Jasa,41365495,3628067,Terdaftar,1
28828869,UD. Yola Sunardi Viera,Jasa,48988017,4636654,Terdaftar,1
28828870,UD. Qanita Atma,Kesehatan,28215676,2223195,Terdaftar,1
28828871,UD. Wesly Kayastha,Kesehatan,44130256,5875529,Belum Terdaftar,0
28828872,UD. Yora Bintang,Perdagangan,14784602,2634217,Belum Terdaftar,0
28828873,UD. Najwa Tejakusuma,Pendidikan,13726581,1325915,Terdaftar,1
28828874,UD. Sinta Gatra,Perdagangan,37445724,3419785,Terdaftar,1
28828875,UD. Yuli Dewangga,Pendidikan,2929484,7675474,Belum Terdaftar,0
28828876,UD. Eni Saputrautama,Perdagangan,16877144,8068370,Belum Terdaftar,0
28828877,UD. Sinta Adikara,Pendidikan,7047063,1368885,Belum Terdaftar,0
28828878,UD. Willy Brawijaya,Kesehatan,11561519,7192287,Terdaftar,1
28828879,UD. Alma Wacana,Jasa,12954582,1486494,Belum Terdaftar,0
28828880,UD. Diva Cendana,Perdagangan,40188761,7468343,Terdaftar,1
28828881,UD. Ojan Lempung,Perdagangan,16222435,3707207,Belum Terdaftar,0
28828882,UD. Jay Sukadarma,Perdagangan,5714885,3198320,Terdaftar,1
28828883,UD. Oki Kawiswara,Kesehatan,28239119,4921526,Terdaftar,1
28828884,UD. Rizki Jayeng,Pendidikan,40327800,2333609,Terdaftar,1
28828885,UD. Ovan Adikara Iman,Kesehatan,7766682,3352321,Belum Terdaftar,0
28828886,UD. Putra Wiraatmaja,Perdagangan,47153921,2017810,Belum Terdaftar,0
28828887,UD. Gani Prana,Pendidikan,29596617,6151098,Terdaftar,1
28828888,UD. Lea Jatiwangi Rangga,Kesehatan,7729199,9545726,Terdaftar,1
28828889,UD. Qira Kusumajati,Pendidikan,19305223,5236531,Belum Terdaftar,0
28828890,UD. Juni Wening,Kesehatan,35240520,7888970,Belum Terdaftar,0
28828891,UD. Zahira Anindita,Pendidikan,31664524,9169689,Terdaftar,1
28828892,UD. Fatimah Ayodya,Jasa,20212871,8037509,Terdaftar,1
28828893,UD. Widya Santosa,Perdagangan,29133146,6552283,Terdaftar,1
28828894,UD. Dewi Trisudira,Pendidikan,28988798,2537666,Belum Terdaftar,0
28828895,UD. Xenia Maheswara,Jasa,2976233,2060443,Terdaftar,1
28828896,UD. Lukita Bratadikara,Perdagangan,41009000,4779951,Terdaftar,1
28828897,UD. Nando Mahendra,Perdagangan,16280545,5949660,Belum Terdaftar,0
28828898,UD. Jordi Wacana,Kesehatan,15637916,9275532,Belum Terdaftar,0
28828899,UD. Gracia Utama,Jasa,20910813,6261436,Belum Terdaftar,0
28828900,UD. Iqbal Reswara,Jasa,48356367,2541150,Terdaftar,1
28828901,UD. Ojan Arya Muthia,Jasa,42075968,5654457,Belum Terdaftar,0
28828902,UD. Kiki Sudarsana Agus,Perdagangan,48668140,1115304,Terdaftar,1
28828903,UD. Hesti Agung,Pendidikan,5024028,7098034,Terdaftar,1
28828904,UD. Hasna Saputra,Jasa,12410837,4376678,Belum Terdaftar,0
28828905,UD. Owen Mardika,Pendidikan,47062163,2805816,Terdaftar,1
28828906,UD. Melati Wiyata Rahmat,Kesehatan,15685861,4711223,Terdaftar,1
28828907,UD. Khayla Baru,Pendidikan,48928342,2874694,Belum Terdaftar,0
28828908,UD. Zidan Permai,Pendidikan,19793374,7545806,Belum Terdaftar,0
28828909,UD. Eddy Rejo,Jasa,47219960,4703233,Terdaftar,1
28828910,UD. Eddy Saputranegara,Kesehatan,11093776,3630524,Terdaftar,1
28828911,UD. Nindy Adiwarna Pasha,Jasa,49572411,6237313,Terdaftar,1
28828912,UD. Halimah Darussalam,Perdagangan,39051521,9561139,Belum Terdaftar,0
28828913,UD. Laila Mayang,Kesehatan,19859246,3858397,Belum Terdaftar,0
28828914,UD. Indah Makmur Made,Perdagangan,10648537,4662225,Belum Terdaftar,0
28828915,UD. Dani Lintang,Jasa,43237726,7716915,Terdaftar,1
28828916,UD. Alif Lestari,Kesehatan,44935627,4545450,Terdaftar,1
28828917,UD. Candra Wira,Perdagangan,46129908,7248284,Terdaftar,1
28828918,UD. Diva Sakti,Kesehatan,49768445,unknown,Belum Terdaftar,0
28828919,UD. Indah Asa Yusuf,Kesehatan,12778603,6756300,Belum Terdaftar,0
28828920,UD. Khalid Siang,Pendidikan,10727033,6576697,,0
28828921,UD. Gema Agung Jibril,Kesehatan,23476236,5374390,Terdaftar,1
28828922,UD. Novi Gita,Jasa,4785356,1709240,Terdaftar,1
28828923,UD. Ulya Wibawa,Jasa,39282556,6391548,Terdaftar,1
28828924,UD. Khalid Tunggul,Pendidikan,10714243,,Belum Terdaftar,0
28828925,UD. Kirana Nusa,Perdagangan,38080242,7892417,Terdaftar,1
28828926,UD. Eren Setia Uchie,Pendidikan,3217084,6981498,Terdaftar,1
28828927,UD. Anisa Resaputra Rafa,Kesehatan,33176829,6031065,Terdaftar,1
28828928,UD. Widi Panembahan,Kesehatan,21752364,9653287,Belum Terdaftar,0
28828929,UD. Gusti Darussalam,Jasa,35687919,7307677,Belum Terdaftar,0
28828930,UD. Tama Sunardi,Perdagangan,39665566,602323,Terdaftar,1
28828931,UD. Mega Asri,Jasa,44218110,9382715,Terdaftar,1
28828932,UD. Yusuf Asri Gerry,Perdagangan,46123655,3370408,Terdaftar,1
28828933,UD. Rangga Darma,Pendidikan,29753370,8654099,Terdaftar,1
28828934,UD. Kurnia Adyatma Adinda,Pendidikan,8099719,2683200,Terdaftar,1
28828935,UD. Asep Cendana,Jasa,44755314,9525335,Belum Terdaftar,0
28828936,UD. Yusuf Adiwangsa,Pendidikan,43573719,1178716,Belum Terdaftar,0
28828937,UD. Mila Lintang,Jasa,35576469,505084,Terdaftar,1
28828938,UD. Febri Kusumasari,Kesehatan,19934416,1165456,Terdaftar,1
28828939,UD. Romi Resaputra,Pendidikan,20151872,5286188,Belum Terdaftar,0
28828940,UD. Khalid Satriya,Pendidikan,,2080327,Terdaftar,1
28828941,UD. Riko Wangi,Perdagangan,45305619,7942790,Belum Terdaftar,0
28828942,UD. Kamil Baru,Pendidikan,45725248,6890582,Terdaftar,1
28828943,UD. Jaya Darussalam,Perdagangan,25066968,1304877,Belum Terdaftar,0
28828944,UD. Willy Jayabaya,Perdagangan,45898984,1510951,Terdaftar,1
28828945,UD. Qory Radhitya Yuli,Pendidikan,36674842,6022314,Belum Terdaftar,0
28828946,UD. Jibril Wiyata,Kesehatan,5774161,2812930,Terdaftar,1
28828947,UD. Pipit Suci,Jasa,17769779,4988516,Belum Terdaftar,0
28828948,UD. Dina Prima,Kesehatan,49527454,1083332,Terdaftar,1
28828949,UD. Okta Tirtaatmaja,Perdagangan,27306025,3677281,Terdaftar,1
28828950,UD. Erni Dharma,Perdagangan,28248724,9046969,Belum Terdaftar,0
28828951,UD. Yana Bijaksana,Perdagangan,19729611,5250203,Belum Terdaftar,0
28828952,UD. Evan Saputra,Kesehatan,12886308,6203205,,0
28828953,UD. Qiana Jayengpati,Perdagangan,13519922,6104669,Belum Terdaftar,0
28828954,UD. Andi Wisesa,Jasa,28853798,7730048,Belum Terdaftar,0
28828955,UD. Bella Bagaskara Halim,Jasa,30193776,2992445,Belum Terdaftar,0
28828956,UD. Desi Utamaindah,Kesehatan,22437920,8279487,Belum Terdaftar,0
28828957,UD. Bambang Sulaksana,Jasa,33963536,7647953,Belum Terdaftar,0
28828958,UD. Iman Alam,Jasa,32519226,6874406,Belum Terdaftar,0
28828959,UD. Gema Luhur,Jasa,9873568,7727174,Terdaftar,1
28828960,UD. Dea Utama Galih,Kesehatan,39766607,1357532,Belum Terdaftar,0
28828961,UD. Yuli Ananta,Kesehatan,21682495,1336367,Belum Terdaftar,0
28828962,UD. Chiko Permai,Jasa,33208757,9125502,Terdaftar,1
28828963,UD. Farhan Gunawan,Kesehatan,36433280,7849275,Terdaftar,1
28828964,UD. Okta Gita,Jasa,18498627,2116836,Terdaftar,1
28828965,UD. Yusuf Jagad,Jasa,3233036,9090002,Belum Terdaftar,0
28828966,UD. Willy Mardika,Kesehatan,39454370,1677854,Terdaftar,1
28828967,UD. Qisha Jayeng,Kesehatan,32763081,2167286,Belum Terdaftar,0
28828968,UD. Sinta Rejo,Kesehatan,21210439,4176274,Belum Terdaftar,0
28828969,UD. Panji Arsana,Jasa,11851327,3382186,Belum Terdaftar,0
28828970,UD. Citra Abadi,Pendidikan,38235780,6009922,Belum Terdaftar,0
28828971,UD. Gita Dewangga,Kesehatan,35685213,2557354,Belum Terdaftar,0
28828972,UD. Fatiah Trisaktiatma,Pendidikan,28975740,2461670,Terdaftar,1
28828973,UD. Tomi Abdi,Pendidikan,2432599,5202766,Terdaftar,1
28828974,UD. Grego Jagad,Jasa,15444112,2032413,Terdaftar,1
28828975,UD. Omar Jaya,Pendidikan,8914721,8695609,Belum Terdaftar,0
28828976,UD. Ulfa Pramudita,Kesehatan,27266812,7643736,Belum Terdaftar,0
28828977,UD. Najwa Jayengpati,Jasa,7967754,7421424,Belum Terdaftar,0
28828978,UD. Inten Ayodya,Perdagangan,1589665,3960215,Terdaftar,1
28828979,UD. Ilham Selaras,Kesehatan,19619207,9411305,Belum Terdaftar,0
28828980,UD. Elok Atma,Kesehatan,36509006,1765230,Belum Terdaftar,0
28828981,UD. Yuli Wirawati,Jasa,1401699,4938518,Terdaftar,1
28828982,UD. Dani Karya Qisya,Pendidikan,36150134,5134267,Belum Terdaftar,0
28828983,UD. Fitri Kusumajati,Jasa,38818020,3275028,Belum Terdaftar,0
28828984,UD. Kirana Alam,Pendidikan,38599190,5052082,Terdaftar,1
28828985,UD. Mega Manik,Kesehatan,15713663,5318687,Terdaftar,1
28828986,UD. Zainab Asmaralaya,Kesehatan,49320422,2348165,Belum Terdaftar,0
28828987,UD. Elsa Sangga Fauzan,Kesehatan,35451673,2530935,Belum Terdaftar,0
28828988,UD. Qira Sukadarma,Pendidikan,35474698,8194760,Belum Terdaftar,0
28828989,UD. Syifa Wacana,Jasa,28483125,4872222,Belum Terdaftar,0
28828990,UD. Zainab Sulaksana,Pendidikan,21172799,9168745,Terdaftar,1
28828991,UD. Xenia Pancasila,Kesehatan,25589447,4469539,Terdaftar,1
28828992,UD. Silvi Tirta,Kesehatan,8439144,6921901,Belum Terdaftar,0
28828993,UD. Ilham Dewangga,Pendidikan,10571436,7025886,Belum Terdaftar,0
28828994,UD. Rafi Kayastha,Pendidikan,4290057,3921204,Belum Terdaftar,0
28828995,UD. Bagir Adyatma,unknown,37876842,1561695,Terdaftar,1
28828996,UD. Hendra Mandala Hendra,Perdagangan,20720612,7199877,Terdaftar,1
28828997,UD. Vera Bima,Perdagangan,17772536,5182647,Terdaftar,1
,UD. Fajar Nirwasita,Kesehatan,24136771,5687081,Terdaftar,1
28828999,UD. Diva Cempaka,Kesehatan,46652921,1083266,Terdaftar,1
28829000,UD. Alya Kusumah,Perdagangan,35074148,6414064,Terdaftar,1
28829001,UD. Karla Kencana,Jasa,4619975,8241471,Belum Terdaftar,0
28829002,UD. Livia Wijaksana,Jasa,49386525,5618184,Terdaftar,1
28829003,UD. Gilang Kamajaya,Jasa,11769998,1392081,Belum Terdaftar,0
28829004,UD. Gisel Satria,Perdagangan,7471552,3782978,Terdaftar,1
28829005,UD. Ucup Pamungkas,Kesehatan,7872306,7617109,Terdaftar,1
28829006,UD. Juli Putri,Kesehatan,24019971,8412559,Terdaftar,1
28829007,UD. Yumna Nirwana,Kesehatan,24611896,3623910,Terdaftar,1
28829008,UD. Bulan Pramudita,Pendidikan,38668523,8232051,Terdaftar,1
28829009,UD. Ovan Pancasila,Jasa,40328494,4526962,Terdaftar,1
28829010,UD. Rendi Hilir Aldo,Kesehatan,35495552,7197627,Belum Terdaftar,0
28829011,UD. Koko Saputra Fauzan,Jasa,15360701,5348226,Terdaftar,1
28829012,UD. Lina Suci,Jasa,42774617,3203100,Belum Terdaftar,0
28829013,UD. Olivia Abdi Leni,Perdagangan,20627423,8184474,Terdaftar,1
28829014,UD. Bulan Prajurit,Perdagangan,16477735,716207,Terdaftar,1
28829015,UD. Cinta Sanjaya,Pendidikan,12287804,1532260,Terdaftar,1
28829016,UD. Berlian Cinta,Perdagangan,30769089,6237365,Belum Terdaftar,0
28829017,UD. Pasha Widuri,Pendidikan,4693327,7820668,Belum Terdaftar,0
28829018,UD. Pandu Cerah,Jasa,43284251,2994009,Belum Terdaftar,0
28829019,UD. Zulfa Anggrek,Jasa,11941021,7572230,Terdaftar,1
28829020,UD. Nadia Resaputra,Pendidikan,26072115,6945862,Terdaftar,1
28829021,UD. Tono Baswara,Kesehatan,7182203,9172005,Belum Terdaftar,0
28829022,UD. Umar Sukadarma,Pendidikan,35971870,4001063,Belum Terdaftar,0
28829023,UD. Baim Siang,Perdagangan,42185217,1081701,Belum Terdaftar,0
28829024,UD. Via Wangi,Pendidikan,32839708,9832061,Belum Terdaftar,0
28829025,UD. Carissa Artha,Kesehatan,13178761,8698204,Terdaftar,1
28829026,UD. Vina Trisudira,Pendidikan,13711825,2813469,Belum Terdaftar,0
28829027,UD. Ujang Selaras,Perdagangan,39509626,8567933,Terdaftar,1
28829028,UD. Heri Gatra Alya,Pendidikan,16026334,6516905,Belum Terdaftar,0
28829029,UD. Ismail Brata,Jasa,14517443,8137295,Belum Terdaftar,0
28829030,UD. Uci Sundawa,Perdagangan,28029759,4677217,Belum Terdaftar,0
28829031,UD. Rafi Kencana,Kesehatan,19688922,6572173,Terdaftar,1
28829032,UD. Rafif Permai,Perdagangan,7962555,6433674,Terdaftar,1
28829033,UD. Daffa Arya,Kesehatan,15796478,8926871,Belum Terdaftar,0
28829034,UD. Cici Wacana,Perdagangan,1679275,5234264,Belum Terdaftar,0
28829035,UD. Rahmat Sangga,Jasa,34698014,4509538,Belum Terdaftar,0
28829036,UD. Cici Mahendra,Kesehatan,49034322,7627321,Belum Terdaftar,0
28829037,UD. Viona Manik Tomi,Kesehatan,15792614,8539102,Terdaftar,1
28829038,UD. Nisa Nirbayu,Jasa,12219265,3163061,Belum Terdaftar,0
28829039,UD. Bella Gandewa,Pendidikan,32338317,3128202,Belum Terdaftar,0
28829040,UD. Pasha Ceria,Pendidikan,10359203,2571459,,0
28829041,UD. Zidan Trisakti,Jasa,6157738,4244386,Terdaftar,1
28829042,UD. Qomar Wijapranata,Kesehatan,39477101,3835131,Terdaftar,1
28829043,UD. Rahmat Reswara,Pendidikan,15112987,8984697,Belum Terdaftar,0
28829044,UD. Pardi Taruna,Jasa,41177602,1285127,Terdaftar,1
28829045,UD. Zulfa Galang,Jasa,24809783,8118505,Terdaftar,1
28829046,UD. Miko Panji,Jasa,32667887,7234187,Belum Terdaftar,0
28829047,UD. Chintya Jatinagara,Kesehatan,21728824,4406777,Belum Terdaftar,0
28829048,UD. Celsi Jaladara,Kesehatan,25854716,5091207,Terdaftar,1
28829049,UD. Tegar Gatra,Perdagangan,28271618,5692646,Belum Terdaftar,0
28829050,UD. Wito Lingga,Jasa,3045103,4026539,Belum Terdaftar,0
28829051,UD. Halim Sumirat,Pendidikan,41411101,712821,Belum Terdaftar,0
28829052,UD. Nadia Sulaksana Tama,Kesehatan,46913169,2283050,Belum Terdaftar,0
28829053,UD. Joko Adikara Pandu,Kesehatan,6662471,9903268,Terdaftar,1
28829054,UD. Laila Asih,Jasa,,9508710,Belum Terdaftar,0
28829055,UD. Sella Kusen,Kesehatan,38834453,1000881,Belum Terdaftar,0
28829056,UD. Yoga Prajurit,Kesehatan,44613951,7100501,Belum Terdaftar,0
28829057,UD. Ujang Jagadmaya,Perdagangan,13598830,3479208,Terdaftar,1
28829058,UD. Haidar Atma,Jasa,46937687,1472614,Terdaftar,1
28829059,UD. Wahyu Widuri,Pendidikan,37642138,9501963,Terdaftar,1
28829060,UD. Laila Widjaja,Jasa,42993661,9010600,Belum Terdaftar,0
28829061,UD. Dewi Pancasila,Perdagangan,45324281,5899211,Terdaftar,1
28829062,UD. Viona Bangun,Jasa,47113185,6343605,Belum Terdaftar,0
28829063,UD. Harun Kelana,Kesehatan,11101210,1648852,Terdaftar,1
28829064,UD. Wulan Setia,Perdagangan,23351916,2744541,Belum Terdaftar,0
28829065,UD. Elyas Atma,Jasa,18770652,2505425,Terdaftar,1
28829066,UD. Sella Kelana,Kesehatan,34762204,7969634,Terdaftar,1
28829067,UD. Tiara Saprahan,Pendidikan,28907566,7842718,Terdaftar,1
28829068,UD. Salwa Asri,Jasa,37963518,5636007,Terdaftar,1
28829069,UD. Elok Mahendra,Jasa,24627761,3661063,Belum Terdaftar,0
28829070,UD. Galang Hilir,Perdagangan,9072751,3392044,Terdaftar,1
28829071,UD. Mika Hilir,Jasa,15230923,1354346,Belum Terdaftar,0
28829072,UD. Zaki Darma Satria,Pendidikan,28471309,7754124,Belum Terdaftar,0
28829073,UD. Vera Hastinapura,Kesehatan,39441902,2438154,Belum Terdaftar,0
28829074,UD. Lintang Permai,Jasa,15447809,7779757,Terdaftar,1
28829075,UD. Chiko Abadi,Pendidikan,21330532,5565773,Belum Terdaftar,0
28829076,UD. Satria Raharja,Kesehatan,10707258,7504402,Belum Terdaftar,0
28829077,UD. Hilmiyah Karya Iqbal,Pendidikan,48011884,1193998,Belum Terdaftar,0
28829078,UD. Gita Wisnu,,39665233,9352631,Terdaftar,1
28829079,UD. Rendi Yudhistira,Perdagangan,1724478,7998127,Terdaftar,1
28829080,UD. Fani Puri,Kesehatan,21610572,3470140,Belum Terdaftar,0
28829081,UD. Tasya Jatinagara Ucup,Jasa,41054088,8628530,Belum Terdaftar,0
28829082,UD. Olla Sentosa,Kesehatan,15657308,9214832,Terdaftar,1
28829083,UD. Nisa Mayang,Perdagangan,39611255,7213275,Terdaftar,1
28829084,UD. Zidan Adiwarna,Jasa,39624457,555229,Belum Terdaftar,0
28829085,UD. Tiara Manik,Kesehatan,28388947,6450639,Terdaftar,1
28829086,UD. Bambang Sahaja Utami,Perdagangan,39899612,8257392,Terdaftar,1
28829087,UD. Olla Sangkala,Jasa,44160296,992102,Terdaftar,1
28829088,UD. Rafi Ayodya,Perdagangan,18617084,1791223,Terdaftar,1
28829089,UD. Zidanar Sukma,Perdagangan,10000021,2227098,Belum Terdaftar,0
28829090,UD. Karim Pagi,Jasa,14132405,4920079,Terdaftar,1
28829091,UD. Wahyu Sukadarma Oki,Kesehatan,45370090,4813110,Terdaftar,1
28829092,UD. Kanza Widuri,Pendidikan,34780197,7609069,Terdaftar,1
28829093,UD. Yudi Hilir,Perdagangan,25797648,2918273,Belum Terdaftar,0
28829094,UD. Tiara Citra,Kesehatan,4034846,4637148,Belum Terdaftar,0
28829095,UD. Ziva Yudhistira,Pendidikan,27458312,4489123,Terdaftar,1
28829096,UD. Pandu Saprahan,Kesehatan,13274201,5235617,Terdaftar,1
28829097,UD. Pasha Citra,Jasa,22438015,7805564,Belum Terdaftar,0
28829098,UD. Gerry Utama Amir,Perdagangan,14013489,8893401,Belum Terdaftar,0
28829099,UD. Vito Setia,Perdagangan,40438072,4239675,Terdaftar,1
28829100,UD. Olivia Saprahan,Jasa,37097133,2210752,Terdaftar,1
28829101,UD. Rendi Wicaksana Agus,Pendidikan,22639485,5930550,Terdaftar,1
28829102,UD. Erni Mulya,Kesehatan,1939689,7501974,Terdaftar,1
28829103,UD. Naufal Kawiswara,Kesehatan,29635968,5581886,Belum Terdaftar,0
28829104,UD. Gilangga Bijaksana,Jasa,9100637,8954134,Terdaftar,1
28829105,UD. Syifa Utama,Perdagangan,39054993,9367198,Terdaftar,1
28829106,UD. Marsya Jatiwangi Via,Pendidikan,16944404,3374974,Belum Terdaftar,0
28829107,UD. Galang Padi,Pendidikan,17790080,1744063,Terdaftar,1
28829108,UD. Hanafi Madusari,Jasa,31500511,4278866,Terdaftar,1
,UD. Grego Sumringah,Jasa,18637738,7096494,Terdaftar,1
28829110,UD. Vina Dharma,Kesehatan,,1003758,Belum Terdaftar,0
28829111,UD. Ony Galuh,Pendidikan,38227950,1656151,Belum Terdaftar,0
28829112,UD. Zidanar Kamajaya,Kesehatan,6748852,2926426,Belum Terdaftar,0
28829113,UD. Jasmine Bijaksana,Perdagangan,48934221,2910003,Belum Terdaftar,0
28829114,UD. Celsi Karya,Perdagangan,1632324,1223854,Terdaftar,1
28829115,UD. Kanza Harmoni Pasha,Kesehatan,17686966,3294045,Terdaftar,1
28829116,UD. Farhan Wijaya,Perdagangan,41740387,4609325,Belum Terdaftar,0
28829117,UD. Harun Utama,Jasa,14275773,3248308,Terdaftar,1
28829118,UD. Indah Hastinapura Tomi,Kesehatan,8487733,8706513,Belum Terdaftar,0
28829119,UD. Jihan Jaya,Kesehatan,46992799,5556720,Belum Terdaftar,0
28829120,UD. Eka Jayaningrat,Perdagangan,16072245,2823524,Belum Terdaftar,0
28829121,UD. Qais Sukma Halimah,Kesehatan,25401004,8955054,Belum Terdaftar,0
28829122,UD. Lukman Anugerah,Perdagangan,10625762,6784279,Terdaftar,1
28829123,UD. Vincent Sudharmo,Jasa,32867800,7589214,Terdaftar,1
28829124,UD. Romi Hilir,Jasa,7094154,7608989,Belum Terdaftar,0
28829125,UD. Nina Gunawan,Pendidikan,36350061,9067612,Terdaftar,1
28829126,UD. Zahira Cempaka,Jasa,36267452,1667526,Belum Terdaftar,0
28829127,UD. Santi Wirajaya,Perdagangan,21939880,1128728,Belum Terdaftar,0
28829128,UD. Odie Utamaindah,Perdagangan,29702588,5984776,Belum Terdaftar,0
28829129,UD. Rangga Panji,Jasa,3211900,4496240,Belum Terdaftar,0
28829130,UD. Binar Senja,Perdagangan,27965533,2919976,Belum Terdaftar,0
28829131,UD. Berlian Saprahan,Jasa,15515809,4393098,Terdaftar,1
28829132,UD. Ina Pancasila,Perdagangan,3553375,7246617,Terdaftar,1
28829133,UD. Hilmiyah Merdeka,Jasa,39459293,7154586,Terdaftar,1
28829134,UD. Karim Kalbu,Jasa,44542353,891227,Terdaftar,1
28829135,UD. Pio Wijapranata,Jasa,31396215,1454110,Terdaftar,1
28829136,UD. Yasir Karya Qisya,Perdagangan,45182982,1731977,Belum Terdaftar,0
28829137,UD. Obed Wiraatmaja Desta,Kesehatan,5396641,8717743,Belum Terdaftar,0
28829138,UD. Guntur Panji,Kesehatan,3819719,4453039,Belum Terdaftar,0
28829139,UD. Qomar Malam,Jasa,27410410,9997564,Terdaftar,1
28829140,UD. Riko Langit,Pendidikan,2997231,4069503,Belum Terdaftar,0
28829141,UD. Ulil Cempaka Vincent,Pendidikan,40989791,770693,Terdaftar,1
28829142,UD. Clarissa Trisaktiatma Lana,Pendidikan,12294055,1921558,Belum Terdaftar,0
28829143,UD. Indah Cempaka,Pendidikan,13506445,4228615,Belum Terdaftar,0
28829144,UD. Bela Sumirat,Pendidikan,15707012,2607429,Belum Terdaftar,0
28829145,UD. Cipta Naraya Nando,Jasa,34539958,2876358,Belum Terdaftar,0
28829146,UD. Citra Pusaka Jasmine,Jasa,26758982,4383453,Terdaftar,1
28829147,UD. Joko Haji,Perdagangan,38117897,7855838,Terdaftar,1
28829148,UD. Zahira Surya,Kesehatan,47506771,3024776,Belum Terdaftar,0
28829149,UD. Salwa Rejo,Pendidikan,23798939,5046613,Terdaftar,1
28829150,UD. Hanafi Wijapranata,Perdagangan,47226332,1310749,Terdaftar,1
28829151,UD. Chika Bahagia,Perdagangan,35607557,7730188,Belum Terdaftar,0
28829152,UD. Olivia Gatra,Perdagangan,1158245,1369123,Terdaftar,1
28829153,UD. Lono Mandala,Pendidikan,6240233,4343367,Belum Terdaftar,0
28829154,UD. Uci Permai,Kesehatan,43208642,5924702,Terdaftar,1
28829155,UD. Fatimah Arya,Jasa,32150608,9846115,Belum Terdaftar,0
28829156,UD. Ayesha Sudarsana,Kesehatan,33442016,7667376,Belum Terdaftar,0
28829157,UD. Iqra Praja,Pendidikan,3136612,7199984,Terdaftar,1
28829158,UD. Vidi Pramudita,Kesehatan,44866238,3960577,Belum Terdaftar,0
28829159,UD. Kirana Widuri,Jasa,14907360,4480151,Belum Terdaftar,0
28829160,UD. Naufal Sahaja,Pendidikan,12409146,3465812,Belum Terdaftar,0
28829161,UD. Fadli Kusumasari Febri,Kesehatan,34270486,2869681,Terdaftar,1
28829162,UD. Kiki Karya,Perdagangan,28240617,3651308,Terdaftar,1
28829163,UD. Fajar Nirwana Yani,Perdagangan,46375853,6483650,Terdaftar,1
28829164,UD. Erni Tengah Asep,Pendidikan,42064505,8335976,Belum Terdaftar,0
28829165,UD. Maudy Panji Oniel,Perdagangan,36423597,3745392,Belum Terdaftar,0
28829166,UD. Indah Nirwana,Perdagangan,11328969,8660014,Belum Terdaftar,0
28829167,UD. Bambang Reswara,Kesehatan,23951439,4840296,Belum Terdaftar,0
28829168,UD. Chiko Sarwono Qisha,Jasa,40778026,769158,Belum Terdaftar,0
28829169,UD. Tegar Sehat Iqra,Pendidikan,35296031,3395634,Terdaftar,1
28829170,UD. Yaniar Pamungkas,Kesehatan,33076861,3892586,Belum Terdaftar,0
28829171,UD. Tariq Putra,Pendidikan,17330160,1582327,Terdaftar,1
28829172,UD. Kanza Saputrautama,Pendidikan,2494616,8342900,Terdaftar,1
28829173,UD. Livia Prana,Pendidikan,45322446,8868465,Terdaftar,1
28829174,UD. Vino Jaya,Pendidikan,4142159,6882361,Terdaftar,1
28829175,UD. Heri Anugerah,Jasa,17946153,,Terdaftar,1
28829176,UD. Pasha Tirtayasa,Jasa,31650576,3646499,Belum Terdaftar,0
28829177,UD. Eddy Alam,Pendidikan,4826714,6774497,Belum Terdaftar,0
28829178,UD. Ujang Pusaka,Kesehatan,8893550,6656534,Terdaftar,1
28829179,UD. Qisha Permai,Jasa,15750873,4938003,Belum Terdaftar,0
28829180,UD. Damar Luhur,Kesehatan,20761512,4211564,Terdaftar,1
28829181,UD. Xenia Berkarya,Perdagangan,19597514,9954281,Belum Terdaftar,0
28829182,UD. Wulan Jaya,Pendidikan,36902986,8406384,Belum Terdaftar,0
28829183,UD. Khalid Mandala,Jasa,11168838,4656022,Terdaftar,1
28829184,UD. Uchie Jayengpati,Jasa,48189531,6444532,Terdaftar,1
28829185,UD. Mika Sahaja Baim,Kesehatan,33197597,8625808,Terdaftar,1
28829186,UD. Olivia Lintang Uli,Pendidikan,10452605,9514378,Terdaftar,1
28829187,UD. Fikra Sumirat Diva,Perdagangan,4378851,9792424,Belum Terdaftar,0
28829188,UD. Jay Kusumah Vita,Kesehatan,7875762,8273278,Belum Terdaftar,0
28829189,UD. Zahra Maju,Kesehatan,34559624,1060226,Belum Terdaftar,0
28829190,UD. Qira Agastya,Jasa,14842530,5190825,Belum Terdaftar,0
28829191,UD. Lukita Nirwana,Jasa,18130174,8151375,Terdaftar,1
28829192,UD. Satria Pelangi,Pendidikan,30906226,1884846,Terdaftar,1
28829193,UD. Oki Sangkala,Kesehatan,29742860,9304665,Terdaftar,1
28829194,UD. Utami Wiyata Yessi,Perdagangan,34062703,5779909,Belum Terdaftar,0
28829195,UD. Desi Jatiwangi,Perdagangan,13524099,3244800,Belum Terdaftar,0
28829196,UD. Eren Bijaksana,Kesehatan,16799673,4568208,Terdaftar,1
28829197,UD. Najwa Makmur,Kesehatan,9534553,unknown,Belum Terdaftar,0
28829198,UD. Echa Bijaksana,Kesehatan,42516482,5387226,Belum Terdaftar,0
28829199,UD. Wenda Setia,Pendidikan,19060017,3869150,Terdaftar,1
28829200,UD. Baim Atma,Perdagangan,16612852,7051389,Belum Terdaftar,0
28829201,UD. Rosa Abdi Poppy,Perdagangan,23111146,3476515,Terdaftar,1
28829202,UD. Budi Nusa,Jasa,4661456,826314,Belum Terdaftar,0
28829203,UD. Yuli Jayengpati,Perdagangan,25455787,7679964,Belum Terdaftar,0
28829204,UD. Nina Prima,Kesehatan,10010723,2576501,Belum Terdaftar,0
28829205,UD. Lutfi Surya,Kesehatan,1633287,2253904,Belum Terdaftar,0
28829206,UD. Salsa Mandiri,Kesehatan,22518112,9464031,Terdaftar,1
28829207,UD. Yola Kusuma,Perdagangan,32985113,4231420,Belum Terdaftar,0
28829208,UD. Yani Adiwarna,Perdagangan,23690654,9972656,Terdaftar,1
28829209,UD. Lidya Putra,Pendidikan,25897418,2446849,Belum Terdaftar,0
28829210,UD. Rangga Damai,Pendidikan,30721854,9874846,Belum Terdaftar,0
28829211,UD. Ciko Mega,Kesehatan,35962076,5526433,Belum Terdaftar,0
28829212,UD. Haidar Anindita,Pendidikan,29433317,3051549,Belum Terdaftar,0
28829213,UD. Joko Resaputra Syifa,Jasa,43148196,5518026,Terdaftar,1
28829214,UD. Eni Naraya Riko,Kesehatan,31411022,8976048,,0
28829215,UD. Mario Sukma Qori,Jasa,43417906,594643,Terdaftar,1
28829216,UD. Fikri Gunawan Zidan,Jasa,19492093,1315512,Terdaftar,1
28829217,UD. Dani Surya,Kesehatan,42478200,2048607,Terdaftar,1
28829218,UD. Fikra Gandewa,Perdagangan,37758143,9830078,Terdaftar,1
28829219,UD. Lina Winata,Kesehatan,44891270,912573,Belum Terdaftar,0
28829220,UD. Eddy Sentosa,Jasa,7983161,838288,Terdaftar,1
28829221,UD. Deni Baswara Veronika,Pendidikan,40556892,1883845,Terdaftar,1
28829222,UD. Bayu Adhi,Pendidikan,19408864,5737356,Terdaftar,1
28829223,UD. Wulan Tejakencana,Jasa,11746610,3125147,Terdaftar,1
28829224,UD. Reza Satriya,Pendidikan,24330357,7524212,Terdaftar,1
28829225,UD. Guntur Kulon,Kesehatan,43228431,6002423,Terdaftar,1
28829226,UD. Lukman Satria,Pendidikan,2134589,6319489,Terdaftar,1
28829227,UD. Pipit Atma,Kesehatan,29918625,9183419,Belum Terdaftar,0
28829228,UD. Pasha Indah,Pendidikan,25709611,7995027,Belum Terdaftar,0
28829229,UD. Elok Mandala,Jasa,4456648,3808516,Belum Terdaftar,0
28829230,UD. Alif Adyatma,Jasa,15439472,9258423,Belum Terdaftar,0
28829231,UD. Wito Satria Diyan,Jasa,33330566,7598268,Belum Terdaftar,0
28829232,UD. Kirana Kencana,Jasa,15601037,1931398,Belum Terdaftar,0
28829233,UD. Priska Dharma,Pendidikan,20411293,1163511,Belum Terdaftar,0
28829234,UD. Jodi Mulyo,Pendidikan,13639063,8410416,Belum Terdaftar,0
28829235,UD. Qanitah Brawijaya,Perdagangan,4694002,5883237,Terdaftar,1
28829236,UD. Viera Suryaputra,Pendidikan,20732359,4616991,Terdaftar,1
28829237,UD. Kiki Wirawati,Perdagangan,25685878,2727007,Terdaftar,1
28829238,UD. Agus Tirta,Jasa,4226304,2669705,Terdaftar,1
28829239,UD. Kinan Jayaningrat,Perdagangan,17789985,3592324,Terdaftar,1
28829240,UD. Widya Sundawa,Kesehatan,16293534,1404595,Terdaftar,1
28829241,UD. Qila Wening,Perdagangan,23664142,4771233,Terdaftar,1
28829242,UD. Qasya Trisakti,Jasa,42337358,3920209,Belum Terdaftar,0
28829243,UD. Dewi Tirta Ayesha,Perdagangan,15914593,5918841,Terdaftar,1
28829244,UD. Jordi Sentosa,Jasa,41661572,9073072,Terdaftar,1
28829245,UD. Celsi Kencana,Pendidikan,43899189,9204905,Terdaftar,1
28829246,UD. Yusuf Paningrat,Perdagangan,3120917,2463458,Belum Terdaftar,0
28829247,UD. Hesti Wetan,Jasa,48444982,2138569,Belum Terdaftar,0
28829248,UD. Nindy Ceria Lukita,Pendidikan,36314699,8549901,Belum Terdaftar,0
28829249,UD. Taufan Galang,Jasa,30953708,6327022,Terdaftar,1
28829250,UD. Hasna Abdi,Jasa,33658078,4630191,Terdaftar,1
28829251,UD. Nazar Gemilang,Jasa,26710389,6362565,Belum Terdaftar,0
28829252,UD. Alya Karya,Kesehatan,21477660,6185667,Terdaftar,1
28829253,UD. Dora Jatiwangi,Kesehatan,32862933,6365868,Belum Terdaftar,0
28829254,UD. Gerry Adiwarna,Pendidikan,7563055,2463674,Terdaftar,1
28829255,UD. Riko Utama,Perdagangan,37543559,8125991,Terdaftar,1
28829256,UD. Viani Purnama,Kesehatan,9253631,4068330,Terdaftar,1
28829257,UD. Umar Sukma,Jasa,38921595,2251172,Terdaftar,1
28829258,UD. Lina Berkarya Ida,Kesehatan,10568539,9271204,Terdaftar,1
28829259,UD. Vita Sundawa,Perdagangan,19403220,2005105,Belum Terdaftar,0
28829260,UD. Vincent Wijaya,Jasa,29581322,3637839,Belum Terdaftar,0
28829261,UD. Zulfa Widhi,Kesehatan,45510538,9689110,Terdaftar,1
28829262,UD. Najwa Sakti,Perdagangan,10115094,7499801,Terdaftar,1
28829263,UD. Ciko Lingga,Kesehatan,48485161,9822226,Terdaftar,1
28829264,UD. Iman Senopati,Pendidikan,2220940,9421367,Terdaftar,1
28829265,UD. Teguh Mayang,Pendidikan,33657450,5452264,Belum Terdaftar,0
28829266,UD. Utha Sukadarma,Jasa,24307674,8303370,Terdaftar,1
28829267,UD. Irma Dewangga,Kesehatan,13485398,8153069,Belum Terdaftar,0
28829268,UD. Taufik Senopati Lintang,Jasa,30648992,602697,Terdaftar,1
28829269,UD. Vino Adiwarna Widi,Pendidikan,27358132,4244191,Belum Terdaftar,0
28829270,UD. Intan Anugerah,Perdagangan,19412121,948708,Belum Terdaftar,0
28829271,UD. Zulfa Ananta,Kesehatan,5442346,1206425,Terdaftar,1
28829272,UD. Ghani Puri,Kesehatan,46607008,unknown,Belum Terdaftar,0
28829273,UD. Zulkarnaen Langit,Jasa,44347727,6996076,Terdaftar,1
28829274,UD. Barokah Asmaralaya,Kesehatan,4271594,6964338,Terdaftar,1
28829275,UD. Kirana Paseban,Jasa,42158907,3190840,Belum Terdaftar,0
28829276,UD. Nara Ananta,Perdagangan,26672047,8847846,Terdaftar,1
28829277,UD. Agus Wiraatmaja,Makanan & Minuman,24187496,1899607,Terdaftar,1
28829278,UD. Rafif Asa,Jasa,47220587,6976058,Belum Terdaftar,0
28829279,UD. Opik Karang,Perdagangan,15923699,3586311,Belum Terdaftar,0
28829280,UD. Ismail Surapati,Pendidikan,9934160,8362002,Terdaftar,1
28829281,UD. Yayan Pramana,Perdagangan,16235379,5244342,Terdaftar,1
28829282,UD. Fadli Mahendra,Pendidikan,44937792,2869528,Terdaftar,1
28829283,UD. Qamar Manik,Pendidikan,34319004,797507,Belum Terdaftar,0
28829284,UD. Gerry Baru,Jasa,34620248,2891292,Belum Terdaftar,0
28829285,UD. Taufik Malam Qyla,Pendidikan,37130309,2343913,Terdaftar,1
28829286,UD. Ulya Terang,Kesehatan,26956839,2644671,Belum Terdaftar,0
28829287,UD. Thariq Wacana,Perdagangan,11943285,1886734,Belum Terdaftar,0
28829288,UD. Sari Hastinapura Icha,Jasa,13469522,8911519,Belum Terdaftar,0
28829289,UD. Satria Tirta,Jasa,48366071,9343670,Terdaftar,1
28829290,UD. Fikra Sidarta Mirna,Pendidikan,10541556,8658375,Belum Terdaftar,0
28829291,UD. Gracia Kelana,Kesehatan,27170270,7489231,,0
28829292,UD. Nando Siang,Jasa,23782438,5226679,Terdaftar,1
28829293,UD. Priska Sarwono,Perdagangan,41582246,5302260,Belum Terdaftar,0
28829294,UD. Qisya Praja,Kesehatan,3237842,4298694,Terdaftar,1
28829295,UD. Citra Maju Raka,Pendidikan,34548517,6651463,Belum Terdaftar,0
28829296,UD. Arman Cendana,Kesehatan,45690636,3635772,Terdaftar,1
28829297,UD. Yoga Cinta Vidi,Jasa,17852344,4057676,Terdaftar,1
28829298,UD. Binar Asri,Perdagangan,45341817,3267450,Terdaftar,1
28829299,UD. Echa Prawira,Jasa,31843216,3641116,Belum Terdaftar,0
28829300,UD. Syana Nirmala,Pendidikan,21167583,3247891,Belum Terdaftar,0
28829301,UD. Kamil Sulaksana,Kesehatan,3527841,9665649,Belum Terdaftar,0
28829302,UD. Bagas Panji,Perdagangan,13577515,5866854,Belum Terdaftar,0
28829303,UD. Nazar Elok,Kesehatan,17378971,7018777,Belum Terdaftar,0
28829304,UD. Karim Makmur,Perdagangan,12485434,9431681,Terdaftar,1
28829305,UD. Anisa Bima,Perdagangan,32505909,6890400,Belum Terdaftar,0
28829306,UD. Cinta Abdi Via,Kesehatan,4167588,7328664,Belum Terdaftar,0
28829307,UD. Bambang Paningrat,Perdagangan,40127255,7748053,Terdaftar,1
28829308,UD. Pipit Wiratama,Pendidikan,22344079,4376966,Terdaftar,1
28829309,UD. Ojan Malam,Jasa,14356748,7738035,Terdaftar,1
28829310,UD. Bulan Saputrautama,Pendidikan,47050438,4541892,Belum Terdaftar,0
28829311,UD. Kiki Pancasila,Pendidikan,17716843,8537946,Belum Terdaftar,0
28829312,UD. Uchie Hilir,Jasa,25901261,5717323,Belum Terdaftar,0
28829313,UD. Hanaura Sangkala,Pendidikan,12659315,8730027,Terdaftar,1
28829314,UD. Krisna Maju,Jasa,37280168,3443224,Terdaftar,1
28829315,UD. Prananda Saputranegara,Jasa,12205322,3167038,Belum Terdaftar,0
28829316,UD. Hilmiyah Satya,Kesehatan,15718879,1676081,Terdaftar,1
28829317,UD. Elva Praja,Pendidikan,18384275,8148858,Terdaftar,1
28829318,UD. Rangga Tri,Kesehatan,31330040,9209086,Terdaftar,1
28829319,UD. Qayla Bratadikara,Perdagangan,42803827,6782095,Belum Terdaftar,0
28829320,UD. Gusti Harmoni,Kesehatan,13245921,9239664,Belum Terdaftar,0
28829321,UD. Valen Arsana,Jasa,41122606,3213246,Terdaftar,1
28829322,UD. Eren Nawasena,Perdagangan,26768561,1955134,Belum Terdaftar,0
28829323,UD. Khalid Jayabaya,Perdagangan,14117116,4953049,Terdaftar,1
28829324,UD. Tari Saputranegara,Jasa,20366973,5070086,Belum Terdaftar,0
28829325,UD. Andi Panuluh Pio,Kesehatan,6763829,3111028,Belum Terdaftar,0
28829326,UD. Tegar Permai Salsa,Kesehatan,35980822,1462950,Terdaftar,1
28829327,UD. Wahyu Nawasena,Kesehatan,8058396,4188671,Belum Terdaftar,0
28829328,UD. Via Ratu,Perdagangan,16456102,3663638,Belum Terdaftar,0
28829329,UD. Chiko Putri,Kesehatan,28166878,8216619,Belum Terdaftar,0
28829330,UD. Bambang Manunggal,Perdagangan,3218396,5260534,Belum Terdaftar,0
28829331,UD. Uci Jayabaya,Jasa,28791646,3616586,Terdaftar,1
28829332,UD. Zaki Terang,Jasa,37904738,1231644,Terdaftar,1
28829333,UD. Ilham Mulya,Perdagangan,42247721,8800592,Terdaftar,1
28829334,UD. Mira Persada,Kesehatan,46091128,2778183,Terdaftar,1
28829335,UD. Ulil Galang,Perdagangan,14729448,9619647,Terdaftar,1
28829336,UD. Cici Lempung,Pendidikan,24912474,4018142,Belum Terdaftar,0
28829337,UD. Balqis Ranggalawe,Perdagangan,43280413,8593413,Terdaftar,1
28829338,UD. Mega Puri,Jasa,13541859,3864307,Terdaftar,1
28829339,UD. Zidanar Bagaskara Nando,Kesehatan,33597357,,Terdaftar,1
28829340,UD. Pandu Wirajaya,Jasa,41982935,1757192,Terdaftar,1
28829341,UD. Yessi Manggala,Pendidikan,6990737,6576654,Terdaftar,1
28829342,UD. Mario Sanjaya,Kesehatan,1356759,2759869,Belum Terdaftar,0
28829343,UD. Yasir Prana,Kesehatan,40808991,8136413,Terdaftar,1
28829344,UD. Guntur Rejo,Pendidikan,12927195,1804746,Belum Terdaftar,0
28829345,UD. Utami Bima,Kesehatan,12948290,4414261,Belum Terdaftar,0
28829346,UD. Yasir Brata,Jasa,16200612,1594378,Belum Terdaftar,0
28829347,UD. Romi Adiwarna,Jasa,45158367,1110576,Terdaftar,1
28829348,UD. Nando Tirtaatmaja,Perdagangan,42364533,8698038,Belum Terdaftar,0
28829349,UD. Weni Karya,Jasa,8759269,7710008,Terdaftar,1
28829350,UD. Aqila Sentosa,Jasa,9322270,4131941,Terdaftar,1
28829351,UD. Lea Kelana,Jasa,47420708,2380612,Terdaftar,1
28829352,UD. Farid Bijaksana Berlian,Perdagangan,27351252,1275522,Belum Terdaftar,0
28829353,UD. Zulfa Satria,Kesehatan,29253933,8167525,Terdaftar,1
28829354,UD. Khayla Wiratama,Jasa,37742696,7059440,Terdaftar,1
28829355,UD. Qomar Ratu Nando,Perdagangan,34225449,6575850,Terdaftar,1
28829356,UD. Halimah Permai,Jasa,29767763,8366539,Terdaftar,1
28829357,UD. Owen Bahari Poppy,Jasa,32570165,5642800,Terdaftar,1
28829358,UD. Pasha Kawiswara,Perdagangan,12157194,6123013,Belum Terdaftar,0
28829359,UD. Yani Sari Koko,Jasa,16033274,3602132,Terdaftar,1
28829360,UD. Yuli Galang,Jasa,28730102,8900146,Terdaftar,1
28829361,UD. Aqila Adyatma,Jasa,6250683,6026357,Belum Terdaftar,0
28829362,UD. Damar Jatiwangi,Perdagangan,46564173,,Belum Terdaftar,0
28829363,UD. Qiana Bima,Pendidikan,27809132,1907996,Belum Terdaftar,0
28829364,UD. Tomi Ceria,Jasa,12264620,5829977,Belum Terdaftar,0
28829365,UD. Livia Pancasila Leni,Perdagangan,16258811,9019577,Terdaftar,1
28829366,UD. Wawan Sejahtera,Jasa,14076981,9665209,Belum Terdaftar,0
28829367,UD. Verdi Dwijaputra,Pendidikan,10354632,7908046,Belum Terdaftar,0
28829368,UD. Utha Elok,Pendidikan,7512053,8214779,Terdaftar,1
28829369,UD. Fikri Trisudira,Pendidikan,28804485,6355282,Belum Terdaftar,0
28829370,UD. Qisha Sari,Pendidikan,33863229,9915653,Belum Terdaftar,0
28829371,UD. Prita Langit,Pendidikan,1950067,3362541,Terdaftar,1
28829372,UD. Andi Surya,Jasa,19820589,4428636,Belum Terdaftar,0
28829373,UD. Raka Madusari,Kesehatan,45250174,3238634,Belum Terdaftar,0
28829374,UD. Isna Sumirat,Jasa,22235444,6208372,Terdaftar,1
28829375,UD. Prita Ananta,Jasa,24242261,9606709,Belum Terdaftar,0
28829376,UD. Daffa Prima,Kesehatan,35141494,2496228,Terdaftar,1
28829377,UD. Raka Pramudita,Kesehatan,16555184,8009156,Belum Terdaftar,0
28829378,UD. Utha Wicaksana,Kesehatan,2899010,5201980,Terdaftar,1
28829379,UD. Kiki Asih,Jasa,8762177,3933501,Belum Terdaftar,0
28829380,UD. Balqis Saprahan Juli,Pendidikan,26540282,2593887,Terdaftar,1
28829381,UD. Jasmin Wiratama,Kesehatan,7224292,6241390,Terdaftar,1
28829382,UD. Gisel Kinarya,Jasa,28854276,8555086,Terdaftar,1
28829383,UD. Livia Wacana,Perdagangan,47767805,9010171,Terdaftar,1
28829384,UD. Oki Jayeng,,25822224,4884003,Terdaftar,1
28829385,UD. Nisa Putra,Jasa,14771850,9939131,Terdaftar,1
28829386,UD. Agus Utama,Pendidikan,21586597,4111055,Belum Terdaftar,0
28829387,UD. Abel Bangun,Perdagangan,37772130,1059992,Belum Terdaftar,0
28829388,UD. Khalid Artha,Perdagangan,35090542,2529809,Belum Terdaftar,0
28829389,UD. Elyas Wacana,Kesehatan,49060305,3077935,Terdaftar,1
28829390,UD. Hanafi Naraya,Kesehatan,24568018,5141631,Belum Terdaftar,0
28829391,UD. Zara Pancasila,Pendidikan,47012056,2281643,Belum Terdaftar,0
28829392,UD. Chika Nirwasita,Kesehatan,48255981,6411019,Terdaftar,1
28829393,UD. Thariq Tri,Perdagangan,3327672,5214806,Terdaftar,1
28829394,UD. Vega Mandiri,Pendidikan,29909150,7552195,Belum Terdaftar,0
28829395,UD. Nara Kalbu Opik,Kesehatan,37527126,519090,Belum Terdaftar,0
28829396,UD. Silvi Putri,Jasa,6144441,4561329,Belum Terdaftar,0
28829397,UD. Haidar Galang,Pendidikan,5849266,9806841,Terdaftar,1
28829398,UD. Ilmi Kusumajati,Perdagangan,6308877,1165546,Belum Terdaftar,0
28829399,UD. Utami Makmur,Jasa,22229210,9585917,Belum Terdaftar,0
28829400,UD. Celsi Putra,Kesehatan,10942690,9275607,Belum Terdaftar,0
28829401,UD. Tariq Hastinapura,Perdagangan,29781132,1466666,Terdaftar,1
28829402,UD. Udin Jayawarsa,Jasa,12852726,8698570,Belum Terdaftar,0
28829403,UD. Suci Sumirat,Kesehatan,26457955,2440308,Terdaftar,1
28829404,UD. Guntur Utamaindah,Jasa,14701847,4305222,Terdaftar,1
28829405,UD. Farhan Sundawa,Kesehatan,9285040,6013806,Belum Terdaftar,0
28829406,UD. Santi Gandewa,Kesehatan,,8713464,Belum Terdaftar,0
28829407,UD. Hanafi Malam Viera,Kesehatan,17881800,2076087,Terdaftar,1
28829408,UD. Wahyu Sakti Bayu,Jasa,10481585,3560730,Terdaftar,1
28829409,UD. Gema Senja,Kesehatan,32678484,8262795,Terdaftar,1
28829410,UD. Salwa Maju,Jasa,9440129,unknown,Belum Terdaftar,0
28829411,UD. Elva Maheswara Pipit,Perdagangan,40383672,760791,Belum Terdaftar,0
28829412,UD. Melati Sangga,Kesehatan,17608728,1463156,Terdaftar,1
28829413,UD. Ida Utama Qyla,Jasa,49392896,9254840,Terdaftar,1
28829414,UD. Koko Kusuma Yumna,Perdagangan,29264906,7396177,Terdaftar,1
28829415,UD. Zidan Radhitya,Pendidikan,42921238,6662995,Belum Terdaftar,0
28829416,UD. Jojo Jayaningrat,Jasa,17904846,2824741,Terdaftar,1
28829417,UD. Lukita Jagadmaya,Pendidikan,3181786,8978421,Terdaftar,1
28829418,UD. Desi Jayengpati,Pendidikan,17525613,4827029,Terdaftar,1
28829419,UD. Fikri Sukarela,Perdagangan,31533088,8806976,Belum Terdaftar,0
28829420,UD. Damaris Dharma,Pendidikan,44968199,6782064,Belum Terdaftar,0
28829421,UD. Fauzan Gemilang,Perdagangan,24906322,813739,Terdaftar,1
28829422,UD. Dito Jati,Kesehatan,8498329,8874269,Belum Terdaftar,0
28829423,UD. Putra Sumringah,Pendidikan,20965476,9253438,Terdaftar,1
28829424,UD. Harun Luhur,Pendidikan,19568889,1485633,Terdaftar,1
28829425,UD. Jordi Paseban Lidya,Kesehatan,8955894,4364086,Terdaftar,1
28829426,UD. Tegar Binasena Arman,Jasa,35781492,4640612,Terdaftar,1
28829427,UD. Yumna Resaputra Qisya,Jasa,10711746,7902023,Terdaftar,1
28829428,UD. Anis Jagadmaya,Jasa,25119383,4718234,Belum Terdaftar,0
28829429,UD. Candra Saputranegara,Jasa,29538941,6231723,Belum Terdaftar,0
28829430,UD. Tegar Sukarela,Jasa,29848166,876678,Belum Terdaftar,0
28829431,UD. Salsa Elok,Kesehatan,47050977,5206601,Belum Terdaftar,0
28829432,UD. Tegar Suci,Kesehatan,11810416,8980013,Terdaftar,1
28829433,UD. Cahya Wirawati,Perdagangan,unknown,8590442,Belum Terdaftar,0
28829434,UD. Icha Gemilang Yessi,Perdagangan,40379337,1862619,Belum Terdaftar,0
28829435,UD. Udin Luhur,Pendidikan,28541855,4560786,Belum Terdaftar,0
28829436,UD. Wira Abdi,Perdagangan,20471169,3069817,Terdaftar,1
28829437,UD. Gema Anugerah,Kesehatan,9815575,1019681,Terdaftar,1
28829438,UD. Viani Mega,Jasa,7934338,9407166,Terdaftar,1
28829439,UD. Marsel Asri,Perdagangan,,2106690,Terdaftar,1
28829440,UD. Fitri Buana,Pendidikan,13381643,2618276,Terdaftar,1
28829441,UD. Elva Ananta,Pendidikan,26815977,unknown,Belum Terdaftar,0
28829442,UD. Vincent Saprahan,Jasa,7038627,5577595,Belum Terdaftar,0
28829443,UD. Pasha Lingga,Kesehatan,21653530,9905811,Belum Terdaftar,0
28829444,UD. Eni Asmaralaya,Pendidikan,29721664,6065351,Terdaftar,1
28829445,UD. Budi Anugerah,Pendidikan,43700461,6124153,Belum Terdaftar,0
28829446,UD. Ziva Wijaya,Jasa,37311715,5391991,Terdaftar,1
28829447,UD. Erni Manggala,Kesehatan,34359839,6528747,Terdaftar,1
28829448,UD. Erlangga Satria Zidan,Kesehatan,18849306,4213233,Belum Terdaftar,0
28829449,UD. Syana Satria Vidi,Jasa,27310523,7481238,Belum Terdaftar,0
28829450,UD. Alif Praja Sani,Perdagangan,3595499,4623597,Terdaftar,1
28829451,UD. Elok Ceria,Jasa,22390878,7106672,,0
28829452,UD. Jasmine Winata,Pendidikan,36803833,6787019,Belum Terdaftar,0
28829453,UD. Thariq Ilir,Perdagangan,8336927,6017224,Terdaftar,1
28829454,UD. Tania Widhi,Jasa,48643135,8727343,Belum Terdaftar,0
28829455,UD. Mirna Wisnu,Perdagangan,12863092,6482611,Belum Terdaftar,0
28829456,UD. Irma Naraya,Jasa,32136216,5633683,Belum Terdaftar,0
28829457,UD. Cakra Setia Krisna,Perdagangan,36841638,9889352,Belum Terdaftar,0
28829458,UD. Vega Jayaningrat,Perdagangan,26931960,4302496,Belum Terdaftar,0
28829459,UD. Damaris Wisnu,Pendidikan,7541512,7740207,Terdaftar,1
28829460,UD. Sekar Cempaka,Perdagangan,2231095,3501731,Terdaftar,1
28829461,UD. Elyas Kusumah Uci,Jasa,18917361,8189525,Terdaftar,1
28829462,UD. Wira Mandala,Pendidikan,26778948,4735231,Terdaftar,1
28829463,UD. Zidan Madya,Jasa,41237087,3595580,Belum Terdaftar,0
28829464,UD. Nindy Kusumatmaja,Kesehatan,31232197,3128247,Terdaftar,1
28829465,UD. Carissa Wijapranata,Kesehatan,32517124,9278536,Terdaftar,1
28829466,UD. Daffa Baswara,Perdagangan,32647225,4198487,Belum Terdaftar,0
,UD. Miko Wacana,Perdagangan,8899516,6629933,Terdaftar,1
28829468,UD. Qomar Mahkota,Jasa,32532891,9187540,Belum Terdaftar,0
,UD. Galang Kencana Gisel,Pendidikan,47926780,1435594,Belum Terdaftar,0
28829470,UD. Vega Baskara,Jasa,22822857,5694880,Terdaftar,1
28829471,UD. Wira Sundawa,Perdagangan,47088508,9827477,Terdaftar,1
28829472,UD. Carissa Setia,Perdagangan,49976530,6777472,Belum Terdaftar,0
28829473,UD. Koko Wangi,Pendidikan,19333315,7783327,Terdaftar,1
28829474,UD. Candra Anggrek,Pendidikan,32031967,9423283,Belum Terdaftar,0
28829475,UD. Melati Panuluh,Kesehatan,40235411,2948462,Terdaftar,1
28829476,UD. Tania Maheswara,Perdagangan,12679021,9053691,Belum Terdaftar,0
28829477,UD. Dea Sumirat Celsi,Jasa,18429053,2388372,Belum Terdaftar,0
28829478,UD. Panji Senja,Kesehatan,45243803,2321173,Belum Terdaftar,0
28829479,UD. Wesly Saputra,Jasa,39811644,9815918,Terdaftar,1
28829480,UD. Hanaura Utama,Pendidikan,4620731,1155155,Terdaftar,1
28829481,UD. Dina Gandewa,Pendidikan,22068502,1278787,Belum Terdaftar,0
28829482,UD. Lutfi Karya,Jasa,25572695,1542020,Belum Terdaftar,0
28829483,UD. Uli Resmi,Perdagangan,14672001,7165064,Belum Terdaftar,0
28829484,UD. Zera Maheswara,Kesehatan,40502576,7777104,Terdaftar,1
28829485,UD. Dea Utama Damar,Perdagangan,16197791,3362680,Terdaftar,1
28829486,UD. Wawan Madya,Kesehatan,13184111,9690810,Terdaftar,1
28829487,UD. Hilmi Bangun,Kesehatan,12081645,9588945,Belum Terdaftar,0
,UD. Irma Arsana Pasha,Kesehatan,1090671,9176820,Terdaftar,1
28829489,UD. Qory Bintang Oniel,Kesehatan,3046781,7392970,Terdaftar,1
28829490,UD. Alif Sanjaya Fahmi,Pendidikan,30984989,9507429,Terdaftar,1
28829491,UD. Melati Wiratama Pandu,Jasa,7751898,6154536,Belum Terdaftar,0
28829492,UD. Jojo Surapati,Jasa,41521277,,Terdaftar,1
28829493,UD. Vincent Setia,Kesehatan,9120700,7542138,Terdaftar,1
28829494,UD. Ucup Citra,,26953613,8448573,Belum Terdaftar,0
28829495,UD. Fatiah Ilir,Jasa,18194291,2771647,Terdaftar,1
28829496,UD. Taufan Sahaja,Jasa,23560768,4561059,Belum Terdaftar,0
28829497,UD. Poppy Pagi,Jasa,27975153,9329883,Terdaftar,1
28829498,UD. Zulfa Prawira,Pendidikan,36293735,2999510,Terdaftar,1
,UD. Dina Swargaloka,Pendidikan,16385159,5722383,Belum Terdaftar,0
28829500,UD. Utha Nusa,Pendidikan,40414784,760389,Belum Terdaftar,0
28829501,UD. Bayu Senja,Jasa,43203725,7088755,Terdaftar,1
28829502,UD. Nando Resmi,Kesehatan,1809450,2276434,Belum Terdaftar,0
28829503,UD. Nazar Bijaksana,Pendidikan,12164139,1204697,Belum Terdaftar,0
28829504,UD. Fanny Sundawa,Pendidikan,42339596,6631224,Terdaftar,1
28829505,UD. Fanny Reswara,Jasa,1099229,9938065,Belum Terdaftar,0
28829506,UD. Prananda Panuluh,Perdagangan,28956034,3171367,Belum Terdaftar,0
28829507,UD. Riyan Berkarya,Pendidikan,28766262,8229953,Terdaftar,1
28829508,UD. Wahyu Wisnu Yoga,Jasa,37961813,2233269,Belum Terdaftar,0
28829509,UD. Ulya Tirta,Perdagangan,9408866,3895773,Belum Terdaftar,0
28829510,UD. Alma Kusumajati,Perdagangan,37137341,7628647,Terdaftar,1
28829511,UD. Fajar Resaputra,Perdagangan,23025101,8791400,Belum Terdaftar,0
28829512,UD. Ilham Jaya,Kesehatan,43216679,769173,Belum Terdaftar,0
28829513,UD. Dewi Mandala,Jasa,33482860,1795048,Belum Terdaftar,0
28829514,UD. Dani Buana,Perdagangan,24033685,737598,Terdaftar,1
28829515,UD. Rian Maheswara,Pendidikan,16671584,1764929,Terdaftar,1
28829516,UD. Fani Lestari,Jasa,40320971,2264429,Terdaftar,1
28829517,UD. Bela Sarwono,Kesehatan,9430487,3250215,Belum Terdaftar,0
28829518,UD. Kurnia Swargaloka,Kesehatan,24025348,2279682,Terdaftar,1
28829519,UD. Ulil Praja Reza,Perdagangan,38876616,6015989,Terdaftar,1
28829520,UD. Lintang Sulaksana,Pendidikan,9305793,3961490,Belum Terdaftar,0
28829521,UD. Olla Cerah,Jasa,2735994,2010981,Terdaftar,1
28829522,UD. Kinan Jaladara,Jasa,35988894,9815188,Belum Terdaftar,0
28829523,UD. Poppy Madya,Pendidikan,23574829,6705062,Terdaftar,1
28829524,UD. Vincent Gandewa,Kesehatan,12955932,7569535,Terdaftar,1
28829525,UD. Halimah Nusa Yuli,Jasa,2309173,4232515,Terdaftar,1
28829526,UD. Budi Rejo,Jasa,31887907,9157213,Belum Terdaftar,0
28829527,UD. Rian Tunggal,Perdagangan,11306358,6831442,Belum Terdaftar,0
28829528,UD. Yasir Mayang,Jasa,12051869,2711806,Terdaftar,1
28829529,UD. Jordi Paningrat,Pendidikan,44141269,3914302,Terdaftar,1
28829530,UD. Salsa Kusen,Perdagangan,38189494,1782697,Terdaftar,1
28829531,UD. Verdi Tunggul,Kesehatan,42606868,3421762,Belum Terdaftar,0
28829532,UD. Ucup Berkarya,Perdagangan,46468043,9046144,Belum Terdaftar,0
28829533,UD. Kurnia Adikara,Kesehatan,46219526,4637831,Terdaftar,1
28829534,UD. Lintang Mandiri,Perdagangan,4420376,7208193,Belum Terdaftar,0
28829535,UD. Poppy Cinta,Kesehatan,4026823,648961,Belum Terdaftar,0
28829536,UD. Carissa Tirtayasa,Perdagangan,29860896,6939136,Belum Terdaftar,0
28829537,UD. Muthia Abadi,Pendidikan,35652327,5982020,Terdaftar,1
28829538,UD. Irma Manik,Kesehatan,39706866,5927934,Terdaftar,1
28829539,UD. Karim Kinarya,Perdagangan,48302892,561662,Belum Terdaftar,0
28829540,UD. Amir Utamaindah,Perdagangan,28514069,5398045,Terdaftar,1
28829541,UD. Lidya Bangun,Jasa,28356280,796613,Terdaftar,1
28829542,UD. Pandu Wijaksana,Kesehatan,15888108,1415575,Terdaftar,1
28829543,UD. Sella Baskara,Jasa,4440615,3064233,Terdaftar,1
28829544,UD. Alif Nirwasita,Pendidikan,,5335655,Belum Terdaftar,0
28829545,UD. Vera Sejahtera,Jasa,30088997,2804877,Belum Terdaftar,0
28829546,UD. Teguh Bintang,Perdagangan,4101653,,Belum Terdaftar,0
28829547,UD. Salwa Kencana,Jasa,17352840,1553266,Belum Terdaftar,0
28829548,UD. Carissa Radhitya,Jasa,18747667,4846395,Belum Terdaftar,0
28829549,UD. Ucup Cempaka,Kesehatan,36264575,2628983,Belum Terdaftar,0
28829550,UD. Ghani Prima,Perdagangan,15913138,5906068,Terdaftar,1
28829551,UD. Jibril Utama Qayla,Kesehatan,21032157,6276897,Terdaftar,1
28829552,UD. Thariq Nirwana Weni,Pendidikan,14844275,3275121,Terdaftar,1
28829553,UD. Aldo Wening,Perdagangan,5817461,5014189,Belum Terdaftar,0
28829554,UD. Gerry Maheswara,Jasa,2280824,2064663,Belum Terdaftar,0
28829555,UD. Obed Cinta,Jasa,13032529,3951679,Terdaftar,1
28829556,UD. Hanafi Kinarya,Pendidikan,14538840,4727252,Terdaftar,1
28829557,UD. Hanafi Satya,Perdagangan,4504915,4658454,Belum Terdaftar,0
28829558,UD. Mila Lingga,Kesehatan,16842983,7330639,Terdaftar,1
28829559,UD. Mika Madya,Jasa,1225761,2557351,Terdaftar,1
28829560,UD. Prita Persada Delia,Jasa,,4301290,Belum Terdaftar,0
28829561,UD. Putri Cendana,Perdagangan,14518425,8746031,Belum Terdaftar,0
28829562,UD. Yaniar Artha,Pendidikan,38996630,6485761,Terdaftar,1
28829563,UD. Hasna Hilir,Kesehatan,23420976,7633470,Terdaftar,1
28829564,UD. Odie Nirbayu,Pendidikan,49172457,566656,Terdaftar,1
28829565,UD. Mega Bintang,Jasa,3083544,7299353,Belum Terdaftar,0
28829566,UD. Pipit Baskara,Pendidikan,7912793,6955389,Belum Terdaftar,0
28829567,UD. Dora Radhitya,Pendidikan,26353756,3409199,Terdaftar,1
28829568,UD. Satria Wira,Jasa,27782572,1636075,Terdaftar,1
28829569,UD. Yessi Nirwasita,Perdagangan,,1862362,Belum Terdaftar,0
28829570,UD. Umi Indah,Jasa,45763098,8978740,Belum Terdaftar,0
28829571,UD. Taufik Harapan,Pendidikan,26961972,2178516,Belum Terdaftar,0
28829572,UD. Qisya Resaputra,Jasa,3078826,2400004,Belum Terdaftar,0
28829573,UD. Baim Prana Tania,Perdagangan,6520329,5142638,,0
28829574,UD. Fanny Jayengprana,Kesehatan,42649835,7551957,Belum Terdaftar,0
28829575,UD. Rafif Mayang,Pendidikan,9587681,2122576,Terdaftar,1
28829576,UD. Qamar Madani,Pendidikan,35076792,3419695,Terdaftar,1
28829577,UD. Olla Buana,Kesehatan,1841739,631179,Belum Terdaftar,0
28829578,UD. Wito Wangi,Jasa,17138588,2812215,Terdaftar,1
28829579,UD. Desi Haji,Kesehatan,23553126,4595804,Terdaftar,1
28829580,UD. Teguh Satriya Gusti,Jasa,38203090,4058151,Terdaftar,1
28829581,UD. Marwan Prima,Pendidikan,18262226,3696651,Belum Terdaftar,0
28829582,UD. Kiki Jayabaya,Jasa,38355548,7477052,Belum Terdaftar,0
28829583,UD. Gusti Praja,Jasa,48608300,1616274,Belum Terdaftar,0
28829584,UD. Haidar Kusumasari Jay,Kesehatan,26154916,8529111,Terdaftar,1
28829585,UD. Yana Anggara,Kesehatan,42331567,3496081,Belum Terdaftar,0
28829586,UD. Cici Dharma,Jasa,48088370,9022347,Belum Terdaftar,0
28829587,UD. Berlian Jayawarsa,Kesehatan,13903649,5130088,Terdaftar,1
28829588,UD. Uti Tejakencana Nando,Perdagangan,29188381,7344053,Belum Terdaftar,0
28829589,UD. Qamar Asa,Pendidikan,45367379,8983593,Terdaftar,1
28829590,UD. Halimah Kusen,Kesehatan,1405432,6821555,Belum Terdaftar,0
28829591,UD. Gilang Putra,Perdagangan,34310472,9492346,Terdaftar,1
28829592,UD. Kinan Ceria,Perdagangan,48546358,6640916,Belum Terdaftar,0
28829593,UD. Qamar Tejakusuma,Jasa,24655579,1895813,Belum Terdaftar,0
28829594,UD. Delia Rejo,Pendidikan,21126241,3412521,Belum Terdaftar,0
28829595,UD. Sari Permai,Perdagangan,25232212,2199922,Terdaftar,1
28829596,UD. Dora Bangun,Perdagangan,18950034,3970248,Terdaftar,1
28829597,UD. Maudy Sejahtera Salsa,Kesehatan,5868432,unknown,Belum Terdaftar,0
28829598,UD. Rafi Trisakti,Pendidikan,46679031,2367047,Terdaftar,1
28829599,UD. Vera Berkarya,Pendidikan,29454228,4823275,unknown,0
28829600,UD. Yaniar Jayabaya,Jasa,39234901,824868,Belum Terdaftar,0
28829601,UD. Kanza Nusa,Jasa,14571155,1865698,Belum Terdaftar,0
28829602,UD. Obed Senopati,Pendidikan,21681691,2364855,Belum Terdaftar,0
28829603,UD. Utami Gandewa,Perdagangan,23502590,1719929,Terdaftar,1
28829604,UD. Dina Cinta Yasir,Perdagangan,21423583,2216894,Belum Terdaftar,0
28829605,UD. Ulil Anindita,Jasa,31621996,5168910,Belum Terdaftar,0
,UD. Riyan Tejakusuma,Pendidikan,18646930,976986,Terdaftar,1
28829607,UD. Yusuf Langit,Pendidikan,16950555,5088661,Terdaftar,1
28829608,UD. Citra Tirtayasa,Pendidikan,26463254,2601182,Terdaftar,1
28829609,UD. Owen Ceria,Jasa,22615057,2866837,Belum Terdaftar,0
28829610,UD. Novi Tengah,Pendidikan,12235629,8130660,Belum Terdaftar,0
28829611,UD. Yasir Wijaya,Pendidikan,31120574,6611998,Belum Terdaftar,0
28829612,UD. Dito Malam,Pendidikan,41374756,6585536,Terdaftar,1
28829613,UD. Qanita Harmoni,Pendidikan,46527913,2076361,Belum Terdaftar,0
28829614,UD. Qisya Baru,Perdagangan,35030243,8223515,Terdaftar,1
28829615,UD. Wira Bratadikara,Kesehatan,36365227,7399136,Terdaftar,1
28829616,UD. Ulil Padi,Kesehatan,36240637,5373328,Terdaftar,1
28829617,UD. Vita Jayawarsa,Pendidikan,9090706,9308288,Belum Terdaftar,0
28829618,UD. Ziva Wijapranata,Jasa,8741145,1972510,Terdaftar,1
28829619,UD. Anis Abdi Jihan,Jasa,49730979,8204873,Terdaftar,1
28829620,UD. Ujang Tejakusuma,Kesehatan,31771562,1036955,Terdaftar,1
28829621,UD. Okta Dewangga,Jasa,11674822,2137986,Belum Terdaftar,0
28829622,UD. Wulan Sari,Pendidikan,6892438,7807430,Terdaftar,1
28829623,UD. Yaniar Kusumasari,Perdagangan,17969348,2399817,Terdaftar,1
28829624,UD. Mira Bijaksana,Perdagangan,31013812,5469155,Belum Terdaftar,0
28829625,UD. Prananda Prabawa,Pendidikan,39938595,879064,Terdaftar,1
28829626,UD. Nando Jatinagara,Pendidikan,11361678,2917057,Belum Terdaftar,0
28829627,UD. Mika Mayang,Jasa,13040666,6040616,Belum Terdaftar,0
28829628,UD. Elok Mulyo Tomi,Perdagangan,43493008,5038018,Belum Terdaftar,0
28829629,UD. Zulkarnaen Baskara,Jasa,2290579,2859206,Belum Terdaftar,0
28829630,UD. Joko Nirbayu,Pendidikan,17932463,5133516,Belum Terdaftar,0
28829631,UD. Citra Makmur,Perdagangan,16940730,2420236,Terdaftar,1
28829632,UD. Tama Cempaka,Pendidikan,10681341,3995922,Terdaftar,1
28829633,UD. Zain Jati,Perdagangan,9270747,3767163,Belum Terdaftar,0
28829634,UD. Zidan Jayengpati,Kesehatan,39357884,3262154,Belum Terdaftar,0
28829635,UD. Willy Madya Ciko,Perdagangan,23931577,8761723,Terdaftar,1
28829636,UD. Nadia Persada,Jasa,6922431,7087337,Belum Terdaftar,0
28829637,UD. Khalid Pramudita,Perdagangan,8278925,3320626,Terdaftar,1
28829638,UD. Aqila Widhi,Perdagangan,29943342,2783327,Terdaftar,1
28829639,UD. Via Anggrek,Pendidikan,12880521,5202995,Terdaftar,1
28829640,UD. Syana Adikara Bella,Perdagangan,32628737,7587099,Terdaftar,1
28829641,UD. Marsya Prima,Jasa,31909736,7830618,Belum Terdaftar,0
28829642,UD. Tari Mega,Perdagangan,17322645,8855183,Terdaftar,1
28829643,UD. Suci Sehat,Jasa,43554177,2532876,Terdaftar,1
28829644,UD. Ony Tejakencana,Jasa,8391731,6665864,Terdaftar,1
28829645,UD. Qila Sejahtera,Jasa,11512296,,Terdaftar,1
28829646,UD. Panji Rejo,Perdagangan,16304826,4533589,Terdaftar,1
28829647,UD. Bayu Sidarta,Kesehatan,33633470,6392889,Terdaftar,1
28829648,UD. Opik Satria Nadia,Jasa,30994923,6814172,Terdaftar,1
28829649,UD. Amir Nirmala,Perdagangan,40652893,3169481,Terdaftar,1
28829650,UD. Juni Sakti,Perdagangan,,6768886,Terdaftar,1
28829651,UD. Qisya Asa,Pendidikan,48190182,4619209,Terdaftar,1
28829652,UD. Damar Ranggalawe,Jasa,13035837,,Terdaftar,1
28829653,UD. Rafa Saputranegara,Jasa,28439534,785391,Belum Terdaftar,0
28829654,UD. Wenny Kinarya,Pendidikan,15479397,3487263,Belum Terdaftar,0
28829655,UD. Daffa Putra,Jasa,43410574,2477144,Belum Terdaftar,0
28829656,UD. Pandu Mega,Perdagangan,21122564,2238187,Belum Terdaftar,0
28829657,UD. Raka Agung,Kesehatan,35138865,933007,Terdaftar,1
28829658,UD. Kevin Lingga,Pendidikan,7928485,8164390,Belum Terdaftar,0
28829659,UD. Damar Sakti,unknown,17543586,3179795,Belum Terdaftar,0
28829660,UD. Hanaura Jayengpati,Perdagangan,4008162,1562076,Belum Terdaftar,0
28829661,UD. Anis Radhitya,Pendidikan,44981264,2309430,Belum Terdaftar,0
28829662,UD. Tomi Prawira Vina,Pendidikan,44570772,1090120,Terdaftar,1
28829663,UD. Qila Jatinagara,Kesehatan,24160429,9993504,Belum Terdaftar,0
28829664,UD. Olla Kamajaya,Kesehatan,18946041,6329956,Belum Terdaftar,0
28829665,UD. Wito Indah Niken,Kesehatan,43187501,8899366,Belum Terdaftar,0
28829666,UD. Livia Mega,Kesehatan,17288803,1095066,Belum Terdaftar,0
28829667,UD. Guntur Galang,Perdagangan,11964872,4797147,Belum Terdaftar,0
28829668,UD. Dito Wisnu,Perdagangan,20336557,4853559,Belum Terdaftar,0
28829669,UD. Pipit Panuluh,Jasa,16057208,7665166,Belum Terdaftar,0
28829670,UD. Tasya Resaputra,Jasa,35571113,1525030,Belum Terdaftar,0
28829671,UD. Putra Galuh,Jasa,32890381,7066325,Terdaftar,1
28829672,UD. Riko Elok,Kesehatan,8731795,9846519,Belum Terdaftar,0
28829673,UD. Jihan Sidarta,Pendidikan,28566169,9324545,Belum Terdaftar,0
28829674,UD. Ghani Taruna,Perdagangan,24759154,1424263,Belum Terdaftar,0
28829675,UD. Fatiah Sumirat Desta,Kesehatan,6003174,5051518,Belum Terdaftar,0
28829676,UD. Tomi Atma,Kesehatan,13591209,8176518,Terdaftar,1
28829677,UD. Galih Utama,Kesehatan,34611443,3070070,Belum Terdaftar,0
28829678,UD. Niken Makmur Fani,Kesehatan,16943882,8125666,Belum Terdaftar,0
28829679,UD. Ilham Cahaya,Pendidikan,49230726,8098182,Belum Terdaftar,0
28829680,UD. Vidi Utama,Kesehatan,8099702,3474905,Belum Terdaftar,0
,UD. Iqbal Permai,Perdagangan,17270955,7991481,Belum Terdaftar,0
28829682,UD. Bulan Sulaksana,Perdagangan,11540062,3047272,Terdaftar,1
28829683,UD. Tomi Mandala,Pendidikan,2298481,623565,Belum Terdaftar,0
28829684,UD. Pandu Darussalam,Perdagangan,11184790,6334324,Terdaftar,1
28829685,UD. Fajar Jayaningrat Bayu,Pendidikan,43284686,5771465,Terdaftar,1
28829686,UD. Clarissa Setia,Jasa,10092160,5914169,Terdaftar,1
28829687,UD. Chiko Paseban,Jasa,9057582,5161142,Terdaftar,1
28829688,UD. Hanaura Sehat,Perdagangan,27657545,5893800,Terdaftar,1
28829689,UD. Oki Wijaksana,Perdagangan,1249768,3748775,unknown,0
28829690,UD. Qisha Agastya,Perdagangan,20147351,4128011,Belum Terdaftar,0
28829691,UD. Ovan Jayawarsa Putra,Kesehatan,10910606,2672653,Terdaftar,1
28829692,UD. Qory Asri,Jasa,15344048,2015575,Terdaftar,1
28829693,UD. Satria Wiratama,Jasa,22384367,unknown,Belum Terdaftar,0
28829694,UD. Raka Segar,Perdagangan,23661780,9763715,Terdaftar,1
28829695,UD. Karla Saprahan,Jasa,14451733,721170,Belum Terdaftar,0
28829696,UD. Syifa Madya,Perdagangan,23713367,3613106,Terdaftar,1
28829697,UD. Andi Praja,Perdagangan,7558665,7149237,Terdaftar,1
28829698,UD. Jihan Wetan,Kesehatan,33679574,897506,Terdaftar,1
28829699,UD. Daffa Padi,Perdagangan,43981327,8119017,Terdaftar,1
28829700,UD. Ujang Kamajaya,Pendidikan,43674976,5282900,Terdaftar,1
28829701,UD. Odie Wisnu Zainab,Perdagangan,49404515,4723404,Belum Terdaftar,0
28829702,UD. Livia Panembahan,Perdagangan,3836711,8700386,Terdaftar,1
28829703,UD. Carissa Pancasila,Perdagangan,20107417,unknown,Terdaftar,1
28829704,UD. Gerry Kusen,Perdagangan,6571905,4932166,Belum Terdaftar,0
28829705,UD. Erni Sentosa,Kesehatan,5549857,6164164,unknown,0
28829706,UD. Yasir Kalbu,Jasa,4383070,9054545,Terdaftar,1
28829707,UD. Alya Suryaatmaja,Kesehatan,11459495,9412667,Terdaftar,1
28829708,UD. Prananda Tirtaatmaja,Perdagangan,39226859,3522093,Terdaftar,1
28829709,UD. Gadis Wijaya,Perdagangan,27684606,7361619,Belum Terdaftar,0
28829710,UD. Budi Kencana,Jasa,41091218,7583611,Terdaftar,1
28829711,UD. Pipit Widjaja,Perusahaan,18331832,1515325,Belum Terdaftar,0
28829712,UD. Diva Kulon,Jasa,31786001,6028218,Belum Terdaftar,0
28829713,UD. Tasya Mardika,Jasa,13382071,7744353,Belum Terdaftar,0
28829714,UD. Hilmiyah Sukma,Pendidikan,21076209,8069508,Terdaftar,1
28829715,UD. Riko Wijaya,Jasa,33810818,4048454,Terdaftar,1
28829716,UD. Mila Jagadmaya,Pendidikan,9097990,9238217,Belum Terdaftar,0
28829717,UD. Marsya Kencana,Jasa,43629860,1805371,Belum Terdaftar,0
28829718,UD. Abel Utamajaya,Pendidikan,4673926,992390,Terdaftar,1
28829719,UD. Krisna Wetan,Pendidikan,41846327,3078486,Belum Terdaftar,0
28829720,UD. Hana Bangun,Kesehatan,39057922,,Belum Terdaftar,0
28829721,UD. Gilangga Sulaksana,Kesehatan,10784402,4138945,Belum Terdaftar,0
28829722,UD. Mira Baskara Willy,Kesehatan,20774965,9069528,Belum Terdaftar,0
28829723,UD. Bayu Trijaya Dito,Jasa,32347353,9235087,Belum Terdaftar,0
28829724,UD. Yudi Elok,Kesehatan,49064684,,Terdaftar,1
28829725,UD. Anis Tengah,Jasa,47174386,650558,Belum Terdaftar,0
28829726,UD. Maudy Kusumah,Jasa,1499255,7429062,Terdaftar,1
28829727,UD. Ghani Paseban,Jasa,11559270,6877732,Belum Terdaftar,0
28829728,UD. Umi Gatra,Perdagangan,22864066,2089915,Terdaftar,1
28829729,UD. Tari Anindita,Jasa,10901533,868244,Belum Terdaftar,0
28829730,UD. Dito Gemilang,Jasa,47823988,9617190,Belum Terdaftar,0
28829731,UD. Lana Kusumah,Perdagangan,42020320,3192969,Terdaftar,1
28829732,UD. Hanaura Sukarela,Perdagangan,5150845,9508373,Belum Terdaftar,0
28829733,UD. Kiki Suryaatmaja,Perdagangan,20806312,3929801,Terdaftar,1
28829734,UD. Uchie Kelana,Kesehatan,2956546,3746904,Terdaftar,1
28829735,UD. Yessi Suryaatmaja,Perdagangan,5175684,6156293,Terdaftar,1
28829736,UD. Pipit Maju,Jasa,16118302,1676402,Terdaftar,1
28829737,UD. Berlian Suryaputra,Kesehatan,48152003,7417755,Terdaftar,1
28829738,UD. Vidi Anggrek Tari,Pendidikan,22431495,7946744,Terdaftar,1
28829739,UD. Alif Gunawan,Kesehatan,29571536,5545054,Terdaftar,1
28829740,UD. Melati Maju,Kesehatan,49034197,5515668,Belum Terdaftar,0
28829741,UD. Hilmi Permai,Kesehatan,29517029,1462137,Terdaftar,1
28829742,UD. Jojo Anggrek,Pendidikan,41639191,7756861,Terdaftar,1
28829743,UD. Yumna Wibawa Tania,Kesehatan,29485918,7441333,Belum Terdaftar,0
28829744,UD. Lutfi Merdeka Budi,Jasa,28188016,9374601,Terdaftar,1
28829745,UD. Guntur Suryaputra,Kesehatan,23564787,1989270,Belum Terdaftar,0
28829746,UD. Niken Purnama Elok,Perdagangan,33000880,2187841,Terdaftar,1
28829747,UD. Taufan Baruna,Pendidikan,30032813,8987074,Belum Terdaftar,0
28829748,UD. Livia Prajurit,Kesehatan,45201176,5174429,Belum Terdaftar,0
28829749,UD. Febri Prajurit,Perdagangan,27341925,7887662,Terdaftar,1
28829750,UD. Marwan Wijaya Wenda,Jasa,27977270,5938758,Terdaftar,1
28829751,UD. Alif Kencana,Jasa,19237180,1949422,Belum Terdaftar,0
28829752,UD. Livia Elok,Jasa,20960931,4040507,Belum Terdaftar,0
28829753,UD. Bagir Sumringah,Jasa,8238166,6234411,Belum Terdaftar,0
28829754,UD. Romi Agung,Jasa,11322259,7614946,Belum Terdaftar,0
28829755,UD. Nibras Karya,Pendidikan,48905773,5678633,Terdaftar,1
28829756,UD. Dani Jatiwangi,Perdagangan,24673114,943235,Belum Terdaftar,0
28829757,UD. Taufik Damai Yaniar,Jasa,35902004,2774094,Belum Terdaftar,0
28829758,UD. Bella Sulaksana,Perdagangan,30216397,1046285,Terdaftar,1
28829759,UD. Rizki Segar,Perdagangan,11813543,9219604,Terdaftar,1
28829760,UD. Khalid Bersemi,Kesehatan,35566124,1264955,Belum Terdaftar,0
28829761,UD. Ucup Jayabaya Yumna,Jasa,17892155,662577,Belum Terdaftar,0
28829762,UD. Livia Sukadarma,Pendidikan,46906701,4299352,Belum Terdaftar,0
28829763,UD. Sella Makmur Uci,Kesehatan,24284395,6793868,Terdaftar,1
28829764,UD. Karim Suryaputra,Kesehatan,7383640,4732114,Belum Terdaftar,0
28829765,UD. Ismail Sulaksana Uti,Pendidikan,1386236,8598763,Belum Terdaftar,0
28829766,UD. Uli Puri,Pendidikan,9170471,1971879,Belum Terdaftar,0
28829767,UD. Rangga Panuluh,Jasa,21764874,9585799,Terdaftar,1
28829768,UD. Indira Makmur,Kesehatan,35519091,7994248,Terdaftar,1
28829769,UD. Tari Wiyata,Kesehatan,34389195,5897746,Terdaftar,1
28829770,UD. Kirana Lestari Kanza,Kesehatan,46346297,7440406,Belum Terdaftar,0
28829771,UD. Khayla Sumringah,Kesehatan,37304864,5613819,Belum Terdaftar,0
28829772,UD. Rendi Asri Yumna,Kesehatan,18445331,2644299,Belum Terdaftar,0
28829773,UD. Fani Tunggul,Kesehatan,8586549,6423376,Terdaftar,1
28829774,UD. Grego Tunggul,Perdagangan,46231521,8537442,Belum Terdaftar,0
28829775,UD. Lidya Wirajaya,Jasa,24827222,4552314,Belum Terdaftar,0
28829776,UD. Tami Tirta,Kesehatan,28457532,4163917,Terdaftar,1
28829777,UD. Halim Sakti,Pendidikan,9553362,8222053,Belum Terdaftar,0
28829778,UD. Laras Raharja,Jasa,39770807,9875133,Belum Terdaftar,0
28829779,UD. Lintang Sanjaya,Perdagangan,43467043,8061124,Terdaftar,1
28829780,UD. Yudi Jatiwangi,Jasa,11655736,5165178,Belum Terdaftar,0
28829781,UD. Zidan Madusari,Kesehatan,9745216,8604556,Belum Terdaftar,0
28829782,UD. Anang Binasena Hanafi,Pendidikan,24035337,7244936,Terdaftar,1
28829783,UD. Naila Nirwasita,Perdagangan,27844797,9285710,Terdaftar,1
28829784,UD. Fatiah Wetan Kevin,Kesehatan,14527172,2884861,,0
28829785,UD. Kevin Sakti Lukita,Perdagangan,32793336,6312509,Terdaftar,1
28829786,UD. Lukita Sangga Khayla,Jasa,37127893,5528711,Belum Terdaftar,0
28829787,UD. Jasmine Saputranegara,Kesehatan,21764929,7913192,Terdaftar,1
28829788,UD. Lina Resaputra,Jasa,17391624,3469956,Belum Terdaftar,0
28829789,UD. Fitri Sejahtera,Jasa,39087403,3527004,Belum Terdaftar,0
28829790,UD. Lina Anggrek,Jasa,25446342,1706655,Belum Terdaftar,0
28829791,UD. Bagir Lintang,Kesehatan,17619375,8546313,Terdaftar,1
28829792,UD. Miko Raharja,Kesehatan,12436308,4272993,Terdaftar,1
28829793,UD. Eren Siang Gadis,Pendidikan,31113094,3861898,Belum Terdaftar,0
28829794,UD. Putri Wetan,Jasa,32927866,2261642,Terdaftar,1
28829795,UD. Ovan Sanjaya,Kesehatan,48345416,9020968,Terdaftar,1
28829796,UD. Prita Mahkota Raka,Jasa,28291767,7395508,Terdaftar,1
28829797,UD. Khalid Jagad,Kesehatan,26261991,7523723,Belum Terdaftar,0
28829798,UD. Olivia Agung,Pendidikan,5797000,5450704,Belum Terdaftar,0
28829799,UD. Galih Panuluh,Kesehatan,29697520,5573732,Terdaftar,1
28829800,UD. Satria Padi Najwa,Jasa,47445963,6709803,Belum Terdaftar,0
28829801,UD. Umi Kamajaya,Pendidikan,31684771,2151604,Belum Terdaftar,0
28829802,UD. Wito Terang,Pendidikan,31060104,6830172,Belum Terdaftar,0
28829803,UD. Gema Gatra,Kesehatan,34075824,1017743,Belum Terdaftar,0
28829804,UD. Mika Sukarela,Jasa,23723145,3110982,Belum Terdaftar,0
28829805,UD. Gisel Prawira,Jasa,4780331,2355943,Belum Terdaftar,0
28829806,UD. Berlian Darma,Jasa,27601232,7304757,Terdaftar,1
28829807,UD. Utha Ratu,Kesehatan,23248165,3335150,Terdaftar,1
28829808,UD. Lutfi Wijaya Yusuf,Kesehatan,44114755,7320904,Belum Terdaftar,0
28829809,UD. Eren Kayastha,Jasa,42163327,2471412,Terdaftar,1
28829810,UD. Rian Sejahtera,Pendidikan,8107888,5990802,Belum Terdaftar,0
28829811,UD. Yusuf Panembahan,Jasa,1689647,5813996,Belum Terdaftar,0
28829812,UD. Yasir Mandala,Perdagangan,6489255,4844966,Belum Terdaftar,0
28829813,UD. Salsa Wisnu,Pendidikan,44945480,7497336,Belum Terdaftar,0
28829814,UD. Kirana Makmur Wulan,Perdagangan,47389791,4061504,Terdaftar,1
28829815,UD. Zulkarnaen Mayang,Pendidikan,30328805,9069346,Terdaftar,1
28829816,UD. Nayla Widjaja,Pendidikan,4740701,7200582,Terdaftar,1
28829817,UD. Yuli Tirtaatmaja,Perdagangan,42215276,2281087,Belum Terdaftar,0
28829818,UD. Yudi Cinta,Perdagangan,19581873,9794755,Belum Terdaftar,0
28829819,UD. Rangga Hilir Kurnia,Perdagangan,40453596,3536148,Belum Terdaftar,0
28829820,UD. Yuli Wiratama,Pendidikan,23087387,6271763,Terdaftar,1
28829821,UD. Uchie Naraya Cinta,Jasa,12773077,3354337,Terdaftar,1
28829822,UD. Ismail Wiyata,Pendidikan,42236176,1331199,Terdaftar,1
28829823,UD. Elsa Prima,Jasa,30397631,6144589,Belum Terdaftar,0
28829824,UD. Qisha Terang,Kesehatan,26544208,9211685,Belum Terdaftar,0
28829825,UD. Indah Madya,Kesehatan,49338800,6722647,Belum Terdaftar,0
28829826,UD. Viona Karya Jordi,Kesehatan,22993596,714292,Belum Terdaftar,0
28829827,UD. Dea Dharma Niken,Pendidikan,41836149,8492399,Belum Terdaftar,0
28829828,UD. Elen Jagadmaya Qais,Jasa,5489375,9131065,Terdaftar,1
28829829,UD. Pardi Saprahan,Jasa,18423782,2049976,Belum Terdaftar,0
28829830,UD. Pasha Kusuma,Pendidikan,21700048,8943726,Belum Terdaftar,0
28829831,UD. Suci Mayang,Jasa,27825547,8179189,Belum Terdaftar,0
28829832,UD. Leni Bersemi,Jasa,21236146,1468810,Belum Terdaftar,0
28829833,UD. Iman Trijaya,Pendidikan,10718130,4353412,Belum Terdaftar,0
28829834,UD. Nadia Satria Hana,Perdagangan,16627430,3666832,Belum Terdaftar,0
28829835,UD. Vega Bijaksana,Jasa,28404019,7227023,Belum Terdaftar,0
28829836,UD. Hana Cinta,Pendidikan,8528136,8047572,Belum Terdaftar,0
28829837,UD. Hilmiyah Berkarya,Kesehatan,28912856,4858500,Terdaftar,1
28829838,UD. Mika Arya,Perdagangan,19227523,6953650,Belum Terdaftar,0
28829839,UD. Lana Utama,Perdagangan,16038653,3887516,Belum Terdaftar,0
28829840,UD. Gracia Kusumajati,Kesehatan,35364940,9705107,Belum Terdaftar,0
28829841,UD. Ulya Sangga Pipit,Pendidikan,12129343,1096106,Belum Terdaftar,0
28829842,UD. Nara Satria,Perdagangan,9425756,4594560,Terdaftar,1
28829843,UD. Bayu Sudharmo,Pendidikan,18873134,9041365,Belum Terdaftar,0
28829844,UD. Viera Bintang,Kesehatan,27124007,4926357,Belum Terdaftar,0
28829845,UD. Desi Arsana,Kesehatan,29521670,7692474,Belum Terdaftar,0
28829846,UD. Salsa Paseban,Perdagangan,31299334,2751904,Terdaftar,1
28829847,UD. Ujang Wira,Perdagangan,19960404,3667753,Terdaftar,1
28829848,UD. Dewi Sumirat Pardi,Perdagangan,40547144,8250300,Belum Terdaftar,0
28829849,UD. Zidanar Wicaksana,Jasa,38165740,7743374,Belum Terdaftar,0
28829850,UD. Ovan Buana,Kesehatan,13369306,3274276,Terdaftar,1
28829851,UD. Ghani Jaya Gusti,Kesehatan,23907220,921834,Terdaftar,1
28829852,UD. Wesly Sentosa,Perdagangan,18124548,8629626,Terdaftar,1
28829853,UD. Sinta Widuri,Perdagangan,3075780,2530841,Terdaftar,1
28829854,UD. Lukita Sentosa,Jasa,8277383,5519302,Belum Terdaftar,0
28829855,UD. Gadis Cempaka,Jasa,14824270,3579928,Terdaftar,1
28829856,UD. Vega Tengah Zidan,Kesehatan,47973516,5608963,Belum Terdaftar,0
28829857,UD. Naufal Satya,Jasa,19445920,9810643,Belum Terdaftar,0
28829858,UD. Nazar Permai,Perdagangan,44807098,1497098,Belum Terdaftar,0
28829859,UD. Wahyu Selaras,Pendidikan,22316526,1508728,Terdaftar,1
28829860,UD. Andi Trisula Rendi,Perdagangan,43290211,4127302,Belum Terdaftar,0
28829861,UD. Hanafi Tunggul Kevin,Kesehatan,39274736,4887671,Belum Terdaftar,0
28829862,UD. Fajar Sarwono,Kesehatan,46007254,4123977,Belum Terdaftar,0
28829863,UD. Galang Mayang,Jasa,28512737,5795646,Terdaftar,1
28829864,UD. Utha Trijaya,Perusahaan,28614353,8571750,Terdaftar,1
28829865,UD. Nindy Sangga,Kesehatan,35235222,1925482,Belum Terdaftar,0
28829866,UD. Qamar Mandala,Kesehatan,43622333,2695224,Terdaftar,1
28829867,UD. Vincent Lingga,Kesehatan,38573761,8049906,Terdaftar,1
28829868,UD. Rahmat Adhi,Pendidikan,26126554,4990721,Belum Terdaftar,0
28829869,UD. Qais Jayengprana,Perdagangan,25453534,3843311,Belum Terdaftar,0
28829870,UD. Livia Panuluh,Pendidikan,46291951,7590177,Terdaftar,1
28829871,UD. Krisna Sejahtera,Pendidikan,29876629,8843065,Belum Terdaftar,0
28829872,UD. Jordi Sukadarma Eddy,Kesehatan,41177732,4736458,Belum Terdaftar,0
28829873,UD. Ulya Naraya,Perdagangan,12054224,4447993,Belum Terdaftar,0
28829874,UD. Veronika Kusumah,Jasa,16655978,948933,Terdaftar,1
28829875,UD. Jojo Tunggal Yessi,Pendidikan,45735633,7363632,Belum Terdaftar,0
28829876,UD. Silvi Nusa,Pendidikan,43837758,719421,Terdaftar,1
28829877,UD. Khalid Sentosa,Jasa,9896705,4396106,Terdaftar,1
28829878,UD. Karim Jati,Perdagangan,15402334,3767621,Belum Terdaftar,0
28829879,UD. Lina Siang,Jasa,37230206,1515354,Belum Terdaftar,0
28829880,UD. Zain Satya,Pendidikan,8903515,9433419,Terdaftar,1
28829881,UD. Miko Prabawa,Jasa,14192898,3902059,Belum Terdaftar,0
28829882,UD. Yessi Wijaya,Perdagangan,3351496,2443275,Terdaftar,1
28829883,UD. Nadia Adhi Aldo,Perdagangan,26216608,4460165,Belum Terdaftar,0
28829884,UD. Sella Adiwarna Shinta,Perdagangan,49201755,2771994,Terdaftar,1
28829885,UD. Ulfa Jatinagara,Pendidikan,27999291,9821983,Terdaftar,1
28829886,UD. Berlian Kayastha Rafa,Perdagangan,41512475,4167398,Terdaftar,1
28829887,UD. Halim Abadi,Kesehatan,,7499970,Terdaftar,1
28829888,UD. Eren Wisesa Eka,Kesehatan,23284177,6038457,Belum Terdaftar,0
28829889,UD. Weni Kencana,Perdagangan,1190922,3633415,Belum Terdaftar,0
28829890,UD. Uchie Sarwono,Jasa,22072644,3819166,Belum Terdaftar,0
28829891,UD. Elyas Saputra,Kesehatan,9183405,4874930,Belum Terdaftar,0
28829892,UD. Chika Cinta,Pendidikan,1818906,4403928,Belum Terdaftar,0
28829893,UD. Santi Wijaya,Perdagangan,21229195,1915841,Terdaftar,1
28829894,UD. Widi Purnama,,36767497,8024913,Belum Terdaftar,0
28829895,UD. Wenda Anggara,Perdagangan,22906632,9005652,Belum Terdaftar,0
28829896,UD. Nando Malam Diva,Kesehatan,43814785,612085,Terdaftar,1
28829897,UD. Priska Jayengprana,Jasa,35163016,2970163,Belum Terdaftar,0
28829898,UD. Riyan Sangkala,Perdagangan,40647598,872665,Belum Terdaftar,0
28829899,UD. Qamar Bijaksana,Perdagangan,3704562,3047121,Terdaftar,1
28829900,UD. Echa Gandewa,Kesehatan,31357630,1345179,Belum Terdaftar,0
28829901,UD. Zaki Resmi Khayla,Jasa,13529807,4278674,Belum Terdaftar,0
28829902,UD. Rian Mandala,Pendidikan,14705408,3563943,Belum Terdaftar,0
28829903,UD. Sella Sangga,Jasa,43521044,3826313,Terdaftar,1
28829904,UD. Citra Anugerah Koko,Jasa,37177137,1682990,Belum Terdaftar,0
28829905,UD. Niken Jaladara,Pendidikan,35061368,4065886,Terdaftar,1
28829906,UD. Zidan Wicaksana,Kesehatan,6952932,9668275,Belum Terdaftar,0
28829907,UD. Fanny Saputrautama,Jasa,3479782,9021701,Terdaftar,1
28829908,UD. Vega Naraya,Perdagangan,46683264,9663872,Terdaftar,1
28829909,UD. Thariq Harapan,Perdagangan,40096752,5540890,Belum Terdaftar,0
28829910,UD. Lea Trijaya,Pendidikan,44132974,2174675,Terdaftar,1
28829911,UD. Ina Permai,Kesehatan,17151975,878269,Terdaftar,1
28829912,UD. Farid Harmoni Verdi,Jasa,4000615,3151381,Terdaftar,1
28829913,UD. Intan Panembahan,Kesehatan,35863339,,Belum Terdaftar,0
28829914,UD. Ciko Widjaja,Pendidikan,1330143,3695696,Belum Terdaftar,0
28829915,UD. Romi Tirtayasa,Jasa,2084375,2060442,Terdaftar,1
28829916,UD. Zulkarnaen Lempung Vito,Jasa,46432420,9110140,Terdaftar,1
28829917,UD. Pandu Jatiwangi,Perdagangan,31501277,3082946,Belum Terdaftar,0
28829918,UD. Nando Karang,Jasa,unknown,3504580,Terdaftar,1
28829919,UD. Galih Kelana,Kesehatan,46868109,9101918,Belum Terdaftar,0
28829920,UD. Qisha Elok Valen,Pendidikan,21012363,3216717,Terdaftar,1
28829921,UD. Qanitah Baskara,Perdagangan,33876651,4895437,Terdaftar,1
28829922,UD. Vina Suryaputra,Pendidikan,27624386,1444504,Belum Terdaftar,0
28829923,UD. Icha Panembahan,Perdagangan,20650566,2112977,Terdaftar,1
28829924,UD. Carissa Nirbayu,Pendidikan,20307348,4669299,Belum Terdaftar,0
28829925,UD. Gerry Brata,Perusahaan,41932921,5346719,Belum Terdaftar,0
28829926,UD. Lina Langit,Pendidikan,47022608,1784586,Terdaftar,1
28829927,UD. Melati Mayang Rangga,Perdagangan,2973417,1763317,Terdaftar,1
28829928,UD. Tami Jaya,Jasa,7973593,5182985,Terdaftar,1
28829929,UD. Hasna Widjaja,Jasa,33023681,9165637,Belum Terdaftar,0
28829930,UD. Fikra Trijaya,Perdagangan,26356277,3951742,Terdaftar,1
28829931,UD. Damaris Gemilang,Jasa,31356012,8912820,Terdaftar,1
28829932,UD. Fikra Merdeka,Jasa,12016217,6033078,Belum Terdaftar,0
28829933,UD. Abel Sunardi,Pendidikan,29318440,5970686,Terdaftar,1
28829934,UD. Laras Kencana,Perdagangan,3377038,2816501,Terdaftar,1
28829935,UD. Zain Wijapranata,Pendidikan,18729305,8309772,Belum Terdaftar,0
28829936,UD. Fatimah Bagaskara,Pendidikan,11568406,5567624,Belum Terdaftar,0
28829937,UD. Salsa Sarwono Bayu,Kesehatan,47323090,6202076,Belum Terdaftar,0
28829938,UD. Jihan Sahaja,Jasa,49305649,1422319,Terdaftar,1
28829939,UD. Hana Lestari,Kesehatan,34150729,5741718,Terdaftar,1
28829940,UD. Echa Kelana Yayan,Perdagangan,,6095806,Terdaftar,1
28829941,UD. Elyas Mulyo,Kesehatan,49004579,5290788,Belum Terdaftar,0
28829942,UD. Jodi Gatra,Jasa,47083230,2928368,Terdaftar,1
28829943,UD. Olivia Kusumajati Reza,Perdagangan,43557939,6024160,Terdaftar,1
28829944,UD. Wira Sahaja,Pendidikan,40461113,2038335,Belum Terdaftar,0
28829945,UD. Damar Madusari,Perdagangan,2771344,7170303,Belum Terdaftar,0
28829946,UD. Krisna Kelana,Jasa,27377952,7856097,Terdaftar,1
28829947,UD. Guntur Utamajaya,Perdagangan,1634069,7409729,Terdaftar,1
28829948,UD. Dea Darussalam Asep,Jasa,44259242,4388156,Terdaftar,1
28829949,UD. Qisya Kencana Erni,Kesehatan,36544537,5107093,Belum Terdaftar,0
28829950,UD. Cakra Wening,Perdagangan,45045731,1225124,Belum Terdaftar,0
28829951,UD. Marsel Utama,Pendidikan,21414703,6562237,Belum Terdaftar,0
28829952,UD. Dina Senja,Kesehatan,34428929,8900044,Terdaftar,1
28829953,UD. Maudy Sidarta,Perdagangan,39659138,2752433,Terdaftar,1
28829954,UD. Tasya Sumirat,Perdagangan,16742839,1509997,Belum Terdaftar,0
28829955,UD. Nara Anggrek,Jasa,20790693,671428,Belum Terdaftar,0
28829956,UD. Qayla Trisudira Willy,Kesehatan,43738878,9658613,Terdaftar,1
28829957,UD. Yola Saputra Vina,Kesehatan,19831729,6483088,Terdaftar,1
28829958,UD. Najwa Nirwasita Intan,Jasa,45718358,4676770,Terdaftar,1
28829959,UD. Indah Arya,Kesehatan,49527409,1326209,Terdaftar,1
,UD. Delia Kusumasari,Pendidikan,48762752,5956007,Belum Terdaftar,0
28829961,UD. Ovan Cerah,Kesehatan,43702532,3142135,Terdaftar,1
28829962,UD. Wenny Mayang,Perdagangan,15250155,4536229,Terdaftar,1
28829963,UD. Alya Kusumatmaja,Perdagangan,43865661,9510399,Terdaftar,1
28829964,UD. Sekar Madusari,Pendidikan,42073337,4343925,Terdaftar,1
28829965,UD. Pipit Paseban,Perdagangan,29012216,5095182,Belum Terdaftar,0
28829966,UD. Ovan Winata Qanita,Perdagangan,5794020,2318312,Terdaftar,1
28829967,UD. Qori Baskara,Jasa,13574144,5645617,Terdaftar,1
28829968,UD. Opik Sehat,Jasa,17615441,9275813,Terdaftar,1
28829969,UD. Cici Adhi,Jasa,33238963,,Belum Terdaftar,0
28829970,UD. Binar Bangun,Perdagangan,6771874,4393670,Terdaftar,1
28829971,UD. Iman Madya,Jasa,5466293,6170766,Terdaftar,1
28829972,UD. Rahmat Sumringah,Pendidikan,21346101,6645528,Terdaftar,1
28829973,UD. Grego Cendana,Jasa,44297689,7895831,Belum Terdaftar,0
28829974,UD. Wahyu Prima,Perdagangan,37555040,5805172,Terdaftar,1
28829975,UD. Sinta Panji,Pendidikan,49718039,1470925,Belum Terdaftar,0
28829976,UD. Teguh Naraya,Pendidikan,15718618,3981716,Belum Terdaftar,0
28829977,UD. Hanafi Abadi,Jasa,16814581,3841352,Belum Terdaftar,0
28829978,UD. Fajar Kusumah Rendi,Jasa,9493646,1733171,Terdaftar,1
28829979,UD. Galih Dharma,Perdagangan,5331098,5631331,Belum Terdaftar,0
28829980,UD. Via Agastya,Pendidikan,15971512,2553927,Belum Terdaftar,0
28829981,UD. Febri Dharma,Kesehatan,2913290,9684746,Belum Terdaftar,0
28829982,UD. Lukita Bahari,Pendidikan,31236439,8723335,Belum Terdaftar,0
28829983,UD. Diva Naraya,Kesehatan,34508733,4837790,Terdaftar,1
28829984,UD. Marsya Hilir,Perdagangan,43959106,1643041,Terdaftar,1
28829985,UD. Viona Prima,Pendidikan,1953158,,Belum Terdaftar,0
28829986,UD. Qiana Taruna,Kesehatan,22040523,9621016,Belum Terdaftar,0
28829987,UD. Najwa Jayawarsa,Jasa,45133408,571173,Belum Terdaftar,0
28829988,UD. Lutfi Luhur,Perdagangan,42341717,7035313,Belum Terdaftar,0
28829989,UD. Juni Gemilang,Pendidikan,18166242,8797757,Terdaftar,1
28829990,UD. Yora Prana,Pendidikan,22239053,795110,Belum Terdaftar,0
28829991,UD. Valen Bijaksana,Pendidikan,15651289,3546800,Terdaftar,1
28829992,UD. Balqis Nawasena,Pendidikan,41677842,9087444,Terdaftar,1
28829993,UD. Muthia Kusen,Jasa,12476436,3064035,Belum Terdaftar,0
28829994,UD. Erlangga Mulyo,Jasa,23966140,5497886,Terdaftar,1
28829995,UD. Pipit Jati,Jasa,27507688,7569085,Terdaftar,1
28829996,UD. Tasya Wening,Pendidikan,25412588,5382595,Belum Terdaftar,0
28829997,UD. Qanita Madusari,Kesehatan,46087262,9180598,Terdaftar,1
28829998,UD. Owen Sanjaya Rizki,Jasa,36851362,9979857,Belum Terdaftar,0
28829999,UD. Agus Puri,Perdagangan,5048784,1501585,Terdaftar,1
288210000,UD. Ulil Haji,Perusahaan,42893471,9144111,Terdaftar,1
288210001,UD. Clarissa Wijaksana,Pendidikan,23926706,4588779,Belum Terdaftar,0
288210002,UD. Tiara Putra,Kesehatan,29175491,3098557,Terdaftar,1
288210003,UD. Anis Ratu,Jasa,39834441,8004699,Belum Terdaftar,0
288210004,UD. Ujang Sejahtera,Pendidikan,17834781,7735772,Belum Terdaftar,0
288210005,UD. Fauzan Haji,Perdagangan,22486198,7299589,Belum Terdaftar,0
288210006,UD. Candra Bagaskara,Pendidikan,8726436,5987341,Terdaftar,1
288210007,UD. Sani Kusuma,Jasa,9935560,6022181,Terdaftar,1
288210008,UD. Mega Wira,Kesehatan,1379580,8292934,Belum Terdaftar,0
288210009,UD. Vina Harmoni,Kesehatan,49295829,3334178,Belum Terdaftar,0
288210010,UD. Bayu Raharja,Perdagangan,21492436,7293551,Terdaftar,1
288210011,UD. Jihan Harmoni,Perdagangan,4801214,781866,Terdaftar,1
288210012,UD. Adinda Baswara,Kesehatan,36170582,4575534,Terdaftar,1
288210013,UD. Jibril Agastya,Jasa,41148028,3501771,Belum Terdaftar,0
288210014,UD. Zulfa Karang,Perdagangan,41360843,2082645,Belum Terdaftar,0
288210015,UD. Bagir Sakti Juni,Perdagangan,45938617,4648864,Terdaftar,1
288210016,UD. Yasir Asmaralaya Hilmiyah,Pendidikan,3770320,4291422,Terdaftar,1
288210017,UD. Carissa Nusa Yudi,Pendidikan,23632886,2770519,Terdaftar,1
288210018,UD. Koko Kusumajati,Pendidikan,4108716,7312966,Belum Terdaftar,0
288210019,UD. Qisya Artha Ujang,Perdagangan,2371412,773474,Terdaftar,1
288210020,UD. Omar Malam,Jasa,27188213,7532733,Belum Terdaftar,0
288210021,UD. Gilangga Jayengprana,Jasa,1637486,610986,Belum Terdaftar,0
288210022,UD. Nando Satria,Pendidikan,38736544,7825125,Terdaftar,1
288210023,UD. Gani Nirmala,Pendidikan,15717070,7022443,Belum Terdaftar,0
288210024,UD. Fira Prawira,Kesehatan,16066335,9814255,Belum Terdaftar,0
288210025,UD. Echa Harmoni,Pendidikan,47659554,8016949,Terdaftar,1
288210026,UD. Jay Wiraatmaja,Jasa,18886094,6435627,Terdaftar,1
288210027,UD. Farhan Asih,Perdagangan,23558748,1525296,Terdaftar,1
288210028,UD. Weni Segar,Pendidikan,41304138,9713159,Belum Terdaftar,0
288210029,UD. Daffa Wiyata,Kesehatan,46077532,9496511,Terdaftar,1
288210030,UD. Irma Binasena,Pendidikan,21041074,4667588,Terdaftar,1
288210031,UD. Hanafi Senja Tomi,Pendidikan,21200145,1246178,Terdaftar,1
288210032,UD. Iman Persada,Jasa,44478356,3924100,Terdaftar,1
288210033,UD. Nadia Artha,Pendidikan,4078615,5054353,Belum Terdaftar,0
288210034,UD. Carissa Sundawa,Pendidikan,10544411,8247688,Terdaftar,1
288210035,UD. Pandu Jayawarsa Marwan,Kesehatan,35887860,5590096,Terdaftar,1
288210036,UD. Galih Putri Qasya,Perdagangan,24731724,6833482,Belum Terdaftar,0
288210037,UD. Cinta Damai,Perdagangan,47375333,4673038,Terdaftar,1
288210038,UD. Zulkarnaen Sentosa,Pendidikan,16379269,5331506,Terdaftar,1
288210039,UD. Salsa Sarwono,Jasa,18861386,2003246,Belum Terdaftar,0
288210040,UD. Eni Atma,Kesehatan,31821751,8629844,Terdaftar,1
288210041,UD. Tami Widjaja,Pendidikan,31349718,8899379,Terdaftar,1
288210042,UD. Elok Luhur,Pendidikan,31526920,1140644,Terdaftar,1
288210043,UD. Bella Suci,Perdagangan,1305648,2392609,Terdaftar,1
288210044,UD. Inten Sumirat,Pendidikan,19195833,1875365,Belum Terdaftar,0
288210045,UD. Dea Sukma,Perdagangan,23697298,9108860,Belum Terdaftar,0
288210046,UD. Pandu Atma,Jasa,21597986,3415990,Belum Terdaftar,0
288210047,UD. Fitri Senopati,Perdagangan,38392351,7157491,Terdaftar,1
288210048,UD. Wenda Panembahan,Kesehatan,1241115,9954243,Belum Terdaftar,0
288210049,UD. Lidya Jati,Kesehatan,25241307,8273705,Terdaftar,1
288210050,UD. Nindy Berkarya,Perdagangan,21749390,4233914,Terdaftar,1
288210051,UD. Gadis Trisudira,Kesehatan,4297554,6319782,Belum Terdaftar,0
288210052,UD. Weni Manik,Pendidikan,16412182,8698705,Terdaftar,1
288210053,UD. Heri Taruna,Perdagangan,1410843,8178740,Terdaftar,1
288210054,UD. Naufal Trisula,Pendidikan,28577603,1519989,Terdaftar,1
288210055,UD. Qamar Putra,Perdagangan,25100270,6977869,Terdaftar,1
288210056,UD. Zara Senja,Jasa,40766830,2496288,,0
288210057,UD. Iman Satria,Perdagangan,18258910,6654584,Belum Terdaftar,0
288210058,UD. Fauzan Lingga,Kesehatan,1370530,8166102,Terdaftar,1
288210059,UD. Viani Sudharmo,Kesehatan,33711044,3554996,Belum Terdaftar,0
288210060,UD. Andi Warna Mira,Jasa,32707259,1606909,Terdaftar,1
288210061,UD. Kamil Tengah,Kesehatan,21321568,3445262,Terdaftar,1
288210062,UD. Leni Utama,Perdagangan,26611567,2228525,Terdaftar,1
288210063,UD. Rendi Ranggalawe,Kesehatan,24696543,6033478,Belum Terdaftar,0
288210064,UD. Agus Persada Nara,Jasa,3319741,2117533,Belum Terdaftar,0
288210065,UD. Maudy Sari,Jasa,27841199,2090569,Belum Terdaftar,0
288210066,UD. Vito Kusumasari Asep,Pendidikan,25197103,4259516,Terdaftar,1
288210067,UD. Teguh Swargaloka,Perdagangan,33603748,8467484,Terdaftar,1
288210068,UD. Anis Harmoni,Kesehatan,3436321,3568356,Belum Terdaftar,0
288210069,UD. Karim Utama,Perdagangan,38734887,763935,Belum Terdaftar,0
288210070,UD. Cipta Wiraatmaja,Kesehatan,13984255,2594360,Belum Terdaftar,0
288210071,UD. Xenia Nirwasita Oki,Perdagangan,34568392,2815442,Belum Terdaftar,0
288210072,UD. Riko Tunggal,Pendidikan,7596968,2115494,Belum Terdaftar,0
288210073,UD. Taufan Harapan,Jasa,4051566,6264649,Terdaftar,1
288210074,UD. Balqis Ayodya Tomi,Pendidikan,20913041,6407418,Belum Terdaftar,0
288210075,UD. Abdi Pramana,Pendidikan,14104400,8359051,Belum Terdaftar,0
288210076,UD. Yaniar Wiraatmaja Isna,Kesehatan,37563840,6389646,Belum Terdaftar,0
288210077,UD. Qila Manik,Pendidikan,1024630,1022452,Terdaftar,1
288210078,UD. Fira Sanjaya,Pendidikan,14281546,2439512,Terdaftar,1
288210079,UD. Fadli Ceria,Kesehatan,19166304,7769336,Terdaftar,1
288210080,UD. Carissa Anggrek,Kesehatan,1280517,5373173,Belum Terdaftar,0
288210081,UD. Najwa Wangi,Perdagangan,38162935,9830698,Belum Terdaftar,0
288210082,UD. Livia Kayastha,Pendidikan,43935615,6657634,Terdaftar,1
,UD. Hasna Sukma,Pendidikan,18599452,9472317,Terdaftar,1
288210084,UD. Citra Malam,Jasa,30002809,5101192,Terdaftar,1
288210085,UD. Qasya Santosa,Kesehatan,45838010,629046,Terdaftar,1
288210086,UD. Wulan Satria,Perdagangan,44621930,8318034,Belum Terdaftar,0
288210087,UD. Elen Naraya,Perdagangan,20744915,8147969,Belum Terdaftar,0
288210088,UD. Lando Wira Cahya,Jasa,19561336,4090484,Belum Terdaftar,0
288210089,UD. Lidya Jayeng,Kesehatan,34098484,5915167,Belum Terdaftar,0
288210090,UD. Hanafi Sukadarma,Perdagangan,10740432,6139339,Terdaftar,1
288210091,UD. Eddy Langit,Kesehatan,28714136,9756823,Terdaftar,1
288210092,UD. Alvino Tejakusuma,Kesehatan,26982853,9421614,Belum Terdaftar,0
288210093,UD. Cakra Adhi,Kesehatan,31198133,9928589,Terdaftar,1
288210094,UD. Made Lestari,Pendidikan,40730151,8847137,Terdaftar,1
288210095,UD. Sani Luhur,Perdagangan,37898147,9665719,Belum Terdaftar,0
288210096,UD. Thariq Putri Obed,Pendidikan,18036000,7672398,Terdaftar,1
288210097,UD. Mirna Gemilang Berlian,Perdagangan,11150670,,Terdaftar,1
288210098,UD. Salsa Sasmita,Pendidikan,39183909,4498036,Belum Terdaftar,0
288210099,UD. Via Jayengprana Romi,Kesehatan,27857815,1349821,Terdaftar,1
288210100,UD. Dito Wijaya,Perdagangan,28040485,5114620,Belum Terdaftar,0
288210101,UD. Halimah Dharma,Pendidikan,7954764,8141954,Terdaftar,1
288210102,UD. Fira Wijapranata,Perdagangan,5674913,9397522,Belum Terdaftar,0
288210103,UD. Dea Ilir,Jasa,16822084,4198195,Terdaftar,1
288210104,UD. Kiki Adiwangsa,Kesehatan,49477972,9219167,Belum Terdaftar,0
288210105,UD. Vincent Dwijaputra,Jasa,18835656,5647303,Terdaftar,1
288210106,UD. Jaya Sundawa,Pendidikan,30554370,6717806,Terdaftar,1
288210107,UD. Fikra Senja,Pendidikan,28506859,3973935,Terdaftar,1
288210108,UD. Gema Kusumasari,Perdagangan,14189309,5473466,Belum Terdaftar,0
288210109,UD. Jodi Wijaksana,Kesehatan,37911938,7780736,Belum Terdaftar,0
288210110,UD. Vega Anggrek,Pendidikan,13269680,9775303,Belum Terdaftar,0
288210111,UD. Pipit Mahkota,Perdagangan,38982702,8945541,Terdaftar,1
288210112,UD. Kevin Winata Yessi,Pendidikan,21089533,4397329,Belum Terdaftar,0
288210113,UD. Utha Kinarya,Perdagangan,18075899,9522259,Belum Terdaftar,0
288210114,UD. Halim Sukarela,Kesehatan,12801008,2712087,unknown,0
288210115,UD. Farid Tirtayasa Haidar,Jasa,39011560,5490771,Terdaftar,1
288210116,UD. Lintang Widhi,Jasa,8930161,3144596,Terdaftar,1
288210117,UD. Yaniar Makmur,Perdagangan,20215888,5280210,Terdaftar,1
288210118,UD. Balqis Wira,Kesehatan,18859961,5790705,Belum Terdaftar,0
288210119,UD. Qira Darussalam,Perdagangan,45498102,6707099,Terdaftar,1
288210120,UD. Halimah Harmoni,Jasa,1200909,8582442,Terdaftar,1
288210121,UD. Reza Panji,Kesehatan,33708336,1074626,Belum Terdaftar,0
288210122,UD. Abel Jayaningrat,Jasa,44947850,7098538,Terdaftar,1
288210123,UD. Iqra Karya Indira,Kesehatan,16755703,6533824,Terdaftar,1
288210124,UD. Vino Bagaskara,Pendidikan,25824767,8425313,Belum Terdaftar,0
288210125,UD. Anis Tunggal,Pendidikan,30735859,7988503,Terdaftar,1
288210126,UD. Dea Hastinapura,Perdagangan,23058638,8582816,Belum Terdaftar,0
288210127,UD. Wulan Kinarya,Kesehatan,4706113,3919802,Belum Terdaftar,0
288210128,UD. Bagir Kelana,Pendidikan,14844491,6289120,Belum Terdaftar,0
288210129,UD. Qyla Mayang,Pendidikan,24618476,844937,Belum Terdaftar,0
288210130,UD. Kamil Kencana,Perdagangan,28557048,5693574,Belum Terdaftar,0
288210131,UD. Qisha Madani,Pendidikan,27517289,711539,Terdaftar,1
288210132,UD. Oki Taruna,Kesehatan,46472513,2581067,Terdaftar,1
288210133,UD. Sella Panji,Jasa,15876886,9943111,Terdaftar,1
288210134,UD. Elyas Kusuma,Jasa,41795837,5044129,Belum Terdaftar,0
288210135,UD. Weni Praja Kirana,Jasa,42656993,3965651,Terdaftar,1
288210136,UD. Candra Kayastha,Perdagangan,9202698,2440496,Terdaftar,1
288210137,UD. Thariq Darussalam,Pendidikan,6208403,6750494,Belum Terdaftar,0
288210138,UD. Niken Sakti,Perdagangan,6584235,6423695,Terdaftar,1
288210139,UD. Iqbal Manggala,Kesehatan,44086534,4970440,Terdaftar,1
288210140,UD. Vito Kusuma,Perdagangan,13127998,4359379,Belum Terdaftar,0
288210141,UD. Echa Wirawati,Perdagangan,15911727,5569231,Terdaftar,1
288210142,UD. Balqis Baru,Pendidikan,15172174,1347705,Belum Terdaftar,0
288210143,UD. Zahra Saprahan,Jasa,44094892,9356332,Terdaftar,1
288210144,UD. Salsa Sukma,Pendidikan,15443685,749782,Belum Terdaftar,0
288210145,UD. Daffa Pancasila,Kesehatan,41572257,9700801,Belum Terdaftar,0
288210146,UD. Fadli Wira,,21299208,7386198,Terdaftar,1
288210147,UD. Guntur Puri,Pendidikan,40353664,9525451,Terdaftar,1
288210148,UD. Ismail Sangga Nayla,Perdagangan,40685384,1166315,Terdaftar,1
288210149,UD. Lukman Reswara,Pendidikan,17634025,1088983,Terdaftar,1
288210150,UD. Yayan Reswara,Kesehatan,27337112,8422517,Terdaftar,1
288210151,UD. Novi Kencana,Perdagangan,41874674,4052012,Terdaftar,1
288210152,UD. Viera Wirawati,Pendidikan,1696187,6589135,Belum Terdaftar,0
288210153,UD. Esa Cahyaningrat,Kesehatan,15110797,580243,Terdaftar,1
288210154,UD. Omar Cahyaningrat Umi,Pendidikan,25298210,1918072,Terdaftar,1
288210155,UD. Rizki Ananta,unknown,44647183,3076295,Terdaftar,1
288210156,UD. Irma Ilir,Jasa,35227090,4372187,Belum Terdaftar,0
288210157,UD. Hanafi Bintang,Perdagangan,23113128,4901646,Terdaftar,1
288210158,UD. Karla Utama Gita,Perdagangan,39033438,9068308,Terdaftar,1
288210159,UD. Agus Luhur,Jasa,14631681,622834,Terdaftar,1
288210160,UD. Ciko Wijaksana Fanny,Perdagangan,,1254796,Belum Terdaftar,0
288210161,UD. Alma Atma Wira,Jasa,39232163,5405692,Terdaftar,1
288210162,UD. Wenny Kusumah,Jasa,1509431,877517,Belum Terdaftar,0
288210163,UD. Vino Ceria,Kesehatan,3844874,6649135,Terdaftar,1
288210164,UD. Salsa Arsana,Jasa,19737159,7858677,Terdaftar,1
288210165,UD. Fikra Kelana,Kesehatan,44429743,6677451,Terdaftar,1
288210166,UD. Uchie Gemilang,Kesehatan,32101636,5321643,Terdaftar,1
288210167,UD. Livia Resaputra Qori,Kesehatan,18628641,1444874,Terdaftar,1
288210168,UD. Eka Segar,Kesehatan,20918855,8517215,Terdaftar,1
288210169,UD. Widi Kulon,Pendidikan,5481827,4194235,,0
288210170,UD. Vincent Lintang Nazar,Perdagangan,26546904,6119638,Belum Terdaftar,0
288210171,UD. Thariq Permai,Pendidikan,49885017,5794875,Terdaftar,1
288210172,UD. Salsa Kencana,Jasa,41367496,1555334,Terdaftar,1
288210173,UD. Qori Naraya Gilang,Jasa,6606702,2213913,Terdaftar,1
288210174,UD. Yessi Utama Lando,Jasa,33664775,7486398,Belum Terdaftar,0
288210175,UD. Tegar Purnama,Jasa,11058896,1591018,Belum Terdaftar,0
unknown,UD. Iman Taruna,Perdagangan,49031401,891640,Belum Terdaftar,0
unknown,UD. Yayan Adiwangsa Vincent,Jasa,4659061,4522122,Belum Terdaftar,0
288210178,UD. Alma Ayodya,Pendidikan,29176780,7255691,Belum Terdaftar,0
288210179,UD. Rosa Trisula Halim,Perdagangan,25348650,9287219,Terdaftar,1
288210180,UD. Yusuf Jati Lana,Perdagangan,40515641,9664231,Terdaftar,1
288210181,UD. Anisa Kayastha,Pendidikan,42160174,8535621,Belum Terdaftar,0
288210182,UD. Qanitah Asmaralaya,Pendidikan,49083633,6208104,Terdaftar,1
288210183,UD. Rafa Taruna,Jasa,38540907,7879952,Terdaftar,1
288210184,UD. Alif Bersemi,Pendidikan,24207170,6771300,Belum Terdaftar,0
unknown,UD. Sinta Nusa,Kesehatan,45994555,3889871,Terdaftar,1
288210186,UD. Desta Agung,Pendidikan,31670004,2743988,Terdaftar,1
288210187,UD. Bambang Sundawa,Perdagangan,32028535,2949224,Belum Terdaftar,0
288210188,UD. Umar Kelana,Jasa,7693941,5320416,Belum Terdaftar,0
288210189,UD. Yaniar Baswara,Kesehatan,28551416,5827905,Terdaftar,1
288210190,UD. Rosa Resaputra,Pendidikan,36394746,7452073,Terdaftar,1
288210191,UD. Binar Panembahan,Pendidikan,39376799,3859104,Belum Terdaftar,0
288210192,UD. Pardi Panembahan,Pendidikan,47100115,3782486,Belum Terdaftar,0
288210193,UD. Eddy Prima,Pendidikan,19878460,2715262,Belum Terdaftar,0
288210194,UD. Jafar Raharja,Jasa,20505444,6412196,Belum Terdaftar,0
288210195,UD. Mirna Mandala,Pendidikan,23556830,1838849,Belum Terdaftar,0
288210196,UD. Tania Langit,Pendidikan,18350680,7893730,Terdaftar,1
288210197,UD. Ilmi Wicaksana Indira,Kesehatan,40770343,6598470,Terdaftar,1
288210198,UD. Joko Resmi,Kesehatan,23636140,3338933,Terdaftar,1
288210199,UD. Pasha Sulaksana,Perdagangan,31521904,6288464,Belum Terdaftar,0
288210200,UD. Prita Mahkota,Perdagangan,24741959,4165722,Belum Terdaftar,0
288210201,UD. Iqra Tirtayasa,Kesehatan,5894301,3765742,Terdaftar,1
288210202,UD. Bambang Nirwasita Aldo,Pendidikan,25262264,1613145,Belum Terdaftar,0
288210203,UD. Ziva Asri,Pendidikan,49230769,4386430,Terdaftar,1
288210204,UD. Umar Suryaputra,Jasa,21506091,4579671,Terdaftar,1
288210205,UD. Sari Lingga,Perdagangan,31710796,6409606,Terdaftar,1
288210206,UD. Balqis Mandala,Perdagangan,17041748,8508692,Terdaftar,1
288210207,UD. Harun Asri,Perdagangan,48592520,2419948,Terdaftar,1
288210208,UD. Vera Tunggul,Perdagangan,40598231,6974980,Belum Terdaftar,0
288210209,UD. Kanza Lestari Dina,Jasa,14693184,5063227,Terdaftar,1
288210210,UD. Via Wijaksana,Pendidikan,19350333,4117761,Terdaftar,1
288210211,UD. Laras Brawijaya,Kesehatan,36826434,4986239,Belum Terdaftar,0
288210212,UD. Wito Makmur,Perdagangan,32029133,4519959,Belum Terdaftar,0
288210213,UD. Ida Kinarya,Kesehatan,9802957,3965597,Terdaftar,1
288210214,UD. Ulfa Wijaya,Jasa,12900592,5920708,Terdaftar,1
288210215,UD. Udin Sangga,Perdagangan,2204345,7654365,Terdaftar,1
288210216,UD. Elen Brawijaya,Jasa,10053443,6720804,Terdaftar,1
288210217,UD. Gilangga Anugerah,Perusahaan,18705509,5743520,Terdaftar,1
288210218,UD. Alya Utamajaya,Jasa,33120622,6852319,Terdaftar,1
288210219,UD. Zera Berkarya,Perdagangan,2479924,3029003,Belum Terdaftar,0
288210220,UD. Joko Atma,Jasa,3266252,9209376,Belum Terdaftar,0
288210221,UD. Hilmi Bahari,Perdagangan,11095080,2653472,Terdaftar,1
288210222,UD. Obed Harapan,Pendidikan,39075302,7498989,Belum Terdaftar,0
288210223,UD. Priska Resmi Lina,Perdagangan,14047576,8648460,Terdaftar,1
288210224,UD. Qayla Rejo Sella,Pendidikan,45380389,1515140,Terdaftar,1
288210225,UD. Cakra Purnama Gerry,Jasa,42009352,4465480,Terdaftar,1
288210226,UD. Yudi Utama,Kesehatan,12295589,3744973,Terdaftar,1
unknown,UD. Uchie Segar,Kesehatan,49464426,696884,Belum Terdaftar,0
288210228,UD. Livia Jayeng,Pendidikan,7820852,3243022,Terdaftar,1
288210229,UD. Ida Brawijaya,Pendidikan,38856077,6871546,Terdaftar,1
288210230,UD. Yusuf Tirtaatmaja,Jasa,36045605,1952083,Belum Terdaftar,0
288210231,UD. Celsi Ananta,Kesehatan,8186721,2186726,Terdaftar,1
288210232,UD. Lando Sangkala,Perdagangan,48039384,8319729,Belum Terdaftar,0
288210233,UD. Diyan Paningrat,Pendidikan,36572137,6313748,Belum Terdaftar,0
288210234,UD. Farhan Prabawa,Perdagangan,45521051,7965893,Belum Terdaftar,0
288210235,UD. Indira Sanjaya,Pendidikan,31449330,2360194,Belum Terdaftar,0
288210236,UD. Gadis Panembahan,Kesehatan,18669981,9858178,Belum Terdaftar,0
288210237,UD. Taufik Sukarela,Perdagangan,32036150,8486266,Belum Terdaftar,0
288210238,UD. Zahira Binasena,Perdagangan,25458214,7552088,Belum Terdaftar,0
288210239,UD. Owen Pramana,Perdagangan,25614564,9674846,Terdaftar,1
288210240,UD. Yusuf Jagadmaya,Jasa,5390633,6125447,Terdaftar,1
288210241,UD. Jibril Putri,Jasa,36774203,4191334,Terdaftar,1
288210242,UD. Tania Darussalam,Pendidikan,28766849,8623127,Terdaftar,1
288210243,UD. Farid Ceria,Pendidikan,18412948,3538433,Belum Terdaftar,0
288210244,UD. Riko Nirwana,Jasa,16698977,8768038,Belum Terdaftar,0
288210245,UD. Riko Satria,Kesehatan,17877522,3113816,Terdaftar,1
288210246,UD. Bayu Wirajaya,Kesehatan,3185447,6023581,Terdaftar,1
288210247,UD. Sekar Wicaksana,Pendidikan,45368798,543100,Belum Terdaftar,0
288210248,UD. Barokah Brawijaya,Jasa,47113433,6081944,Terdaftar,1
288210249,UD. Qayla Putri Dito,Jasa,4558731,7116288,Belum Terdaftar,0
,UD. Habib Pramudita,Perdagangan,7724573,9965346,Belum Terdaftar,0
288210251,UD. Poppy Mahkota,Kesehatan,23730649,,Terdaftar,1
288210252,UD. Yusuf Kayastha,Kesehatan,31842814,2714226,Terdaftar,1
288210253,UD. Tari Surapati,Jasa,4129007,9457599,Terdaftar,1
288210254,UD. Owen Resmi,Jasa,2151100,2746309,Belum Terdaftar,0
288210255,UD. Mario Cahaya,,20335006,8679510,Terdaftar,1
288210256,UD. Putra Prawira,Kesehatan,34952111,7506107,Terdaftar,1
288210257,UD. Naila Kusumah,Pendidikan,37435022,5530681,Belum Terdaftar,0
288210258,UD. Yolanda Wiraatmaja,Perdagangan,25061961,1219047,Terdaftar,1
288210259,UD. Tegar Ilir,Pendidikan,21831399,5655829,Belum Terdaftar,0
288210260,UD. Rafi Mardika,Perdagangan,33306073,9884521,Belum Terdaftar,0
288210261,UD. Jojo Kusuma,Perdagangan,46068424,1299957,Terdaftar,1
288210262,UD. Gilang Harapan,Perdagangan,36315892,7767436,Belum Terdaftar,0
288210263,UD. Gisel Harmoni,Jasa,27484432,5457298,Terdaftar,1
288210264,UD. Viera Utamajaya,Perdagangan,14198789,1233439,Terdaftar,1
288210265,UD. Budi Darma Yora,Perdagangan,8828175,5556085,Terdaftar,1
288210266,UD. Hilmi Sukma,Perdagangan,25948949,2085557,Belum Terdaftar,0
288210267,UD. Jibril Brata,Pendidikan,1828582,8773534,Terdaftar,1
288210268,UD. Marwan Tunggul,Pendidikan,3172220,1059882,Belum Terdaftar,0
288210269,UD. Cici Sundawa,Kesehatan,9015923,592497,Terdaftar,1
288210270,UD. Karla Sangga,Jasa,14912259,4365121,Belum Terdaftar,0
288210271,UD. Ilmi Adhi,Perdagangan,46864643,6485008,Belum Terdaftar,0
288210272,UD. Dea Bangun,Perdagangan,43615496,6193032,Belum Terdaftar,0
288210273,UD. Gilang Widuri,Jasa,18012941,8073106,Terdaftar,1
288210274,UD. Hanafi Kusumajati,Kesehatan,43123945,9466501,Terdaftar,1
288210275,UD. Damaris Galang,Pendidikan,25581362,624151,Terdaftar,1
288210276,UD. Rafif Cempaka,Pendidikan,9240345,5626947,Belum Terdaftar,0
288210277,UD. Kanza Lempung,Perdagangan,49602818,2611069,Belum Terdaftar,0
288210278,UD. Xenia Kusen,Perdagangan,21397407,3715901,Terdaftar,1
288210279,UD. Winda Paningrat,Pendidikan,15769330,6953821,Terdaftar,1
288210280,UD. Isna Trisula,Jasa,9185218,1347028,Terdaftar,1
288210281,UD. Fatiah Berkarya,Jasa,42342860,5900113,Terdaftar,1
288210282,UD. Poppy Ceria Jasmin,Jasa,48989099,2212350,Belum Terdaftar,0
288210283,UD. Halim Cerah,Jasa,25310136,4634007,Belum Terdaftar,0
288210284,UD. Reza Berkarya Santi,Jasa,16248956,6673551,Terdaftar,1
288210285,UD. Dea Ananta,Pendidikan,4102999,8283762,Belum Terdaftar,0
288210286,UD. Alif Widjaja,Kesehatan,20216019,5062800,Belum Terdaftar,0
288210287,UD. Jihan Nirwasita,Pendidikan,9504393,7688751,Terdaftar,1
288210288,UD. Shinta Jati,Pendidikan,3925270,8138437,Belum Terdaftar,0
288210289,UD. Citra Ratu Guntur,Kesehatan,4129843,7810738,Belum Terdaftar,0
288210290,UD. Anis Berkarya,Perdagangan,47220384,1888381,Belum Terdaftar,0
288210291,UD. Rahmat Sukadarma Halim,Kesehatan,15927798,9339971,Terdaftar,1
288210292,UD. Ari Saputra,Pendidikan,49423501,7345672,Belum Terdaftar,0
288210293,UD. Pipit Saputra,Jasa,34969652,9219956,Terdaftar,1
288210294,UD. Mila Reswara,Kesehatan,32548239,4730729,Belum Terdaftar,0
288210295,UD. Ina Sukarela,Jasa,5162642,unknown,Belum Terdaftar,0
288210296,UD. Hanafi Tirtaatmaja,Pendidikan,18646496,820863,Terdaftar,1
,UD. Zulkarnaen Wijapranata Irma,Jasa,20090472,3305938,Belum Terdaftar,0
288210298,UD. Tariq Mulyo Zera,Kesehatan,46779905,1000401,Belum Terdaftar,0
288210299,UD. Kiki Jayawarsa,Perdagangan,8432805,4344688,Terdaftar,1
288210300,UD. Hasna Utamajaya,Jasa,5165296,7228850,Belum Terdaftar,0
288210301,UD. Anang Wisesa,Jasa,41396551,1652706,Terdaftar,1
288210302,UD. Dina Cahaya,Kesehatan,24207810,6103240,Belum Terdaftar,0
288210303,UD. Hana Mahkota Taufik,Perdagangan,6723383,6447455,Belum Terdaftar,0
288210304,UD. Made Panembahan,Perdagangan,21405824,4637324,Terdaftar,1
288210305,UD. Haidar Maju Indira,Pendidikan,10884244,4425471,Belum Terdaftar,0
288210306,UD. Ulya Adiwarna Pandu,Pendidikan,34507448,3652288,Terdaftar,1
288210307,UD. Desi Gita,,44461063,7171903,Terdaftar,1
288210308,UD. Agus Arsana,Pendidikan,18637334,9246484,Belum Terdaftar,0
288210309,UD. Cipta Pelangi,Kesehatan,27120616,1752738,Belum Terdaftar,0
288210310,UD. Livia Wetan Uti,Pendidikan,,2085970,Terdaftar,1
288210311,UD. Bagir Kencana,Pendidikan,47756554,5441830,Terdaftar,1
288210312,UD. Nina Anugerah,Pendidikan,16440271,7090064,Terdaftar,1
288210313,UD. Grego Tirtayasa,Perdagangan,29296840,2249784,Belum Terdaftar,0
288210314,UD. Kirana Utamaindah,Jasa,27077424,3938422,Terdaftar,1
288210315,UD. Santi Kamajaya,Perdagangan,24225951,1609595,Belum Terdaftar,0
288210316,UD. Jihan Asri Riyan,Kesehatan,36043182,2516775,Terdaftar,1
288210317,UD. Adinda Wijaya Koko,Pendidikan,3866982,7419678,Belum Terdaftar,0
288210318,UD. Joko Trijaya,Perdagangan,44478463,5499906,Terdaftar,1
288210319,UD. Chika Mulya Kamil,Pendidikan,6073827,8678685,Terdaftar,1
288210320,UD. Riko Pusaka,Jasa,9200622,1125432,Belum Terdaftar,0
288210321,UD. Jojo Sunardi,Kesehatan,47844592,7303871,Terdaftar,1
288210322,UD. Zera Madusari,Perdagangan,41231030,6623747,Belum Terdaftar,0
288210323,UD. Anis Madusari,Kesehatan,45310365,5961919,Belum Terdaftar,0
288210324,UD. Bulan Atma,Jasa,31524990,9829671,Belum Terdaftar,0
288210325,UD. Widya Taruna,Jasa,13397307,655844,Terdaftar,1
288210326,UD. Habib Wicaksana,Kesehatan,13565342,5894410,Belum Terdaftar,0
288210327,UD. Prananda Kusumasari,Perdagangan,1137753,6430130,Belum Terdaftar,0
288210328,UD. Poppy Prima,Kesehatan,41000175,5322978,Terdaftar,1
288210329,UD. Ari Satriya,Jasa,22757414,2605055,Terdaftar,1
288210330,UD. Thariq Merdeka,Jasa,11854889,4548118,Terdaftar,1
288210331,UD. Tegar Jayengprana,Perdagangan,46582749,5846055,Terdaftar,1
288210332,UD. Berlian Merdeka,Pendidikan,42581697,1617370,Terdaftar,1
288210333,UD. Habib Bintang,Jasa,33104988,967076,Belum Terdaftar,0
288210334,UD. Yani Berkarya,Pendidikan,17819637,4207724,Terdaftar,1
288210335,UD. Oki Satria,Perdagangan,26418911,,Belum Terdaftar,0
288210336,UD. Dea Pancasila,Jasa,37166763,8131232,Belum Terdaftar,0
288210337,UD. Fira Sasmita,Pendidikan,42092338,5648205,Terdaftar,1
288210338,UD. Nando Dewangga,Pendidikan,5605178,547507,Terdaftar,1
288210339,UD. Farhan Lingga,Jasa,29228884,2135676,Terdaftar,1
288210340,UD. Erni Bersemi,Pendidikan,1368922,1970335,Belum Terdaftar,0
288210341,UD. Baim Ranggalawe,Jasa,23661847,3852962,Belum Terdaftar,0
288210342,UD. Deni Nirwasita,Pendidikan,47466081,8064040,Belum Terdaftar,0
288210343,UD. Hanaura Wicaksana,Pendidikan,17469782,9349592,Terdaftar,1
288210344,UD. Ilmi Kayastha Desta,Pendidikan,27436339,7417053,Belum Terdaftar,0
288210345,UD. Odie Sasmita,Jasa,19379597,3942557,Belum Terdaftar,0
288210346,UD. Lono Gatra,Perdagangan,49520358,9574738,Terdaftar,1
288210347,UD. Wulan Kusumatmaja,Perdagangan,28192388,5622049,Belum Terdaftar,0
288210348,UD. Alif Yudhistira,Jasa,25192628,906604,Terdaftar,1
288210349,UD. Ulfa Wira,Perdagangan,20095624,8236290,Terdaftar,1
288210350,UD. Hesti Kawiswara,Perdagangan,33773420,4239102,Belum Terdaftar,0
288210351,UD. Indira Suryaatmaja,Kesehatan,1821230,2579594,Belum Terdaftar,0
288210352,UD. Mirna Putri,Perdagangan,6537764,4679405,Terdaftar,1
288210353,UD. Muthia Manunggal,Perdagangan,6567495,4960942,Belum Terdaftar,0
288210354,UD. Owen Jaya,Pendidikan,4747613,2073926,Belum Terdaftar,0
288210355,UD. Gadis Ananta Kiki,Jasa,3427667,8729409,Belum Terdaftar,0
288210356,UD. Mira Pamungkas,Pendidikan,5227996,6341637,Terdaftar,1
288210357,UD. Krisna Langit,Jasa,44900279,3856737,Belum Terdaftar,0
288210358,UD. Deni Madani,Jasa,1959755,6153932,Terdaftar,1
288210359,UD. Agus Asa,Jasa,18619027,8251008,Belum Terdaftar,0
288210360,UD. Heri Kusumasari,Jasa,10726485,8787258,Belum Terdaftar,0
288210361,UD. Vega Merdeka,Kesehatan,43135277,2093151,Terdaftar,1
288210362,UD. Balqis Pamungkas,Jasa,19157868,1889043,Belum Terdaftar,0
288210363,UD. Alya Pelangi,Perdagangan,21526105,1910677,Belum Terdaftar,0
288210364,UD. Livia Bintang,Perdagangan,15670956,4209608,Terdaftar,1
288210365,UD. Lina Warna,Kesehatan,28762030,8456237,Belum Terdaftar,0
288210366,UD. Umar Sasmita,Jasa,37618346,2802012,Belum Terdaftar,0
288210367,UD. Yusuf Wicaksana Umar,Jasa,45857782,5877548,Terdaftar,1
288210368,UD. Jojo Tejakencana,Pendidikan,44774695,4765155,Terdaftar,1
288210369,UD. Kirana Panuluh,Perdagangan,36374664,7161394,Belum Terdaftar,0
288210370,UD. Rangga Kencana,Perdagangan,11985473,8907255,Belum Terdaftar,0
288210371,UD. Cahya Padi,Pendidikan,40651945,3733059,Terdaftar,1
288210372,UD. Utha Wirajaya,Jasa,19076187,1642085,Belum Terdaftar,0
288210373,UD. Fadli Purnama,Kesehatan,19603470,4628523,Terdaftar,1
288210374,UD. Vito Padi,,29192948,5984360,Belum Terdaftar,0
288210375,UD. Winda Permai,Pendidikan,47238349,903980,Belum Terdaftar,0
288210376,UD. Alif Utama,Kesehatan,14884010,7758285,Terdaftar,1
288210377,UD. Haidar Utamaindah,Kesehatan,41619750,2781230,Belum Terdaftar,0
288210378,UD. Celsi Mandala Pio,Jasa,21846914,3084610,Belum Terdaftar,0
288210379,UD. Aldo Wirawati,Perdagangan,26971188,5406962,Belum Terdaftar,0
288210380,UD. Alif Prana,Pendidikan,25303077,8030225,Terdaftar,1
288210381,UD. Bambang Langit Jojo,Jasa,8840965,5570542,Belum Terdaftar,0
288210382,UD. Citra Kusumatmaja,Pendidikan,32486498,6518709,Belum Terdaftar,0
288210383,UD. Jojo Wira,Perdagangan,41567722,1403960,Belum Terdaftar,0
288210384,UD. Tegar Putra,Pendidikan,48927571,3296707,Belum Terdaftar,0
288210385,UD. Ulil Maju,Kesehatan,14375088,1304233,Belum Terdaftar,0
288210386,UD. Verdi Galang,Pendidikan,17977975,6065707,Terdaftar,1
288210387,UD. Santi Buana,Pendidikan,3754562,3251812,Terdaftar,1
288210388,UD. Pipit Kawiswara Cipta,Kesehatan,11216259,3068595,Belum Terdaftar,0
288210389,UD. Nadia Wacana Tegar,Kesehatan,17584586,8269124,Terdaftar,1
288210390,UD. Utha Prana,Perdagangan,14354556,6512014,Terdaftar,1
288210391,UD. Pasha Jayabaya,Jasa,49162270,6973000,Terdaftar,1
288210392,UD. Baim Prima,Jasa,25007708,2957355,Belum Terdaftar,0
288210393,UD. Monica Jati,Perdagangan,42513381,3644900,Belum Terdaftar,0
288210394,UD. Satria Putra,Jasa,10809235,4387432,Terdaftar,1
288210395,UD. Laila Dewangga,Pendidikan,33370174,6676191,Belum Terdaftar,0
288210396,UD. Ilham Sudarsana Budi,Pendidikan,1624378,923069,Terdaftar,1
288210397,UD. Qomar Mayang,Pendidikan,47579286,1345293,Terdaftar,1
288210398,UD. Khalid Prana,Jasa,24623125,3136178,Belum Terdaftar,0
288210399,UD. Eddy Saputrautama,Pendidikan,41421160,7989339,Terdaftar,1
288210400,UD. Valen Bima,Perdagangan,25887507,3909789,Terdaftar,1
288210401,UD. Ghani Kusumatmaja,Jasa,15844013,6575265,Terdaftar,1
288210402,UD. Marsel Wetan,Pendidikan,11304318,2829285,Belum Terdaftar,0
288210403,UD. Zidan Wijaksana,Jasa,40324284,7707540,Terdaftar,1
288210404,UD. Binar Wangi,Jasa,5921765,7859980,Terdaftar,1
288210405,UD. Damar Baskara,Jasa,28408049,9922267,Terdaftar,1
288210406,UD. Anisa Mega,Pendidikan,16509894,9859370,Belum Terdaftar,0
288210407,UD. Nando Kusumah Jaya,Kesehatan,29743575,9045096,Belum Terdaftar,0
288210408,UD. Alvino Bersemi,Pendidikan,36224984,6943546,Terdaftar,1
288210409,UD. Viera Jati,Perdagangan,29922317,7315869,Terdaftar,1
288210410,UD. Pardi Harapan,Perdagangan,33632062,3874803,Belum Terdaftar,0
288210411,UD. Vita Wibawa,Perdagangan,21957980,562394,Belum Terdaftar,0
288210412,UD. Fikra Bangun,Pendidikan,2459010,6355353,Terdaftar,1
288210413,UD. Agus Galuh,Pendidikan,46662566,3310247,Belum Terdaftar,0
288210414,UD. Vera Satya,Pendidikan,49128335,5201258,Belum Terdaftar,0
288210415,UD. Rian Sumringah,Pendidikan,9101332,2466529,Belum Terdaftar,0
288210416,UD. Erlangga Kusen,Jasa,11494804,2665756,Belum Terdaftar,0
288210417,UD. Tari Malam,Perdagangan,35337877,9688509,Belum Terdaftar,0
288210418,UD. Xenia Kencana Joko,Pendidikan,47297430,5988875,Terdaftar,1
288210419,UD. Anisa Wibawa Kiki,Pendidikan,26247664,3308010,Belum Terdaftar,0
288210420,UD. Binar Jayawarsa,Kesehatan,26645951,8240111,Belum Terdaftar,0
288210421,UD. Vera Pusaka,Perdagangan,10157320,1966136,Terdaftar,1
288210422,UD. Farid Harapan,Perdagangan,43541937,4500074,Belum Terdaftar,0
288210423,UD. Zainab Saprahan Ujang,Pendidikan,10841645,8669792,Belum Terdaftar,0
288210424,UD. Yani Atma,Perdagangan,19459103,6797312,Belum Terdaftar,0
288210425,UD. Yola Mega,Kesehatan,38778723,4946835,Terdaftar,1
288210426,UD. Winda Mandiri,Kesehatan,12750638,9382504,Terdaftar,1
288210427,UD. Kinan Panembahan,Perdagangan,11819555,7550522,Belum Terdaftar,0
288210428,UD. Lina Rejo,Pendidikan,43194180,1018951,Terdaftar,1
288210429,UD. Indira Wijaya Ina,Pendidikan,30384921,1597355,Belum Terdaftar,0
288210430,UD. Oki Panuluh,Jasa,25810007,4699623,Belum Terdaftar,0
288210431,UD. Rangga Utamajaya,Jasa,24637928,4278043,Terdaftar,1
288210432,UD. Hesti Manggala,Perdagangan,24351658,3502004,Belum Terdaftar,0
288210433,UD. Nina Wirawati,Perdagangan,24205645,9448434,Belum Terdaftar,0
288210434,UD. Gilang Persada,Kesehatan,29990170,4782785,Terdaftar,1
288210435,UD. Ojan Langit,Pendidikan,48359499,9798851,Terdaftar,1
288210436,UD. Sella Utama,Jasa,18225297,3972580,Belum Terdaftar,0
288210437,UD. Gadis Prabawa,Perdagangan,39299784,8710476,Belum Terdaftar,0
288210438,UD. Khayla Bahagia,Kesehatan,45236353,6262577,Terdaftar,1
288210439,UD. Gracia Sakti,Jasa,48707634,4888142,Terdaftar,1
288210440,UD. Daffa Saputranegara,Pendidikan,49603301,8736544,Terdaftar,1
288210441,UD. Pasha Bagaskara,Perdagangan,48696460,608515,Terdaftar,1
288210442,UD. Ulya Putra,Perdagangan,14826222,9000972,Terdaftar,1
288210443,UD. Valen Nirbayu,Pendidikan,17329943,3266884,Belum Terdaftar,0
288210444,UD. Arman Prima,Jasa,30959041,9588350,Terdaftar,1
288210445,UD. Daffa Ceria,Perdagangan,27097020,8726758,Terdaftar,1
288210446,UD. Yasir Sangga Vina,Kesehatan,5128248,600983,Terdaftar,1
288210447,UD. Ziva Permai,Perdagangan,18813349,7591240,Terdaftar,1
288210448,UD. Qais Cerah,Perdagangan,47280941,1557067,Terdaftar,1
288210449,UD. Vincent Mega,Perdagangan,49426222,4168344,Belum Terdaftar,0
288210450,UD. Nara Dwijaputra,Perdagangan,37620433,4309166,Belum Terdaftar,0
288210451,UD. Echa Jayabaya,Pendidikan,19922859,1528976,Belum Terdaftar,0
288210452,UD. Baim Setia Chika,Jasa,14279297,4856990,Terdaftar,1
288210453,UD. Jaya Adiwarna,Pendidikan,26649625,3071682,Terdaftar,1
288210454,UD. Yani Wening Tono,Kesehatan,12035711,9528688,Belum Terdaftar,0
288210455,UD. Vega Lintang,Perdagangan,15157527,7391546,Terdaftar,1
288210456,UD. Gema Gita,Pendidikan,44118063,7558452,Belum Terdaftar,0
288210457,UD. Raka Panuluh,Jasa,29738202,1456711,Belum Terdaftar,0
288210458,UD. Deni Tirtayasa,Perdagangan,28703798,7867513,Terdaftar,1
288210459,UD. Uchie Manik Bayu,Kesehatan,31819636,1999908,Belum Terdaftar,0
288210460,UD. Iqra Sakti Livia,Kesehatan,32863795,6502528,Belum Terdaftar,0
288210461,UD. Ojan Panembahan Cici,Kesehatan,8688821,6692048,Belum Terdaftar,0
288210462,UD. Viani Jayawarsa,Kesehatan,3182684,9371620,Terdaftar,1
288210463,UD. Dewi Darma,Perdagangan,3357113,8082427,Belum Terdaftar,0
288210464,UD. Halim Asri Yoga,Jasa,44834222,6839079,Terdaftar,1
288210465,UD. Zara Baswara,Perdagangan,31826718,1688726,Terdaftar,1
288210466,UD. Alma Resmi,Perdagangan,29843233,4606657,Terdaftar,1
288210467,UD. Ujang Senopati Winda,Kesehatan,20922474,9824916,Terdaftar,1
288210468,UD. Kevin Anggara,Perdagangan,7784540,9551243,Terdaftar,1
288210469,UD. Teguh Brawijaya,Jasa,31648949,8111889,Terdaftar,1
288210470,UD. Novi Maheswara,Jasa,4535846,7871119,Belum Terdaftar,0
288210471,UD. Gerry Dharma,Jasa,49485920,9050049,Terdaftar,1
288210472,UD. Muthia Mulya,Perdagangan,44851176,6205209,Belum Terdaftar,0
288210473,UD. Bayu Trisudira,Kesehatan,4377520,7596930,Terdaftar,1
288210474,UD. Jay Sahaja,Perdagangan,27876032,4627321,Terdaftar,1
288210475,UD. Vera Cinta,Kesehatan,8376282,2253756,Terdaftar,1
288210476,UD. Fira Adyatma,Perdagangan,41595122,8913019,Terdaftar,1
288210477,UD. Teguh Kencana,Perdagangan,1378493,6135385,Belum Terdaftar,0
288210478,UD. Hesti Buana,Jasa,49764277,3570624,Terdaftar,1
288210479,UD. Daffa Elok,Perdagangan,5128841,5254417,Terdaftar,1
288210480,UD. Vita Madani Celsi,Pendidikan,26946697,6359033,Belum Terdaftar,0
288210481,UD. Najwa Ayodya,Kesehatan,5708480,9452097,Terdaftar,1
288210482,UD. Utami Wangi,Jasa,13191983,4040086,Belum Terdaftar,0
288210483,UD. Tasya Anggara,Pendidikan,26087132,6180758,Belum Terdaftar,0
288210484,UD. Andi Pelangi Gani,Kesehatan,24556040,1786192,Terdaftar,1
288210485,UD. Vita Setia,Kesehatan,1040679,5266219,Belum Terdaftar,0
288210486,UD. Barokah Panuluh Marwan,Pendidikan,36470376,4954653,Belum Terdaftar,0
288210487,UD. Umar Berkarya,Perdagangan,21377303,2322359,Belum Terdaftar,0
288210488,UD. Taufik Jayaningrat,Jasa,4436888,8495703,Terdaftar,1
288210489,UD. Zera Reswara,Pendidikan,17313334,6542264,Terdaftar,1
288210490,UD. Mario Adyatma,Kesehatan,38056185,3329761,Belum Terdaftar,0
288210491,UD. Wulan Gandewa,Kesehatan,10040716,5834656,Terdaftar,1
288210492,UD. Tania Pusaka,Perdagangan,11338344,1044969,Terdaftar,1
288210493,UD. Tania Binasena Sinta,Pendidikan,22396930,1071041,Belum Terdaftar,0
288210494,UD. Yora Asmaralaya,Pendidikan,49399797,8310436,Terdaftar,1
288210495,UD. Ida Tunggul,Kesehatan,48956741,893677,Belum Terdaftar,0
288210496,UD. Fani Ananta,Pendidikan,25232140,1238309,Terdaftar,1
288210497,UD. Berlian Sakti,Jasa,33189947,5782634,Belum Terdaftar,0
288210498,UD. Umi Satria,Pendidikan,23405916,1456454,Belum Terdaftar,0
288210499,UD. Pio Madya,Perdagangan,7003659,1580250,Belum Terdaftar,0
288210500,UD. Amir Mandala Sani,Jasa,46632378,2551796,Belum Terdaftar,0
288210501,UD. Daffa Luhur Galang,Pendidikan,5283577,6786487,Terdaftar,1
288210502,UD. Ilmi Pagi,Perdagangan,35870102,4279702,Belum Terdaftar,0
288210503,UD. Qyla Bagaskara,Pendidikan,31039170,3909497,Terdaftar,1
288210504,UD. Olla Kayastha,Perdagangan,41500027,2571305,Terdaftar,1
288210505,UD. Muthia Wijaya,Kesehatan,6724045,6950327,Belum Terdaftar,0
288210506,UD. Iqbal Wirawati Vito,Perdagangan,4179105,7936093,Terdaftar,1
288210507,UD. Hendra Resaputra Galih,Jasa,11540809,4413319,Belum Terdaftar,0
288210508,UD. Qori Manggala,Kesehatan,48360003,9435091,Terdaftar,1
288210509,UD. Silvi Gita,Perdagangan,36491878,3721871,Belum Terdaftar,0
288210510,UD. Kanza Madani,Kesehatan,4254896,9062526,Terdaftar,1
288210511,UD. Kiki Suci,Pendidikan,24433761,8680593,Belum Terdaftar,0
288210512,UD. Kevin Nirbayu,Kesehatan,1857303,7617051,Belum Terdaftar,0
288210513,UD. Nisa Wirajaya,Jasa,8651447,4746577,Terdaftar,1
288210514,UD. Laras Kusuma,Jasa,33866584,1216757,Terdaftar,1
288210515,UD. Fatimah Asri,Jasa,9849678,8155130,Terdaftar,1
288210516,UD. Gani Saprahan,Jasa,29753675,3522757,Terdaftar,1
288210517,UD. Gracia Dharma,Perdagangan,24331968,2137188,Belum Terdaftar,0
288210518,UD. Yusuf Malam Zainab,Jasa,49583031,7342311,Terdaftar,1
288210519,UD. Aqila Sarwono,Perdagangan,15068616,4387458,Belum Terdaftar,0
288210520,UD. Jasmin Kayastha,Jasa,,4176143,Terdaftar,1
288210521,UD. Habib Sakti,Jasa,1649357,7955408,Terdaftar,1
288210522,UD. Bella Wirajaya,Perdagangan,23426613,2107541,Belum Terdaftar,0
288210523,UD. Winda Kayastha,Perdagangan,33223959,4057371,Terdaftar,1
288210524,UD. Guntur Wijaya Widya,Kesehatan,16172087,5976033,Belum Terdaftar,0
288210525,UD. Icha Taruna,Pendidikan,33419892,3126180,Terdaftar,1
288210526,UD. Ucup Ratu Ujang,Jasa,23909171,2798753,Belum Terdaftar,0
288210527,UD. Sekar Jati,Perdagangan,18019497,2841278,Terdaftar,1
288210528,UD. Ina Ananta,Jasa,27485930,8153598,Belum Terdaftar,0
288210529,UD. Rizki Jatinagara,Perdagangan,42979025,7466601,Belum Terdaftar,0
288210530,UD. Kiki Wijaksana,Jasa,42633099,8481170,Belum Terdaftar,0
288210531,UD. Yusuf Mardika,Perdagangan,30340514,6302424,Terdaftar,1
288210532,UD. Naufal Ayodya Livia,Kesehatan,29103019,8506343,Terdaftar,1
288210533,UD. Ovan Wirawati,Kesehatan,49618229,5912706,Belum Terdaftar,0
288210534,UD. Diva Saputra,Jasa,7666518,1515101,Belum Terdaftar,0
288210535,UD. Irma Kalbu,Kesehatan,12862101,4404254,Belum Terdaftar,0
288210536,UD. Fira Gandewa,Pendidikan,19557386,9386659,Terdaftar,1
288210537,UD. Qila Nirbayu,Perdagangan,12069229,9577693,Belum Terdaftar,0
288210538,UD. Livia Haji,Pendidikan,17385200,9598054,Belum Terdaftar,0
288210539,UD. Anis Sangga,Kesehatan,40533340,7029940,Belum Terdaftar,0
288210540,UD. Qisha Resaputra,Pendidikan,8026904,1733580,Belum Terdaftar,0
288210541,UD. Jordi Bintang,Kesehatan,12405911,5396846,Belum Terdaftar,0
288210542,UD. Abdi Artha,Jasa,20010106,4702977,Terdaftar,1
288210543,UD. Alya Utamaindah,Pendidikan,21368692,7486389,Belum Terdaftar,0
288210544,UD. Ujang Hastinapura Ujang,Kesehatan,33320835,6578725,Terdaftar,1
288210545,UD. Bayu Bersemi Jibril,Kesehatan,12579748,2592864,Terdaftar,1
288210546,UD. Gracia Sukma,Kesehatan,49228030,9255794,Belum Terdaftar,0
288210547,UD. Rangga Nirmala,Kesehatan,2123868,6973609,Belum Terdaftar,0
288210548,UD. Dani Satriya,Perdagangan,49301918,7458541,Belum Terdaftar,0
288210549,UD. Farid Jayengpati,Jasa,38978200,7963585,Belum Terdaftar,0
288210550,UD. Ulil Jayengprana,Kesehatan,28700644,,Terdaftar,1
288210551,UD. Bella Swargaloka,Perdagangan,49789566,7501510,Terdaftar,1
288210552,UD. Damar Bersemi,Perdagangan,8320310,8270937,Terdaftar,1
288210553,UD. Qory Cahaya,Jasa,40977392,2334210,Terdaftar,1
288210554,UD. Dewi Arya,Kesehatan,20620949,4813494,Belum Terdaftar,0
288210555,UD. Yana Resmi,Perdagangan,20977948,2050809,Terdaftar,1
288210556,UD. Umi Suryaputra,Perdagangan,32979491,5543373,Terdaftar,1
288210557,UD. Fira Jaya,Jasa,43397554,3561359,Terdaftar,1
288210558,UD. Dora Kayastha Bagir,Kesehatan,48134796,694950,Belum Terdaftar,0
288210559,UD. Bulan Radhitya,Pendidikan,19626178,6170973,Belum Terdaftar,0
288210560,UD. Deni Galuh,Pendidikan,1755309,7600422,Belum Terdaftar,0
288210561,UD. Yana Bratadikara,Perdagangan,35654613,6535580,Terdaftar,1
288210562,UD. Ulya Nirbayu,Pendidikan,29389744,3311805,Belum Terdaftar,0
288210563,UD. Kevin Nusa,Pendidikan,3054388,6567731,Belum Terdaftar,0
288210564,UD. Veronika Surya,Jasa,49184867,2595957,Belum Terdaftar,0
288210565,UD. Prita Tirta,Kesehatan,6171593,4102741,Belum Terdaftar,0
288210566,UD. Nayla Permai,Jasa,43120311,8638566,Belum Terdaftar,0
288210567,UD. Bayu Wening,Jasa,22986056,7949182,Terdaftar,1
288210568,UD. Yusuf Mayang,Pendidikan,9742838,5928984,Belum Terdaftar,0
,UD. Viera Widuri,Jasa,13659602,6453130,Belum Terdaftar,0
288210570,UD. Tari Dwijaputra Inten,Jasa,37540448,1587312,Belum Terdaftar,0
288210571,UD. Yora Sunardi,Jasa,23815098,7273618,Belum Terdaftar,0
288210572,UD. Alma Sundawa,Perdagangan,37891678,7018677,Terdaftar,1
288210573,UD. Arman Makmur,Jasa,44136466,4189907,Belum Terdaftar,0
288210574,UD. Gisel Trisaktiatma,Perdagangan,26814449,1720546,Belum Terdaftar,0
288210575,UD. Evan Wijapranata Eren,Kesehatan,3311286,8766159,Terdaftar,1
288210576,UD. Carissa Tirta,Perdagangan,,3951293,Belum Terdaftar,0
288210577,UD. Uchie Malam Qira,Jasa,27039373,3983232,Belum Terdaftar,0
288210578,UD. Elen Cendana Fikra,Jasa,20558722,7130726,Terdaftar,1
288210579,UD. Zulfa Lestari,Jasa,37035446,2968815,Belum Terdaftar,0
288210580,UD. Farid Artha Gusti,Kesehatan,48524001,7553151,Belum Terdaftar,0
288210581,UD. Mila Dwijaputra,Kesehatan,38854258,9921825,Belum Terdaftar,0
288210582,UD. Kamil Wiraatmaja,Pendidikan,2782747,9111311,Terdaftar,1
288210583,UD. Salsa Artha Poppy,Kesehatan,9003026,3724386,Terdaftar,1
288210584,UD. Indira Mandiri Deni,Jasa,4835686,4963854,Belum Terdaftar,0
288210585,UD. Ilham Brawijaya,Perdagangan,34501401,5816781,Belum Terdaftar,0
288210586,UD. Damaris Kelana,Kesehatan,2822403,1078932,,0
288210587,UD. Omar Sidarta,Kesehatan,26353611,7623971,Terdaftar,1
288210588,UD. Qisya Cinta,Kesehatan,20008409,4158326,,0
288210589,UD. Pipit Jayabaya,Perdagangan,7142918,1236647,Terdaftar,1
288210590,UD. Nisa Sudarsana,Pendidikan,32115353,5113641,Terdaftar,1
288210591,UD. Krisna Sangga Taufan,Pendidikan,15065793,3181343,Terdaftar,1
288210592,UD. Naufal Asri,Pendidikan,3937658,4808080,Terdaftar,1
288210593,UD. Bagir Artha,Jasa,3211871,3086697,Terdaftar,1
288210594,UD. Fahmi Pramana,Jasa,15420018,6505337,Terdaftar,1
288210595,UD. Vino Cahaya,Kesehatan,11248571,8348342,Terdaftar,1
288210596,UD. Putra Prabawa,Kesehatan,4023114,5737052,Terdaftar,1
288210597,UD. Widya Wijaya,Jasa,22669663,5156411,Belum Terdaftar,0
288210598,UD. Dito Tejakusuma,Pendidikan,46530619,7416915,Belum Terdaftar,0
288210599,UD. Ulya Karya,Kesehatan,49772543,4965209,Terdaftar,1
288210600,UD. Widya Sudharmo Jafar,Perdagangan,4614158,4136938,Terdaftar,1
288210601,UD. Dito Lingga,Perdagangan,17884229,8993549,Terdaftar,1
288210602,UD. Syana Panembahan,Jasa,17105351,1977376,Terdaftar,1
288210603,UD. Fani Sumringah,Pendidikan,19951696,8800896,Belum Terdaftar,0
288210604,UD. Ucup Pancasila,Pendidikan,31621542,2481512,Terdaftar,1
288210605,UD. Owen Elok,Kesehatan,37218194,8134539,Belum Terdaftar,0
288210606,UD. Zahra Wiraatmaja,Pendidikan,8735676,963310,Belum Terdaftar,0
288210607,UD. Salsa Sulaksana Tasya,Jasa,21258178,7736867,Belum Terdaftar,0
288210608,UD. Fira Bratadikara,Pendidikan,7748016,990596,Belum Terdaftar,0
288210609,UD. Gema Wicaksana,Perdagangan,2769160,7368485,Terdaftar,1
288210610,UD. Desta Jagadmaya,Perdagangan,49382573,9546422,Belum Terdaftar,0
288210611,UD. Jihan Kayastha,Kesehatan,33879480,6956925,Belum Terdaftar,0
288210612,UD. Wira Sudharmo,Pendidikan,4439968,8162280,Belum Terdaftar,0
288210613,UD. Iman Prana,Jasa,15820575,2181301,Terdaftar,1
288210614,UD. Prita Manggala,Kesehatan,3439621,7347354,Terdaftar,1
288210615,UD. Alvino Manunggal,Jasa,21630256,8587352,Belum Terdaftar,0
288210616,UD. Asep Manggala,Jasa,33258365,1518904,Belum Terdaftar,0
288210617,UD. Lidya Wicaksana,Pendidikan,32941940,9537327,Terdaftar,1
288210618,UD. Pio Nirwana,Pendidikan,14587386,7120057,Terdaftar,1
288210619,UD. Tania Baskara,Perdagangan,25245596,3480571,Belum Terdaftar,0
288210620,UD. Viera Jati Naufal,Perdagangan,45343037,8512292,Terdaftar,1
,UD. Gisel Anggara Dina,Pendidikan,8337572,7663759,Belum Terdaftar,0
288210622,UD. Mira Lestari,Perdagangan,,6163893,Terdaftar,1
288210623,UD. Ony Surya Ismail,Pendidikan,10207122,5401645,Terdaftar,1
288210624,UD. Sani Indah,Kesehatan,29268894,3599080,Belum Terdaftar,0
,UD. Chiko Agastya,Perdagangan,40738006,6382845,Belum Terdaftar,0
288210626,UD. Opik Tunggal,Perdagangan,20253233,7807024,Terdaftar,1
288210627,UD. Pardi Warna Erni,Perdagangan,36322798,7651761,Terdaftar,1
288210628,UD. Silvi Anggara,Pendidikan,11028608,3993450,Terdaftar,1
288210629,UD. Livia Binasena,Kesehatan,5748656,4860795,Belum Terdaftar,0
288210630,UD. Veronika Setia Oki,Perdagangan,34776608,5520661,Belum Terdaftar,0
288210631,UD. Rian Adyatma,Pendidikan,49404131,7297001,Terdaftar,1
288210632,UD. Qomar Pramudita,Perdagangan,47555776,6843412,Belum Terdaftar,0
288210633,UD. Hilmiyah Terang,Kesehatan,29923731,4837517,Belum Terdaftar,0
288210634,UD. Wira Putra,Pendidikan,46160981,7816070,Terdaftar,1
288210635,UD. Livia Widhi,Jasa,34451010,9831591,Belum Terdaftar,0
288210636,UD. Zaki Putri,Pendidikan,45193163,8656969,Belum Terdaftar,0
288210637,UD. Lono Kalbu,Kesehatan,46951722,8625161,Belum Terdaftar,0
288210638,UD. Farid Sehat Citra,Kesehatan,36142052,3295661,Terdaftar,1
288210639,UD. Reza Indah,Kesehatan,34733452,5698216,Belum Terdaftar,0
288210640,UD. Teguh Senja,Perdagangan,26919243,1158785,Terdaftar,1
288210641,UD. Oki Kusumatmaja,Perdagangan,45797267,1625148,Belum Terdaftar,0
288210642,UD. Yusuf Manggala Qori,Kesehatan,47788025,2395451,Belum Terdaftar,0
288210643,UD. Qila Utamajaya,Kesehatan,19071867,4769807,Belum Terdaftar,0
288210644,UD. Maudy Atma Marsya,Jasa,6076008,7933456,Terdaftar,1
288210645,UD. Lono Prabawa,Perdagangan,47496674,7454327,Terdaftar,1
288210646,UD. Viona Utama Desi,Jasa,31794967,unknown,Belum Terdaftar,0
288210647,UD. Omar Persada,Pendidikan,49582899,9010539,Belum Terdaftar,0
288210648,UD. Riyan Jati,Pendidikan,33832613,7543333,Terdaftar,1
288210649,UD. Gusti Abadi,Kesehatan,11703321,1929759,Belum Terdaftar,0
288210650,UD. Hana Anindita,Perdagangan,1219315,8399494,Terdaftar,1
288210651,UD. Irma Baskara,Pendidikan,19516147,6860350,Terdaftar,1
288210652,UD. Ulil Selaras,Perdagangan,23006634,7694660,Belum Terdaftar,0
288210653,UD. Zulfa Surya Abdi,Pendidikan,49495294,7386071,Belum Terdaftar,0
288210654,UD. Ujang Agung,,11020933,3065771,Belum Terdaftar,0
288210655,UD. Mira Surapati,Jasa,15746151,7538688,Terdaftar,1
288210656,UD. Tami Surya Ziva,Jasa,47616177,792536,Belum Terdaftar,0
288210657,UD. Diyan Nirwana,Jasa,35514373,6283918,Belum Terdaftar,0
288210658,UD. Widi Manunggal,Kesehatan,10998480,3328972,Terdaftar,1
288210659,UD. Grego Resaputra,Pendidikan,4982998,6336824,Terdaftar,1
288210660,UD. Ayesha Jayawarsa,Jasa,7028089,8058289,Belum Terdaftar,0
288210661,UD. Wulan Jatinagara Winda,Kesehatan,44740894,7317414,Belum Terdaftar,0
288210662,UD. Yoga Swargaloka,Jasa,42971791,7303652,Terdaftar,1
288210663,UD. Vito Gatra,Perdagangan,26533240,551616,Terdaftar,1
288210664,UD. Agus Ananta,Perdagangan,41003215,8203855,Belum Terdaftar,0
288210665,UD. Ulya Madusari Nazar,Perdagangan,31740652,9917575,Belum Terdaftar,0
288210666,UD. Bambang Madusari Jibril,Kesehatan,22269259,9220771,Terdaftar,1
288210667,UD. Carissa Tunggal,Kesehatan,42065672,8404908,Terdaftar,1
288210668,UD. Ulil Kalbu,Pendidikan,23405125,2729017,Terdaftar,1
288210669,UD. Tari Dwijaputra,Pendidikan,17060291,6608691,Terdaftar,1
288210670,UD. Jihan Arya,Jasa,28824741,1741759,Belum Terdaftar,0
288210671,UD. Indah Lestari,Pendidikan,22626320,8515332,Belum Terdaftar,0
288210672,UD. Utha Satriya,Pendidikan,2265529,9333273,Belum Terdaftar,0
288210673,UD. Elen Sidarta,Pendidikan,49639177,6530296,Belum Terdaftar,0
288210674,UD. Hesti Saprahan,Kesehatan,3758818,8743264,Belum Terdaftar,0
288210675,UD. Hendra Lestari,Perdagangan,24577646,6369186,Terdaftar,1
288210676,UD. Halimah Ilir,Jasa,33762452,8355974,Terdaftar,1
288210677,UD. Syana Cempaka Qamar,Pendidikan,28508852,2775626,Belum Terdaftar,0
288210678,UD. Damaris Manik,Pendidikan,unknown,9176120,Belum Terdaftar,0
288210679,UD. Wulan Saputra Bagir,Jasa,33874634,5429011,Belum Terdaftar,0
288210680,UD. Zahira Langit,Pendidikan,6627066,2848884,Terdaftar,1
288210681,UD. Shinta Suryaputra,Pendidikan,49808488,3864206,Terdaftar,1
288210682,UD. Arman Galuh,Kesehatan,48618075,5596386,Belum Terdaftar,0
288210683,UD. Alya Gemilang,Pendidikan,18979202,4102188,Belum Terdaftar,0
288210684,UD. Iman Kinarya Marsel,Jasa,44973096,5936897,Belum Terdaftar,0
288210685,UD. Damaris Saputra,Kesehatan,13700951,8689974,Terdaftar,1
288210686,UD. Syana Sangkala,Jasa,6238116,3454302,,0
288210687,UD. Yasir Swargaloka,Kesehatan,11564300,8424238,Terdaftar,1
288210688,UD. Owen Naraya,Kesehatan,45704191,1234324,Terdaftar,1
288210689,UD. Qory Kalbu,Perdagangan,29872014,3395310,Terdaftar,1
288210690,UD. Berlian Jayaningrat Laras,Perdagangan,32146440,761363,Terdaftar,1
288210691,UD. Zulkarnaen Puri,Pendidikan,35475302,6349592,Terdaftar,1
288210692,UD. Nadia Hilir,Pendidikan,47118882,3673712,Terdaftar,1
288210693,UD. Joko Arya Yani,Kesehatan,24473273,9307005,Terdaftar,1
288210694,UD. Zahra Resaputra,Kesehatan,15648876,2983855,Terdaftar,1
288210695,UD. Chiko Jayeng,Jasa,28445713,6790858,Terdaftar,1
288210696,UD. Yasir Wira,Perdagangan,49739498,3944968,Terdaftar,1
288210697,UD. Vina Satria,Perdagangan,37827135,5459895,Terdaftar,1
288210698,UD. Gerry Putri Qanita,Perdagangan,3959195,9678582,Belum Terdaftar,0
288210699,UD. Nazar Panji Rosa,Jasa,23117327,2361016,Terdaftar,1
288210700,UD. Wulan Cerah,Pendidikan,35858409,6961668,Terdaftar,1
288210701,UD. Diva Bersemi,Pendidikan,16247144,875372,Terdaftar,1
288210702,UD. Fikri Utama,Pendidikan,36412526,9311500,Belum Terdaftar,0
288210703,UD. Kinan Ilir,Jasa,47768249,9519388,Belum Terdaftar,0
288210704,UD. Ari Langit,Jasa,23573718,3625057,Terdaftar,1
288210705,UD. Dea Warna,Perdagangan,14481033,6886887,Terdaftar,1
288210706,UD. Yuli Bima,Kesehatan,3308473,9295268,Belum Terdaftar,0
288210707,UD. Tomi Wisesa,Perdagangan,38355511,3184669,Terdaftar,1
288210708,UD. Nayla Santosa,Perdagangan,unknown,1928447,Belum Terdaftar,0
288210709,UD. Joko Wijapranata,Jasa,35622222,9130039,Terdaftar,1
288210710,UD. Eren Prawira,Pendidikan,44997083,5403499,Belum Terdaftar,0
288210711,UD. Wawan Ananta,Kesehatan,4134754,9612293,Terdaftar,1
288210712,UD. Sella Satria,,30011004,9972335,Belum Terdaftar,0
288210713,UD. Rosa Wijaya,Kesehatan,43950464,8131285,Belum Terdaftar,0
288210714,UD. Clarissa Kelana,Jasa,12401823,3906608,Terdaftar,1
288210715,UD. Iman Surapati,Perdagangan,10806301,5565171,Terdaftar,1
288210716,UD. Niken Senja,Pendidikan,49577109,5375760,Belum Terdaftar,0
288210717,UD. Icha Madya,Perdagangan,17446979,9857730,Terdaftar,1
288210718,UD. Hendra Darussalam Damaris,Pendidikan,23981229,7406030,Terdaftar,1
288210719,UD. Tasya Jayaningrat,Perdagangan,32680983,8542773,Belum Terdaftar,0
288210720,UD. Halim Sukadarma,Pendidikan,17213005,9804094,Belum Terdaftar,0
288210721,UD. Abdi Mardika,Pendidikan,6288592,9707858,Belum Terdaftar,0
288210722,UD. Cahya Adyatma Yaniar,Pendidikan,41049805,7391172,Terdaftar,1
288210723,UD. Vidi Jati,Perdagangan,11313190,4676727,Terdaftar,1
,UD. Thariq Wisnu,Kesehatan,26908264,9046188,Belum Terdaftar,0
288210725,UD. Binar Satria,Perdagangan,32241011,9194360,Terdaftar,1
288210726,UD. Marsya Sumirat,Pendidikan,6955623,3509635,Terdaftar,1
288210727,UD. Joko Jayeng,Pendidikan,47825506,998829,Belum Terdaftar,0
288210728,UD. Bella Citra,Pendidikan,19644441,6834502,Belum Terdaftar,0
288210729,UD. Evan Merdeka,Kesehatan,5579422,3665349,Belum Terdaftar,0
288210730,UD. Tomi Abadi,Pendidikan,31314170,8166794,Terdaftar,1
288210731,UD. Lono Nawasena Fani,Jasa,11702816,1311793,Belum Terdaftar,0
288210732,UD. Leni Sahaja Ovan,Kesehatan,5216496,999238,Terdaftar,1
288210733,UD. Aqila Yudhistira,Pendidikan,35700990,8685426,Terdaftar,1
288210734,UD. Kanza Jati,Kesehatan,26538570,1943319,Belum Terdaftar,0
288210735,UD. Adinda Jaladara,Kesehatan,7040314,6927970,Terdaftar,1
288210736,UD. Winda Tirta,Jasa,11158329,4541750,Belum Terdaftar,0
288210737,UD. Kamil Wiyata,Pendidikan,16260239,6166850,Terdaftar,1
288210738,UD. Fatiah Sejahtera,Perdagangan,33644485,6432261,Terdaftar,1
288210739,UD. Alma Harapan Maudy,Jasa,5981601,3545866,Belum Terdaftar,0
288210740,UD. Clarissa Pramudita,Pendidikan,47014844,5146269,Terdaftar,1
288210741,UD. Priska Sangga,Pendidikan,20402536,6837817,Belum Terdaftar,0
288210742,UD. Reza Madusari,Perdagangan,20009183,6099437,Belum Terdaftar,0
288210743,UD. Karla Persada Cinta,Pendidikan,29529684,4761026,Belum Terdaftar,0
288210744,UD. Dani Darma,Jasa,19805596,6047432,Belum Terdaftar,0
288210745,UD. Leni Jayeng,Jasa,24623498,8094986,Terdaftar,1
288210746,UD. Damaris Yudhistira,Pendidikan,34920247,5401427,Belum Terdaftar,0
288210747,UD. Alma Pelangi,Jasa,38579652,8634119,Terdaftar,1
288210748,UD. Galih Pagi,Perdagangan,46039578,8771412,Belum Terdaftar,0
288210749,UD. Qiana Sakti,Pendidikan,12295131,2119438,Terdaftar,1
288210750,UD. Agus Wacana,Kesehatan,36863006,7603950,Belum Terdaftar,0
288210751,UD. Tomi Satya,Jasa,35099825,5794983,,0
288210752,UD. Qyla Adhi,Jasa,33231882,548814,Terdaftar,1
288210753,UD. Kurnia Ilir,Kesehatan,4449082,2808175,unknown,0
288210754,UD. Wito Prabawa,Pendidikan,28474282,8612191,Terdaftar,1
288210755,UD. Nara Suci,Pendidikan,8006021,5144385,Belum Terdaftar,0
288210756,UD. Jasmin Mulya,Kesehatan,21909748,7146269,,0
288210757,UD. Oki Suryaputra,Pendidikan,29414511,5060290,Belum Terdaftar,0
288210758,UD. Iqra Surapati,Jasa,23569017,4226127,Terdaftar,1
288210759,UD. Bela Putra,Jasa,3061448,1704937,Belum Terdaftar,0
288210760,UD. Jaya Indah,Perdagangan,45440886,3657619,Terdaftar,1
288210761,UD. Hilmi Saputranegara,Kesehatan,19696492,8038880,Belum Terdaftar,0
288210762,UD. Tariq Sangkala Marsya,Pendidikan,34983643,2679469,Terdaftar,1
288210763,UD. Riyan Mulya,Pendidikan,1184475,3553741,Terdaftar,1
288210764,UD. Gita Paseban,Kesehatan,18914137,2610490,Belum Terdaftar,0
288210765,UD. Prananda Radhitya,Pendidikan,25447738,3054268,Terdaftar,1
288210766,UD. Syifa Gunawan Poppy,Perdagangan,34078589,8516409,Belum Terdaftar,0
288210767,UD. Jordi Pamungkas,Perdagangan,41721603,6059925,Terdaftar,1
288210768,UD. Syana Dharma,Perdagangan,15400929,5832759,Belum Terdaftar,0
288210769,UD. Widi Bagaskara,Kesehatan,26313172,2386958,Terdaftar,1
288210770,UD. Nisa Wiratama,Perdagangan,7859728,5328572,Belum Terdaftar,0
288210771,UD. Tegar Segar,Kesehatan,12949797,3393442,Terdaftar,1
288210772,UD. Binar Sehat,Pendidikan,15462228,6563026,Terdaftar,1
288210773,UD. Gadis Nawasena,Pendidikan,3606481,6136718,Belum Terdaftar,0
288210774,UD. Eren Santosa,Jasa,1421923,2607519,Belum Terdaftar,0
288210775,UD. Bambang Kinarya,Jasa,17665157,5744640,Belum Terdaftar,0
288210776,UD. Gani Sukma,Jasa,36267027,7141809,Terdaftar,1
288210777,UD. Fadli Putri,Perdagangan,41161972,5434564,Belum Terdaftar,0
288210778,UD. Priska Bintang,Perdagangan,43324734,7299979,Belum Terdaftar,0
288210779,UD. Pardi Padi,Perdagangan,43399891,2240306,Terdaftar,1
288210780,UD. Silvi Surapati,Jasa,24778526,7779383,Terdaftar,1
288210781,UD. Nando Trisaktiatma,Pendidikan,19826707,3316466,Belum Terdaftar,0
288210782,UD. Bagir Sunardi Umi,Pendidikan,48453789,9744825,Belum Terdaftar,0
288210783,UD. Rafi Raharja,Perdagangan,23746370,8989525,Terdaftar,1
288210784,UD. Hesti Wiraatmaja Xenia,Jasa,10456339,4343682,Terdaftar,1
288210785,UD. Fajar Cahaya Santi,Pendidikan,8025159,2981752,Belum Terdaftar,0
288210786,UD. Berlian Maju,Pendidikan,31249215,7353280,Terdaftar,1
288210787,UD. Lono Tri,Jasa,19358228,5959927,Terdaftar,1
288210788,UD. Elva Sidarta Nina,Perdagangan,43214191,6397272,Belum Terdaftar,0
288210789,UD. Ulil Nirwasita,Jasa,37123030,6218116,Belum Terdaftar,0
288210790,UD. Yoga Anugerah Cinta,Perdagangan,28434613,8804447,Belum Terdaftar,0
288210791,UD. Dito Persada,Kesehatan,1624128,7606132,Terdaftar,1
288210792,UD. Cahya Cahaya,Kesehatan,17924673,7215450,Terdaftar,1
288210793,UD. Cipta Gita Dani,Kesehatan,35164297,1818096,Belum Terdaftar,0
288210794,UD. Marwan Gunawan,Jasa,13308772,1349935,Terdaftar,1
288210795,UD. Dito Suryaputra Vito,Perdagangan,26701113,6724772,Belum Terdaftar,0
288210796,UD. Taufan Berkarya Yaniar,Perdagangan,29085341,3898537,Belum Terdaftar,0
288210797,UD. Daffa Nirwasita,Jasa,17574514,3617625,Terdaftar,1
288210798,UD. Yasir Reswara,Perdagangan,49585879,3652453,Terdaftar,1
288210799,UD. Haidar Sangkala,Jasa,42775263,3370479,Belum Terdaftar,0
288210800,UD. Zera Dwijaputra,Perdagangan,40643319,4592741,Terdaftar,1
288210801,UD. Ghani Baswara Farid,Jasa,41576817,4817916,Belum Terdaftar,0
288210802,UD. Nibras Manunggal,Fashion,40707839,4646558,Belum Terdaftar,0
288210803,UD. Gusti Utama Rafif,Kesehatan,27424477,5124214,Terdaftar,1
288210804,UD. Iman Sukadarma Ilmi,Perdagangan,15037157,7824426,Terdaftar,1
288210805,UD. Dani Tejakencana,Perdagangan,35102390,6966201,Terdaftar,1
288210806,UD. Uti Malam,Kesehatan,10720653,2230868,Terdaftar,1
288210807,UD. Haidar Nawasena,Pendidikan,6119670,2901252,Terdaftar,1
288210808,UD. Naila Panembahan,Perdagangan,34530754,9844741,Belum Terdaftar,0
288210809,UD. Lina Wicaksana Nadia,Kesehatan,22771672,7361648,Belum Terdaftar,0
288210810,UD. Yudi Kencana Yola,Kesehatan,5409388,5058280,Belum Terdaftar,0
288210811,UD. Qanitah Mahkota,Perdagangan,28961478,2282399,Belum Terdaftar,0
288210812,UD. Galang Lingga,Kesehatan,40227216,1877508,Terdaftar,1
288210813,UD. Pandu Wiratama,Perdagangan,34559706,7313142,Belum Terdaftar,0
288210814,UD. Qory Saputra,Jasa,24108837,7791464,Belum Terdaftar,0
288210815,UD. Budi Galang,Perdagangan,31222358,5298919,Terdaftar,1
288210816,UD. Fadli Trijaya,Jasa,8146655,6412621,Belum Terdaftar,0
288210817,UD. Qisha Satria,Jasa,40547393,634706,Terdaftar,1
288210818,UD. Yoga Raharja,Kesehatan,1898250,3638146,Belum Terdaftar,0
288210819,UD. Winda Nusa,Kesehatan,34524385,9701541,Belum Terdaftar,0
288210820,UD. Rangga Mulya,Pendidikan,41367027,6831165,Terdaftar,1
288210821,UD. Livia Hastinapura,Pendidikan,2501179,5036182,Belum Terdaftar,0
288210822,UD. Jafar Langit,Jasa,47974062,9651849,Belum Terdaftar,0
288210823,UD. Febri Satria,Pendidikan,6349641,3193948,Terdaftar,1
288210824,UD. Reza Wirajaya,Jasa,41542680,1899028,Belum Terdaftar,0
288210825,UD. Intan Kencana Zulkarnaen,Perdagangan,34108609,6285847,Belum Terdaftar,0
288210826,UD. Ghani Wijaksana,Kesehatan,48242992,1152278,Belum Terdaftar,0
288210827,UD. Veronika Sumirat,Perdagangan,47262173,1921574,Belum Terdaftar,0
288210828,UD. Putra Prajurit,Kesehatan,27936400,1949122,Belum Terdaftar,0
288210829,UD. Wulan Satriya,Jasa,3790556,6221284,Belum Terdaftar,0
288210830,UD. Naufal Sidarta,Perdagangan,41081617,1859389,Belum Terdaftar,0
288210831,UD. Udin Tejakencana Nina,Kesehatan,39944738,9487106,Belum Terdaftar,0
288210832,UD. Bagir Prabawa Willy,Kesehatan,28420688,2490533,Belum Terdaftar,0
288210833,UD. Vera Brata,Pendidikan,18367223,7797999,Belum Terdaftar,0
288210834,UD. Olivia Ceria,,46775342,7929687,Terdaftar,1
288210835,UD. Sekar Rejo,Pendidikan,9555093,897447,Terdaftar,1
288210836,UD. Naila Gemilang,Perdagangan,19043826,2578076,Terdaftar,1
288210837,UD. Andi Adyatma,Kesehatan,28570072,2837811,Belum Terdaftar,0
288210838,UD. Bayu Jatinagara,Pendidikan,37107023,1099496,Terdaftar,1
288210839,UD. Weni Prana,Jasa,5752654,9908797,Belum Terdaftar,0
288210840,UD. Yolanda Satria,Pendidikan,47728804,8805085,Terdaftar,1
288210841,UD. Suci Warna,Pendidikan,44181838,1142380,Terdaftar,1
288210842,UD. Widya Kelana,Kesehatan,7104247,6626140,Terdaftar,1
288210843,UD. Citra Sukma,Pendidikan,10635364,2066696,Belum Terdaftar,0
288210844,UD. Zara Setia,Jasa,7133375,4381516,Belum Terdaftar,0
288210845,UD. Vino Mandala,Kesehatan,33471104,1766477,Terdaftar,1
288210846,UD. Kamil Prabawa,Perdagangan,9506656,7301522,Belum Terdaftar,0
288210847,UD. Uti Sari,Kesehatan,38292162,3878191,Terdaftar,1
288210848,UD. Kiki Adyatma,Perdagangan,38156757,6608497,Belum Terdaftar,0
288210849,UD. Lono Tejakencana,Pendidikan,43803893,3862959,Terdaftar,1
288210850,UD. Pio Suci,Perdagangan,2177748,unknown,Belum Terdaftar,0
288210851,UD. Hendra Anugerah,Jasa,28338861,1924920,Belum Terdaftar,0
288210852,UD. Najwa Sejahtera,Pendidikan,14306906,9073965,Terdaftar,1
288210853,UD. Citra Madusari,Pendidikan,46222275,883184,Terdaftar,1
288210854,UD. Yumna Harapan Lana,Perdagangan,13318834,7552241,Belum Terdaftar,0
288210855,UD. Grego Yudhistira,Pendidikan,3381026,3234726,Belum Terdaftar,0
288210856,UD. Dora Cendana Esa,Pendidikan,46254784,9784628,Belum Terdaftar,0
288210857,UD. Wawan Putra,Perdagangan,24247619,4280444,Terdaftar,1
288210858,UD. Olla Elok,Pendidikan,3935222,8171344,Terdaftar,1
288210859,UD. Vino Anggara,Perdagangan,32495703,4382507,Terdaftar,1
288210860,UD. Rendi Cinta,Jasa,15353517,2114869,Belum Terdaftar,0
288210861,UD. Taufik Maju,Kesehatan,48934108,3270593,Terdaftar,1
288210862,UD. Yusuf Senopati,Jasa,13725398,5123515,Belum Terdaftar,0
288210863,UD. Asep Tengah,Perdagangan,16358164,5948862,Terdaftar,1
288210864,UD. Zidan Malam,Jasa,12213645,2425206,Terdaftar,1
288210865,UD. Fitri Sentosa,Kesehatan,29658183,5604022,Terdaftar,1
288210866,UD. Arman Wacana,Perdagangan,9120121,8838085,Terdaftar,1
288210867,UD. Yudi Baru,Jasa,29003407,4368681,Belum Terdaftar,0
288210868,UD. Marwan Abdi Umi,Kesehatan,19239970,1055782,Belum Terdaftar,0
288210869,UD. Gusti Ayodya Heri,Pendidikan,1183383,5307937,Belum Terdaftar,0
288210870,UD. Farhan Widhi,Perdagangan,38620282,2461966,Belum Terdaftar,0
288210871,UD. Odie Sahaja Gusti,Pendidikan,27913881,2386485,Terdaftar,1
288210872,UD. Omar Yudhistira,Kesehatan,26714438,5025188,Belum Terdaftar,0
288210873,UD. Livia Resmi,Jasa,2529340,7702248,Terdaftar,1
288210874,UD. Jafar Adiwangsa,Jasa,45398693,8050148,Belum Terdaftar,0
288210875,UD. Damar Panuluh Qayla,Kesehatan,33661164,4958693,Terdaftar,1
288210876,UD. Diyan Anugerah,Kesehatan,33023807,2599683,Belum Terdaftar,0
288210877,UD. Hilmiyah Elok,Kesehatan,8428761,5120314,Terdaftar,1
288210878,UD. Ucup Prajurit,Kesehatan,10680029,6377414,Terdaftar,1
288210879,UD. Salsa Sanjaya,Pendidikan,41706241,1359474,Terdaftar,1
288210880,UD. Pardi Adhi,Jasa,33014715,2905098,Terdaftar,1
288210881,UD. Muthia Agung,Perdagangan,22557482,8747406,Belum Terdaftar,0
288210882,UD. Asep Mandala,Perdagangan,5719270,3672720,Belum Terdaftar,0
288210883,UD. Gita Sentosa,Jasa,42992811,9500645,Belum Terdaftar,0
288210884,UD. Dea Sudharmo Qori,Pendidikan,16838090,8835350,Terdaftar,1
288210885,UD. Vidi Sakti,Pendidikan,10844686,7771108,Belum Terdaftar,0
288210886,UD. Alya Wiyata,Perdagangan,40659135,2492497,Belum Terdaftar,0
288210887,UD. Jay Mandiri,Pendidikan,29380642,3524521,Terdaftar,1
288210888,UD. Oki Widhi,Perdagangan,32025207,2444679,Terdaftar,1
288210889,UD. Deni Cahyaningrat,Jasa,35562471,753937,Terdaftar,1
288210890,UD. Gadis Sangga,Kesehatan,20212142,8784331,Belum Terdaftar,0
288210891,UD. Weni Hastinapura,Pendidikan,4305359,6917947,Belum Terdaftar,0
288210892,UD. Bayu Indah,Jasa,14463728,1751796,Terdaftar,1
288210893,UD. Zidan Jati,Makanan & Minuman,46657375,9427012,Terdaftar,1
288210894,UD. Qayla Tejakusuma Lutfi,Pendidikan,47389841,5742680,Terdaftar,1
288210895,UD. Ulfa Utama,Perdagangan,47345588,6705987,Belum Terdaftar,0
288210896,UD. Uti Prima,Jasa,31566828,4243872,Belum Terdaftar,0
288210897,UD. Galih Sidarta,Jasa,26480655,3997130,Terdaftar,1
288210898,UD. Prita Maheswara,Jasa,7785924,5624051,Belum Terdaftar,0
288210899,UD. Umar Nirwana,Kesehatan,12606184,3656330,Belum Terdaftar,0
288210900,UD. Vincent Adikara,Perdagangan,33441952,4145634,Terdaftar,1
288210901,UD. Halim Prajurit,Jasa,3955998,9098047,Terdaftar,1
288210902,UD. Lutfi Sangga Cici,Perdagangan,40231828,8856834,Belum Terdaftar,0
288210903,UD. Nadia Jatiwangi,Perdagangan,39114249,2991973,Belum Terdaftar,0
288210904,UD. Kirana Suryaputra,Pendidikan,30081468,8169080,Belum Terdaftar,0
288210905,UD. Tania Reswara,Pendidikan,20774705,2009659,Belum Terdaftar,0
288210906,UD. Ayesha Wisnu Nibras,Kesehatan,17197208,1234912,Terdaftar,1
288210907,UD. Reza Widuri,Perdagangan,44234152,9667527,Terdaftar,1
288210908,UD. Nazar Bahagia Berlian,Kesehatan,36018715,1686766,Terdaftar,1
288210909,UD. Habib Kulon,Jasa,32089329,3078546,Terdaftar,1
288210910,UD. Monica Lingga,Pendidikan,35039507,637508,Terdaftar,1
288210911,UD. Galang Wijaksana,Kesehatan,15260189,9291867,,0
288210912,UD. Zara Mardika,Kesehatan,14422750,6936442,Terdaftar,1
288210913,UD. Tasya Nirmala,Kesehatan,10220041,2541181,Terdaftar,1
288210914,UD. Zulkarnaen Nirmala,Pendidikan,13060722,4806290,Belum Terdaftar,0
288210915,UD. Irma Wicaksana Najwa,,14192040,1057378,Terdaftar,1
288210916,UD. Ony Sukma Halimah,Kesehatan,31179347,4277954,Belum Terdaftar,0
288210917,UD. Jasmin Kencana Cici,Kesehatan,35748591,7238287,Belum Terdaftar,0
288210918,UD. Pardi Asih Cipta,Perdagangan,1369613,1312733,Belum Terdaftar,0
288210919,UD. Jafar Trisula,Jasa,28175803,9509547,Terdaftar,1
288210920,UD. Pipit Terang,Jasa,44679815,1311761,Belum Terdaftar,0
288210921,UD. Pandu Maju,Pendidikan,25840933,3544688,Belum Terdaftar,0
288210922,UD. Zahra Gita,Kesehatan,2583067,6058580,Terdaftar,1
288210923,UD. Niken Kinarya,Kesehatan,4131721,2755066,Terdaftar,1
288210924,UD. Hanafi Jayabaya,Perdagangan,15435981,2468917,Terdaftar,1
288210925,UD. Chiko Sulaksana,Pendidikan,38732413,6110427,Belum Terdaftar,0
288210926,UD. Elsa Utamaindah,Jasa,1448690,4125776,Belum Terdaftar,0
288210927,UD. Irma Prawira,Perdagangan,37918989,9333069,Terdaftar,1
288210928,UD. Lana Praja,Perdagangan,5258942,4177365,Terdaftar,1
288210929,UD. Prananda Suci,Perdagangan,18815237,4391747,Terdaftar,1
288210930,UD. Ojan Harmoni,Perdagangan,21778576,5415824,Belum Terdaftar,0
288210931,UD. Naufal Wijaya Sari,Kesehatan,29772187,5005142,Belum Terdaftar,0
288210932,UD. Wesly Kusumatmaja,Jasa,11474638,3527829,Terdaftar,1
288210933,UD. Chiko Reswara Karla,Perdagangan,38162531,2687425,Terdaftar,1
288210934,UD. Jafar Sumirat,Jasa,30813475,4580138,Terdaftar,1
288210935,UD. Riko Sasmita,Perdagangan,31756872,9438702,Belum Terdaftar,0
288210936,UD. Anis Makmur,Perdagangan,1723691,6670893,Terdaftar,1
288210937,UD. Vera Cinta Lina,Pendidikan,19033378,5589616,Terdaftar,1
288210938,UD. Ayesha Harmoni,Pendidikan,24639354,3161908,Belum Terdaftar,0
288210939,UD. Gadis Wangi,Jasa,39028524,7751355,Terdaftar,1
288210940,UD. Nazar Anindita,Jasa,14565265,4865930,Belum Terdaftar,0
288210941,UD. Anisa Buana,Pendidikan,17602933,4763013,Belum Terdaftar,0
288210942,UD. Qayla Jayabaya,Pendidikan,47981264,6008092,Terdaftar,1
288210943,UD. Hendra Jayengprana,Perdagangan,39993411,7929184,Belum Terdaftar,0
288210944,UD. Umi Bijaksana,Kesehatan,19634744,4370687,Belum Terdaftar,0
288210945,UD. Rafif Baru,Pendidikan,8877615,8911496,Belum Terdaftar,0
288210946,UD. Fitri Wetan,Pendidikan,36100243,945162,Belum Terdaftar,0
288210947,UD. Utha Nirwana,Jasa,44034124,9537111,Terdaftar,1
288210948,UD. Gita Jayengpati,Kesehatan,16943626,8722543,Terdaftar,1
288210949,UD. Xenia Mahendra,Kesehatan,42722482,3055682,Belum Terdaftar,0
288210950,UD. Cici Saputrautama Hesti,Jasa,20297578,1552887,Terdaftar,1
288210951,UD. Olivia Sumringah,Kesehatan,22360608,1654811,Terdaftar,1
288210952,UD. Kiki Asri,Kesehatan,3712027,7946409,Belum Terdaftar,0
288210953,UD. Pipit Sejahtera Yumna,Jasa,18565959,8585088,Belum Terdaftar,0
288210954,UD. Gani Manik,Jasa,25476394,6258153,Terdaftar,1
288210955,UD. Rendi Haji,Kesehatan,,7853724,Belum Terdaftar,0
288210956,UD. Ulfa Hastinapura Erni,Jasa,17724090,7655817,Belum Terdaftar,0
288210957,UD. Teguh Pramudita Prita,Perdagangan,13465361,1522007,Belum Terdaftar,0
288210958,UD. Laila Dharma,Kesehatan,15946502,7523683,Terdaftar,1
288210959,UD. Elva Setia,Perdagangan,8187772,6680296,Belum Terdaftar,0
288210960,UD. Zainab Sahaja,Jasa,44500075,7536616,Terdaftar,1
288210961,UD. Amir Lempung,Kesehatan,36771872,9602346,Belum Terdaftar,0
288210962,UD. Wesly Utama,Kesehatan,47228658,7375935,Belum Terdaftar,0
288210963,UD. Koko Kinarya,Pendidikan,3567609,3816410,Terdaftar,1
288210964,UD. Sani Kusumah Yolanda,Jasa,45015050,1888774,Terdaftar,1
288210965,UD. Lando Cempaka,Jasa,23458239,7494056,Terdaftar,1
288210966,UD. Leni Satriya,Perdagangan,24889012,8550186,Belum Terdaftar,0
288210967,UD. Ciko Jayawarsa Ziva,Jasa,28806454,1003638,Belum Terdaftar,0
288210968,UD. Karla Atma Joko,Kesehatan,16689570,9988784,Belum Terdaftar,0
288210969,UD. Kiki Mandala,Kesehatan,9687084,4336682,Belum Terdaftar,0
288210970,UD. Chika Baru,Pendidikan,10657683,7464181,Terdaftar,1
288210971,UD. Ghani Buana Pasha,Kesehatan,29738148,3598673,Belum Terdaftar,0
288210972,UD. Gilangga Gemilang,Perdagangan,30400585,1921791,,0
288210973,UD. Fikra Wetan,Perdagangan,42520861,3631976,Terdaftar,1
288210974,UD. Mirna Ananta,Kesehatan,11424721,7631736,Terdaftar,1
288210975,UD. Abdi Nirwana,Perdagangan,7011259,2557979,Belum Terdaftar,0
288210976,UD. Zahira Harmoni Galang,Pendidikan,33653473,9918861,Terdaftar,1
288210977,UD. Esa Jayabaya Zain,Pendidikan,29262443,7226347,Belum Terdaftar,0
288210978,UD. Odie Jayeng,Pendidikan,30350133,578753,Terdaftar,1
288210979,UD. Qais Utama,Perdagangan,9089510,4140984,Terdaftar,1
288210980,UD. Oniel Trijaya,Jasa,10000414,1237869,Belum Terdaftar,0
288210981,UD. Monica Naraya,Jasa,17083419,1846440,Belum Terdaftar,0
288210982,UD. Rizki Anugerah Nibras,Jasa,39897241,4884477,Belum Terdaftar,0
288210983,UD. Abel Baruna,Perdagangan,33398531,8192171,Belum Terdaftar,0
288210984,UD. Mario Puri,Jasa,34114003,2204151,Terdaftar,1
288210985,UD. Wulan Dharma,Pendidikan,49707697,5614393,Belum Terdaftar,0
288210986,UD. Marsya Wiraatmaja,Kesehatan,33693402,698623,Terdaftar,1
288210987,UD. Maudy Suci Yasir,,37620065,6105452,Belum Terdaftar,0
288210988,UD. Clarissa Ananta,Pendidikan,7161206,3314674,Belum Terdaftar,0
288210989,UD. Harun Nawasena,Perdagangan,24242695,2801751,Terdaftar,1
288210990,UD. Tariq Bintang,Pendidikan,34097942,5631221,Terdaftar,1
288210991,UD. Qamar Kayastha,Jasa,30149802,7648591,Terdaftar,1
,UD. Owen Berkarya,Kesehatan,43183495,6630710,Terdaftar,1
288210993,UD. Rian Sidarta,Perdagangan,2284164,8622887,Terdaftar,1
288210994,UD. Shinta Tengah Widi,Jasa,24967613,6109612,Terdaftar,1
288210995,UD. Putri Kusumah,Pendidikan,38887572,7614475,Terdaftar,1
288210996,UD. Putri Jaladara,Perdagangan,31029249,4668880,Belum Terdaftar,0
288210997,UD. Jaya Winata,Jasa,44227412,9532808,Terdaftar,1
288210998,UD. Erlangga Wira Eka,Kesehatan,5649404,4769705,Belum Terdaftar,0
288210999,UD. Bella Mandiri,Pendidikan,25108139,4386210,Terdaftar,1
288211000,UD. Livia Purnama,Kesehatan,11855281,4105844,Terdaftar,1
288211001,UD. Fani Kencana,Kesehatan,30959669,8410615,Terdaftar,1
288211002,UD. Livia Anggrek,Pendidikan,28411483,5522731,,0
288211003,UD. Indira Lingga,Kesehatan,48992989,5938470,Terdaftar,1
288211004,UD. Wahyu Rejo,Kesehatan,11693713,1024278,Belum Terdaftar,0
288211005,UD. Mario Persada,Pendidikan,5461673,9811913,Belum Terdaftar,0
288211006,UD. Isna Wicaksana,Jasa,22607634,519295,Terdaftar,1
288211007,UD. Fani Gunawan,Kesehatan,20264505,5865641,Terdaftar,1
288211008,UD. Obed Pusaka,Kesehatan,11217492,8474463,Terdaftar,1
288211009,UD. Yani Bangun,Jasa,21059309,4016699,Belum Terdaftar,0
288211010,UD. Juli Utama,Jasa,13937432,3558524,Terdaftar,1
288211011,UD. Zulfa Tejakencana,Kesehatan,38007848,3048570,Belum Terdaftar,0
288211012,UD. Alif Jatiwangi,Jasa,10398584,7101161,Terdaftar,1
288211013,UD. Haidar Malam,Perdagangan,37838035,5347721,Terdaftar,1
288211014,UD. Oki Kamajaya Joko,Kesehatan,37715513,3456163,Terdaftar,1
288211015,UD. Haidar Langit,Kesehatan,23108848,2425766,Belum Terdaftar,0
288211016,UD. Qisya Darussalam,Jasa,19682726,3701214,Terdaftar,1
288211017,UD. Chika Kayastha,Jasa,2233057,2977654,Terdaftar,1
288211018,UD. Iman Prima,Kesehatan,34097097,2769271,Belum Terdaftar,0
288211019,UD. Taufik Suci,Pendidikan,,8587453,Terdaftar,1
288211020,UD. Wito Panji,Perdagangan,2414070,1699535,Terdaftar,1
288211021,UD. Bagir Kusumatmaja,Kesehatan,17027538,7640814,Belum Terdaftar,0
288211022,UD. Farhan Agastya,Kesehatan,11075329,8646343,Belum Terdaftar,0
288211023,UD. Mega Bagaskara,Pendidikan,43224304,3545105,Belum Terdaftar,0
288211024,UD. Fajar Ananta,Pendidikan,20306434,3202719,Terdaftar,1
288211025,UD. Novi Resaputra,Perdagangan,4825693,8384511,Terdaftar,1
288211026,UD. Eren Tirta,Pendidikan,23558182,9199716,Terdaftar,1
288211027,UD. Zulkarnaen Widuri,Kesehatan,22463250,4640968,Terdaftar,1
288211028,UD. Rafa Hilir,Perdagangan,44723066,4862947,Terdaftar,1
288211029,UD. Indira Wirajaya,Pendidikan,46968117,3552463,Belum Terdaftar,0
288211030,UD. Cinta Persada,Pendidikan,32163883,7646172,Belum Terdaftar,0
288211031,UD. Chintya Galuh,Jasa,30150157,unknown,Belum Terdaftar,0
288211032,UD. Eka Tejakusuma,Jasa,23876436,4954858,Terdaftar,1
288211033,UD. Daffa Kusen,Pendidikan,23443280,6449317,Terdaftar,1
288211034,UD. Tania Sakti,Pendidikan,3501556,2063292,Terdaftar,1
288211035,UD. Damar Abadi,Kesehatan,15698724,2283730,Belum Terdaftar,0
288211036,UD. Yola Kamajaya,Pendidikan,6980071,2337083,Terdaftar,1
288211037,UD. Wulan Reswara,,45113128,6591173,Belum Terdaftar,0
288211038,UD. Jasmine Langit,Pendidikan,31546529,9905138,Belum Terdaftar,0
288211039,UD. Grego Wijaya,Pendidikan,23906542,5150668,Belum Terdaftar,0
288211040,UD. Gita Tirtayasa,Perdagangan,46416211,4091525,Terdaftar,1
288211041,UD. Cici Harmoni,Kesehatan,29836665,1100786,Terdaftar,1
288211042,UD. Fahmi Ranggalawe,Pendidikan,16635881,8400640,Terdaftar,1
288211043,UD. Elsa Senja Rian,Kesehatan,36021195,7606860,Terdaftar,1
288211044,UD. Yudi Paseban,Perdagangan,17617128,2503106,Terdaftar,1
288211045,UD. Syifa Makmur,Jasa,21626361,3847566,Terdaftar,1
288211046,UD. Bayu Luhur Tari,Perdagangan,37005435,2795029,Belum Terdaftar,0
288211047,UD. Riko Sukma,Perdagangan,15541580,5096135,Terdaftar,1
288211048,UD. Daffa Wijaya Lintang,Perdagangan,31176545,7011015,Terdaftar,1
288211049,UD. Jasmin Utama,Perdagangan,45575164,961500,Terdaftar,1
288211050,UD. Mario Mandiri,,34518490,6133547,Belum Terdaftar,0
288211051,UD. Cahya Gita,Kesehatan,27687717,4486129,Belum Terdaftar,0
288211052,UD. Willy Mahkota Udin,Jasa,25661232,7531515,Belum Terdaftar,0
288211053,UD. Nando Bagaskara,Kesehatan,37181610,3334188,Terdaftar,1
288211054,UD. Lana Wijaya,Jasa,5194549,7988039,Belum Terdaftar,0
288211055,UD. Eka Wiraatmaja,Kesehatan,3726889,3728560,Terdaftar,1
288211056,UD. Qayla Buana,Perdagangan,36441592,8152710,Belum Terdaftar,0
288211057,UD. Olivia Jayaningrat,Kesehatan,21506269,3670709,Terdaftar,1
288211058,UD. Zahira Asih,Pendidikan,18409068,3473239,Terdaftar,1
288211059,UD. Ulil Nirmala,Pendidikan,15270720,719965,Belum Terdaftar,0
288211060,UD. Anis Merdeka,Pendidikan,38766246,5595992,Belum Terdaftar,0
288211061,UD. Icha Sakti Rangga,Jasa,45573787,1140348,Belum Terdaftar,0
288211062,UD. Nazar Mardika,Kesehatan,5220140,8013463,,0
288211063,UD. Eren Kelana,Kesehatan,27667730,990127,Belum Terdaftar,0
288211064,UD. Wahyu Madani,Kesehatan,47880349,1165299,Belum Terdaftar,0
288211065,UD. Pandu Widuri,Perdagangan,20779667,2863352,Terdaftar,1
288211066,UD. Ujang Sanjaya,Perdagangan,28877907,6460087,Terdaftar,1
288211067,UD. Irma Utama,Kesehatan,34338390,3969903,Terdaftar,1
288211068,UD. Iman Nirwasita,Pendidikan,10859934,3083410,Belum Terdaftar,0
288211069,UD. Syifa Siang,Jasa,3602591,6949871,Belum Terdaftar,0
288211070,UD. Melati Segar,Jasa,14221870,1220761,Terdaftar,1
288211071,UD. Tariq Wiraatmaja,Kesehatan,7306675,5125816,Terdaftar,1
288211072,UD. Gisel Langit,Kesehatan,13485465,2741662,Belum Terdaftar,0
288211073,UD. Chika Puri,Perdagangan,49018381,9407446,Belum Terdaftar,0
288211074,UD. Abel Baru,Kesehatan,47217989,2920591,Belum Terdaftar,0
288211075,UD. Fikra Prajurit,Kesehatan,28483296,8391377,Terdaftar,1
288211076,UD. Kirana Mardika,Perdagangan,1178183,3614099,Belum Terdaftar,0
288211077,UD. Karla Bagaskara,Pendidikan,36052862,7464965,Belum Terdaftar,0
288211078,UD. Juli Ranggalawe Pasha,Pendidikan,28129467,6130444,Terdaftar,1
288211079,UD. Nadia Surapati,Jasa,23484099,1782907,Terdaftar,1
288211080,UD. Riyan Wiratama Eka,Jasa,21318300,8634299,Terdaftar,1
unknown,UD. Dani Jati Mirna,Pendidikan,28184088,8766911,Belum Terdaftar,0
288211082,UD. Livia Jayengpati Ulil,Kesehatan,11957729,5959463,Belum Terdaftar,0
288211083,UD. Tomi Ilir,Pendidikan,8817527,1580107,Terdaftar,1
288211084,UD. Qomar Trisudira,Pendidikan,39475402,9318783,Belum Terdaftar,0
288211085,UD. Erlin Wiraatmaja,Jasa,36785436,1381519,Belum Terdaftar,0
288211086,UD. Rangga Santosa,Kesehatan,,2244578,Belum Terdaftar,0
288211087,UD. Yasir Yudhistira,Perdagangan,42300409,5271462,Terdaftar,1
288211088,UD. Jay Bintang Galang,Pendidikan,13929653,5866783,Terdaftar,1
288211089,UD. Amir Pamungkas,Perdagangan,20617441,8795557,Terdaftar,1
288211090,UD. Umi Atma,Pendidikan,18912429,1924978,Terdaftar,1
288211091,UD. Qamar Asri,Perdagangan,45160091,8080333,Terdaftar,1
288211092,UD. Riko Jayabaya,Kesehatan,29293494,3998298,Terdaftar,1
288211093,UD. Fauzan Panembahan,Kesehatan,32816343,7780420,Terdaftar,1
288211094,UD. Suci Praja Chiko,Pendidikan,40055945,1177827,,0
288211095,UD. Alif Dharma,Pendidikan,19874830,2694784,Belum Terdaftar,0
288211096,UD. Aqila Wangi,Kesehatan,5408638,6289595,Terdaftar,1
288211097,UD. Celsi Galuh,Pendidikan,31377446,9790792,Terdaftar,1
288211098,UD. Tari Bintang,Kesehatan,7066086,7452786,Terdaftar,1
288211099,UD. Qasya Bagaskara,Kesehatan,48039380,699776,Belum Terdaftar,0
288211100,UD. Oniel Trisaktiatma,Pendidikan,10858275,3001390,Terdaftar,1
288211101,UD. Ziva Sentosa,Kesehatan,37252463,3077644,Belum Terdaftar,0
288211102,UD. Qasya Hastinapura,Perdagangan,15407507,9865158,Belum Terdaftar,0
288211103,UD. Karla Kusumah,Kesehatan,48390454,3089133,,0
288211104,UD. Haidar Galuh,Jasa,31064012,2460925,Belum Terdaftar,0
288211105,UD. Qyla Kusumah,Pendidikan,37483073,1501804,Belum Terdaftar,0
288211106,UD. Habib Hilir,Pendidikan,19140570,6411527,Terdaftar,1
288211107,UD. Ujang Jagad,Jasa,10847558,6553147,Terdaftar,1
288211108,UD. Eka Wangi,Kesehatan,29640473,3451436,Belum Terdaftar,0
288211109,UD. Joko Indah Ziva,Kesehatan,20911645,5299038,Terdaftar,1
288211110,UD. Evan Widhi,Kesehatan,9743186,777567,Belum Terdaftar,0
288211111,UD. Umar Cerah,Pendidikan,42777172,982635,Terdaftar,1
288211112,UD. Jaya Elok,Perdagangan,45544409,5402013,Belum Terdaftar,0
288211113,UD. Jasmine Cahaya,Jasa,22908937,3676257,Belum Terdaftar,0
288211114,UD. Yana Utamajaya Halim,Jasa,37508451,9929875,Terdaftar,1
288211115,UD. Amir Jagadmaya,Jasa,30606187,996847,Terdaftar,1
288211116,UD. Tama Anindita,Jasa,45419068,6293119,Terdaftar,1
288211117,UD. Erlin Kencana,Pendidikan,15461951,2067451,Terdaftar,1
288211118,UD. Fatiah Asmaralaya,Kesehatan,49453658,3940584,Terdaftar,1
288211119,UD. Fikri Galuh,Jasa,46111943,5995285,Terdaftar,1
288211120,UD. Gilang Sumirat,Jasa,9230745,9715632,Terdaftar,1
288211121,UD. Jibril Sanjaya,Kesehatan,38516672,7114136,Belum Terdaftar,0
288211122,UD. Silvi Terang,Perdagangan,30510270,9170115,Terdaftar,1
288211123,UD. Hendra Tirta,Pendidikan,49097046,4405664,Terdaftar,1
288211124,UD. Diyan Wetan,Kesehatan,15565448,5043215,Terdaftar,1
288211125,UD. Rian Bahagia,Jasa,45694536,8753630,Belum Terdaftar,0
288211126,UD. Qyla Kencana,Kesehatan,11326214,6361221,Terdaftar,1
288211127,UD. Yoga Pagi,Jasa,11123739,8546421,Terdaftar,1
288211128,UD. Mirna Baswara,Perdagangan,30165948,8248407,Belum Terdaftar,0
288211129,UD. Panji Satya,Pendidikan,1850401,6413856,Terdaftar,1
288211130,UD. Galang Gemilang,Perdagangan,3988468,996168,Terdaftar,1
288211131,UD. Zidanar Suryaatmaja,Perdagangan,19587507,1524650,Terdaftar,1
288211132,UD. Teguh Nirbayu,Kesehatan,20437711,4952613,Belum Terdaftar,0
288211133,UD. Taufik Nirmala Oki,Pendidikan,16897289,7766495,Belum Terdaftar,0
288211134,UD. Ovan Ananta,Jasa,33480663,2244108,Terdaftar,1
288211135,UD. Jojo Sumirat,Jasa,6676361,8425456,Terdaftar,1
288211136,UD. Damar Cahaya,Jasa,37194477,8624493,Terdaftar,1
288211137,UD. Lono Gemilang,Perdagangan,1085916,6127902,Belum Terdaftar,0
288211138,UD. Widi Cempaka,Kesehatan,23212312,7690931,Belum Terdaftar,0
288211139,UD. Fatiah Dharma Valen,Jasa,39920424,1433748,Belum Terdaftar,0
288211140,UD. Qila Maheswara,Perdagangan,11741533,3416099,Terdaftar,1
288211141,UD. Wenny Pamungkas,Perdagangan,45991922,2001946,Terdaftar,1
288211142,UD. Niken Lingga,Perdagangan,49320210,9404614,Terdaftar,1
288211143,UD. Gita Mandala,Jasa,31883486,8332622,Terdaftar,1
288211144,UD. Fanny Galang,Perdagangan,3493729,1135797,Belum Terdaftar,0
288211145,UD. Yusuf Kawiswara,Perdagangan,5064987,,Belum Terdaftar,0
288211146,UD. Ulya Nawasena,Perdagangan,1928018,2062212,Terdaftar,1
288211147,UD. Sinta Wiratama,Perdagangan,13033994,1273580,Belum Terdaftar,0
288211148,UD. Jasmine Elok,Perdagangan,9549787,2957752,Belum Terdaftar,0
288211149,UD. Mirna Gemilang,Perdagangan,47656656,5973906,Terdaftar,1
288211150,UD. Febri Jayeng,Jasa,18820772,3483218,Terdaftar,1
288211151,UD. Fani Lingga,Jasa,5891226,6460615,Belum Terdaftar,0
288211152,UD. Berlian Tejakencana,Jasa,39320291,4003391,Terdaftar,1
288211153,UD. Zidan Anindita,Kesehatan,18980928,5769809,Belum Terdaftar,0
288211154,UD. Qanita Asri,Kesehatan,17764355,6950243,Terdaftar,1
288211155,UD. Pasha Jayeng,Perdagangan,33273454,8331836,Belum Terdaftar,0
288211156,UD. Rosa Kawiswara,Pendidikan,4390175,7990078,Terdaftar,1
288211157,UD. Wira Wijaya,Kesehatan,48664322,1226495,Belum Terdaftar,0
288211158,UD. Nayla Asa,Perdagangan,5304317,528695,Terdaftar,1
288211159,UD. Tariq Suryaatmaja Zara,Pendidikan,16704043,9325866,Belum Terdaftar,0
288211160,UD. Tari Suci,Perdagangan,5254039,1948574,Belum Terdaftar,0
288211161,UD. Qira Tri,Jasa,36432334,4066877,Terdaftar,1
288211162,UD. Alma Wisesa,Kesehatan,42643978,9178384,Terdaftar,1
288211163,UD. Khalid Kusumasari,Pendidikan,46197778,5428261,Terdaftar,1
288211164,UD. Chiko Sukadarma,Perdagangan,21895018,9206177,Belum Terdaftar,0
288211165,UD. Ulya Jati Guntur,Kesehatan,14655943,6829062,Terdaftar,1
288211166,UD. Oki Paningrat Juni,Pendidikan,16553906,1020571,Terdaftar,1
288211167,UD. Lana Saprahan Salsa,Kesehatan,5103777,2436813,Belum Terdaftar,0
288211168,UD. Marsel Adyatma,Kesehatan,23737889,3391303,Terdaftar,1
288211169,UD. Qiana Mahendra,Jasa,33429287,2621873,Belum Terdaftar,0
288211170,UD. Mira Wening Yoga,Pendidikan,33911845,9124045,Belum Terdaftar,0
288211171,UD. Shinta Widjaja,Perdagangan,25108569,8918615,Terdaftar,1
288211172,UD. Habib Kusumasari,Perdagangan,44283138,3380311,Belum Terdaftar,0
288211173,UD. Alvino Dewangga,Jasa,2004703,7652241,Terdaftar,1
288211174,UD. Nadia Wiyata,Kesehatan,47682154,6064947,Terdaftar,1
288211175,UD. Widi Harmoni,Perdagangan,25495215,3082756,Belum Terdaftar,0
288211176,UD. Abdi Madya,Kesehatan,7603498,7166752,Belum Terdaftar,0
288211177,UD. Naufal Citra,Kesehatan,13989897,9936027,Terdaftar,1
288211178,UD. Zulfa Pusaka Ujang,Pendidikan,36085769,2786270,Belum Terdaftar,0
288211179,UD. Halim Tirtayasa,Perdagangan,39567152,8422009,Belum Terdaftar,0
288211180,UD. Asep Wangi,Jasa,41039885,3476384,Belum Terdaftar,0
288211181,UD. Priska Jati,Perdagangan,32347166,5516510,Belum Terdaftar,0
288211182,UD. Gisel Mahendra Alma,Perdagangan,5107400,7269870,Belum Terdaftar,0
288211183,UD. Yani Darma,Perdagangan,45506671,6794351,Terdaftar,1
288211184,UD. Alif Pramana,Kesehatan,12275141,1835126,Terdaftar,1
288211185,UD. Desi Radhitya Tegar,Pendidikan,27513648,4070792,Terdaftar,1
288211186,UD. Opik Panji Alvino,Kesehatan,49705077,6716405,Belum Terdaftar,0
288211187,UD. Jihan Kencana,Kesehatan,28729022,4219093,Terdaftar,1
288211188,UD. Yessi Utama,Kesehatan,38339768,6497738,Terdaftar,1
288211189,UD. Qanita Berkarya,Kesehatan,47373813,4802789,Belum Terdaftar,0
288211190,UD. Diyan Sumirat,Jasa,26468257,6520417,Belum Terdaftar,0
288211191,UD. Bayu Sudarsana,Jasa,31603831,806953,Belum Terdaftar,0
288211192,UD. Uti Cempaka,Jasa,47649681,1771669,Belum Terdaftar,0
288211193,UD. Intan Prana,Jasa,13966301,5303747,Belum Terdaftar,0
288211194,UD. Tari Cahaya,Jasa,30827967,7865282,Belum Terdaftar,0
288211195,UD. Yusuf Jayabaya,Perdagangan,1794366,,Terdaftar,1
288211196,UD. Tono Madya,Pendidikan,49193252,2314205,Belum Terdaftar,0
288211197,UD. Wawan Jayabaya,Jasa,7205930,689742,Belum Terdaftar,0
288211198,UD. Tasya Jati,Pendidikan,14780226,7240879,Belum Terdaftar,0
288211199,UD. Desi Sukma,Kesehatan,24756174,1016514,Terdaftar,1
288211200,UD. Laila Permai Miko,Pendidikan,23832066,6429511,Belum Terdaftar,0
288211201,UD. Teguh Jayawarsa Dina,Jasa,27746524,4661732,Belum Terdaftar,0
288211202,UD. Omar Sentosa,Pendidikan,11441270,1783804,Terdaftar,1
288211203,UD. Veronika Sunardi,Jasa,24667658,9760397,Terdaftar,1
288211204,UD. Willy Utama,Jasa,46520879,6004458,Belum Terdaftar,0
288211205,UD. Muthia Jayawarsa,Jasa,18638267,5525103,Belum Terdaftar,0
288211206,UD. Elyas Widhi,Kesehatan,35745453,628344,Belum Terdaftar,0
288211207,UD. Pasha Baswara,Jasa,18719143,9140834,Terdaftar,1
288211208,UD. Nina Sehat,Pendidikan,8116752,1344864,Terdaftar,1
288211209,UD. Kinan Sidarta,Perdagangan,35323382,7962923,Belum Terdaftar,0
288211210,UD. Ulya Bratadikara Rafa,Kesehatan,20863089,9252042,Terdaftar,1
288211211,UD. Vina Maheswara,Jasa,19131493,1260812,Terdaftar,1
288211212,UD. Fanny Mandala,Jasa,27848059,6283341,Belum Terdaftar,0
288211213,UD. Galih Madani,Jasa,16932083,2225791,Belum Terdaftar,0
288211214,UD. Desta Wiyata,Perdagangan,30414739,579179,Terdaftar,1
288211215,UD. Carissa Pamungkas,Pendidikan,45677065,7638181,Terdaftar,1
288211216,UD. Yola Bima,Perdagangan,38250245,8413638,Belum Terdaftar,0
288211217,UD. Abdi Kusumasari,Jasa,3124875,1088392,Belum Terdaftar,0
288211218,UD. Jaya Alam,Pendidikan,33990160,544628,Terdaftar,1
288211219,UD. Harun Persada Joko,Pendidikan,35374828,744925,Terdaftar,1
288211220,UD. Nando Adhi,Pendidikan,26615584,5451131,unknown,0
288211221,UD. Vera Tirtaatmaja,Perdagangan,6235311,1454335,Terdaftar,1
288211222,UD. Santi Sumirat Yudi,Jasa,28449362,2222160,Terdaftar,1
288211223,UD. Qayla Madya,Pendidikan,10859839,1430672,Terdaftar,1
288211224,UD. Elen Elok,Jasa,49895620,7725120,Terdaftar,1
288211225,UD. Miko Sumringah,Perdagangan,40347625,5737549,Terdaftar,1
288211226,UD. Arman Resaputra,Pendidikan,29125817,4346369,Terdaftar,1
288211227,UD. Nara Wiratama,Jasa,34812572,5489620,Belum Terdaftar,0
288211228,UD. Pasha Senopati,Pendidikan,6983773,1286353,Terdaftar,1
288211229,UD. Qori Adiwarna,Perdagangan,31003008,,Belum Terdaftar,0
288211230,UD. Hilmi Asa,Perdagangan,31846539,7290258,Belum Terdaftar,0
288211231,UD. Putri Nusa,Perdagangan,31130126,4668507,Belum Terdaftar,0
288211232,UD. Erni Asri,Pendidikan,26016068,9436328,Belum Terdaftar,0
288211233,UD. Citra Swargaloka,Kesehatan,1001829,8496521,Terdaftar,1
288211234,UD. Chiko Sentosa,Perdagangan,19689363,3444989,Terdaftar,1
288211235,UD. Khalid Santosa,Jasa,16097116,1407099,Belum Terdaftar,0
288211236,UD. Rangga Manik,Kesehatan,25450777,6348203,Terdaftar,1
288211237,UD. Sinta Adiwarna,Perdagangan,14949513,3024236,Belum Terdaftar,0
288211238,UD. Jasmine Darma,Pendidikan,24523162,3030173,Belum Terdaftar,0
288211239,UD. Grego Lingga Jafar,Jasa,12825912,5157843,Belum Terdaftar,0
288211240,UD. Utha Luhur,Pendidikan,,2335355,Belum Terdaftar,0
288211241,UD. Fira Maju,Jasa,9162536,7617284,Terdaftar,1
288211242,UD. Jasmine Maju,Perdagangan,45223720,1729007,Terdaftar,1
288211243,UD. Miko Sari,Perdagangan,37670424,3987348,Belum Terdaftar,0
288211244,UD. Najwa Sukarela,Kesehatan,18992457,3564438,Terdaftar,1
288211245,UD. Zulkarnaen Kelana,Perdagangan,30444134,8494397,Belum Terdaftar,0
288211246,UD. Lintang Mardika,Perdagangan,29924987,5132231,Belum Terdaftar,0
288211247,UD. Oniel Terang,Jasa,46334112,8490746,Terdaftar,1
288211248,UD. Dina Panji,Kesehatan,30313503,3228112,Belum Terdaftar,0
288211249,UD. Fatiah Bersemi,Jasa,37215189,3317666,Belum Terdaftar,0
288211250,UD. Wulan Bima Chintya,Pendidikan,24862229,8411936,Belum Terdaftar,0
288211251,UD. Ovan Sumirat,Perdagangan,26758038,9268799,Terdaftar,1
288211252,UD. Fani Atma,Perdagangan,34135314,6745670,Belum Terdaftar,0
288211253,UD. Syana Hastinapura,Pendidikan,20507606,3884916,Belum Terdaftar,0
288211254,UD. Rendi Kamajaya,Perdagangan,11095381,9191401,Terdaftar,1
288211255,UD. Taufan Saputrautama,Jasa,38886909,2547646,Belum Terdaftar,0
288211256,UD. Sani Utama,Jasa,49901394,9479204,Belum Terdaftar,0
288211257,UD. Wira Mahkota,Perdagangan,2790997,866732,Belum Terdaftar,0
288211258,UD. Rafa Sidarta,Kesehatan,16778430,8406370,Terdaftar,1
288211259,UD. Cipta Adikara,Perdagangan,24214464,7128423,Belum Terdaftar,0
288211260,UD. Alma Segar Bayu,Pendidikan,2241761,8728529,Terdaftar,1
288211261,UD. Yoga Bersemi,Pendidikan,6998459,4666770,Terdaftar,1
288211262,UD. Tasya Trisula,Jasa,24052313,3486409,Terdaftar,1
288211263,UD. Gema Jayaningrat,Pendidikan,46915651,6764418,Belum Terdaftar,0
288211264,UD. Naila Alam,Jasa,1517807,3941227,Terdaftar,1
288211265,UD. Marwan Kusumah,Kesehatan,7632715,2522679,Terdaftar,1
288211266,UD. Oniel Putra,Jasa,34634395,3470407,Belum Terdaftar,0
288211267,UD. Mira Jagad,Perdagangan,6322020,6468631,Terdaftar,1
288211268,UD. Desi Wiraatmaja,Pendidikan,4440283,9047966,Belum Terdaftar,0
288211269,UD. Cinta Suryaputra,Perdagangan,2418195,8150559,Terdaftar,1
288211270,UD. Hilmi Reswara,Perdagangan,11622081,5172289,Belum Terdaftar,0
288211271,UD. Hilmiyah Trisudira,Jasa,36529655,5545976,Belum Terdaftar,0
288211272,UD. Melati Tejakusuma,Jasa,49681444,9712539,Terdaftar,1
288211273,UD. Chiko Setia,Pendidikan,12611949,4332838,Belum Terdaftar,0
288211274,UD. Rafa Darma,Jasa,44802734,5917034,Belum Terdaftar,0
288211275,UD. Lukman Resaputra,Jasa,13861155,2975746,Terdaftar,1
288211276,UD. Kinan Resaputra,Perdagangan,43630571,8964858,Terdaftar,1
288211277,UD. Mika Jaladara,Pendidikan,19945937,6746622,Terdaftar,1
288211278,UD. Juli Trisaktiatma Zaki,Kesehatan,8764004,1498529,Belum Terdaftar,0
288211279,UD. Ujang Artha,Jasa,3335285,9556220,Terdaftar,1
288211280,UD. Mila Saputrautama,Kesehatan,48869720,4193092,Terdaftar,1
288211281,UD. Shinta Jagad,Jasa,20239806,1816894,Terdaftar,1
288211282,UD. Elyas Tejakusuma,Kesehatan,48741266,2053669,Belum Terdaftar,0
288211283,UD. Zidan Harapan,Kesehatan,36075261,3663757,Belum Terdaftar,0
288211284,UD. Chintya Saputra,Kesehatan,8583411,5946345,Belum Terdaftar,0
288211285,UD. Evan Buana Jordi,unknown,14919984,1616155,Belum Terdaftar,0
288211286,UD. Prananda Artha,Pendidikan,41765630,2196222,Belum Terdaftar,0
288211287,UD. Pasha Mandala,Perdagangan,31563214,5012650,Terdaftar,1
288211288,UD. Chintya Sundawa,Perdagangan,4106871,3342997,Terdaftar,1
288211289,UD. Via Haji,Pendidikan,49304237,3798664,Belum Terdaftar,0
288211290,UD. Qori Puri,Kesehatan,41577983,4639979,Terdaftar,1
288211291,UD. Chiko Ananta,Jasa,7758291,6724371,Terdaftar,1
288211292,UD. Febri Putri,Pendidikan,36005204,9893164,Terdaftar,1
288211293,UD. Arman Jagad Tiara,Pendidikan,22547681,2324652,Terdaftar,1
288211294,UD. Vera Wijaya,Jasa,7538740,3464497,Belum Terdaftar,0
288211295,UD. Jasmin Utamaindah,Perdagangan,44134565,7316817,Belum Terdaftar,0
288211296,UD. Eni Purnama,Jasa,41106455,2321803,Belum Terdaftar,0
288211297,UD. Farid Adyatma,Kesehatan,33402792,7400954,Belum Terdaftar,0
288211298,UD. Ojan Nirwasita,Jasa,38916184,9919903,Terdaftar,1
288211299,UD. Juli Sarwono,Jasa,9458432,9414551,Terdaftar,1
288211300,UD. Bella Adiwarna Pardi,Kesehatan,40613340,947002,Terdaftar,1
288211301,UD. Satria Permai,Kesehatan,39673183,1297370,Terdaftar,1
288211302,UD. Fadli Saputrautama Rizki,Jasa,32515391,4875872,Terdaftar,1
288211303,UD. Melati Anindita,Jasa,24807342,2335938,Terdaftar,1
288211304,UD. Diva Kalbu,Perdagangan,38213346,7199286,Belum Terdaftar,0
288211305,UD. Nando Sejahtera Bayu,Pendidikan,30282575,8868149,Belum Terdaftar,0
288211306,UD. Viona Utama,Jasa,9725023,8718138,Belum Terdaftar,0
288211307,UD. Galang Kamajaya,Jasa,26875694,7017169,Terdaftar,1
288211308,UD. Qayla Binasena Putri,Jasa,19759630,8091960,Terdaftar,1
288211309,UD. Abdi Sumirat,Perdagangan,46424004,542849,Belum Terdaftar,0
288211310,UD. Hanaura Kulon,Jasa,3479113,3762645,Belum Terdaftar,0
288211311,UD. Laras Kusumah,Kesehatan,49459626,7898064,Belum Terdaftar,0
288211312,UD. Dora Selaras,Kesehatan,34429070,6571170,Terdaftar,1
288211313,UD. Galih Arya,Pendidikan,31086931,9917368,Belum Terdaftar,0
288211314,UD. Prananda Berkarya,Perdagangan,37409688,7012963,Belum Terdaftar,0
288211315,UD. Yaniar Manggala,Perdagangan,44231627,3181614,Terdaftar,1
288211316,UD. Hanafi Sejahtera,Perdagangan,4446873,1355746,Belum Terdaftar,0
288211317,UD. Laila Selaras,Jasa,46877699,6773674,Terdaftar,1
288211318,UD. Qory Hilir,Perdagangan,35680254,7043451,Terdaftar,1
288211319,UD. Pandu Nusa,Jasa,19001305,1817378,Terdaftar,1
288211320,UD. Vito Jaladara,Pendidikan,32999817,8762643,Belum Terdaftar,0
288211321,UD. Abel Bahagia Vino,Perdagangan,30409007,679729,Terdaftar,1
288211322,UD. Fikri Sari,Kesehatan,47862908,6513262,Terdaftar,1
288211323,UD. Maudy Karya,Perdagangan,3791822,2210519,Terdaftar,1
288211324,UD. Lukita Tunggal,Jasa,9382468,3504173,Belum Terdaftar,0
288211325,UD. Ujang Gita,Jasa,48368981,5740570,Belum Terdaftar,0
288211326,UD. Aldo Maju,Jasa,2170955,3698894,Belum Terdaftar,0
288211327,UD. Zahira Madani,Kesehatan,12225919,990825,Belum Terdaftar,0
288211328,UD. Erlangga Anggara,Pendidikan,48307594,795531,Terdaftar,1
288211329,UD. Ilham Adyatma,Kesehatan,49631127,8208381,Terdaftar,1
288211330,UD. Balqis Adhi,Kesehatan,14135336,8435317,Terdaftar,1
288211331,UD. Bagas Maju,Kesehatan,6222927,7033986,Terdaftar,1
288211332,UD. Utami Sentosa,Kesehatan,35687282,5312537,Belum Terdaftar,0
288211333,UD. Amir Buana Mika,Jasa,16367894,3328683,Terdaftar,1
288211334,UD. Mario Segar,Jasa,28650011,2515138,Terdaftar,1
288211335,UD. Kanza Langit,Kesehatan,7796831,9564176,Belum Terdaftar,0
288211336,UD. Tania Atma,Pendidikan,35389629,1916307,Terdaftar,1
288211337,UD. Tariq Bersemi,Jasa,37072372,6077438,Belum Terdaftar,0
288211338,UD. Marwan Suci,Jasa,26909475,7125004,Belum Terdaftar,0
288211339,UD. Opik Manggala,Pendidikan,10491684,2769014,Belum Terdaftar,0
288211340,UD. Yolanda Dwijaputra,Jasa,28230594,6078580,Terdaftar,1
288211341,UD. Valen Wening,Kesehatan,31072178,1363489,Terdaftar,1
288211342,UD. Harun Anggara Willy,Perdagangan,35369499,7716500,Terdaftar,1
288211343,UD. Qyla Anindita,Jasa,48570267,4278142,Belum Terdaftar,0
288211344,UD. Mega Lingga,Perdagangan,43654521,8023485,Belum Terdaftar,0
288211345,UD. Berlian Adiwarna,Jasa,42524780,9123698,Belum Terdaftar,0
288211346,UD. Gita Jati,Kesehatan,1409623,7597085,Belum Terdaftar,0
288211347,UD. Zain Radhitya,Pendidikan,17322482,8635936,Terdaftar,1
288211348,UD. Elen Cahaya,Jasa,9378884,6397060,Terdaftar,1
288211349,UD. Eni Cahaya,Pendidikan,15784080,6549243,Belum Terdaftar,0
288211350,UD. Clarissa Gunawan,Jasa,49878027,1885662,Belum Terdaftar,0
288211351,UD. Tomi Manunggal,Jasa,5452726,4086003,Belum Terdaftar,0
288211352,UD. Abel Pagi,Pendidikan,37892336,5187034,Belum Terdaftar,0
288211353,UD. Qyla Sanjaya,Kesehatan,27472736,5433231,Terdaftar,1
288211354,UD. Haidar Kawiswara,Perdagangan,47291446,957668,Terdaftar,1
288211355,UD. Wira Suryaputra,Kesehatan,19572449,1732477,Terdaftar,1
288211356,UD. Mika Galang,Pendidikan,2944413,4023881,Belum Terdaftar,0
288211357,UD. Hasna Segar,Pendidikan,26290732,1193210,Terdaftar,1
288211358,UD. Alif Agung,Pendidikan,45883807,500233,Belum Terdaftar,0
288211359,UD. Qila Ananta,Kesehatan,4859913,3550560,Terdaftar,1
288211360,UD. Galih Cinta,Pendidikan,49691230,6385576,Belum Terdaftar,0
288211361,UD. Eren Kamajaya,Perdagangan,34590114,612753,Terdaftar,1
288211362,UD. Mira Bangun,Kesehatan,18966158,1805798,Terdaftar,1
288211363,UD. Oki Wira,Pendidikan,44310362,1313106,Terdaftar,1
288211364,UD. Wawan Sudarsana,Perdagangan,32764666,8529401,Belum Terdaftar,0
288211365,UD. Utha Utamajaya,Perdagangan,21433434,2937493,Belum Terdaftar,0
288211366,UD. Balqis Anindita Qyla,Jasa,35627968,2465492,Belum Terdaftar,0
288211367,UD. Adinda Jayawarsa,Pendidikan,14866059,1710404,Belum Terdaftar,0
288211368,UD. Carissa Wibawa Intan,Pendidikan,34221315,3776972,Belum Terdaftar,0
288211369,UD. Cakra Sakti,Perdagangan,44063702,6377067,Terdaftar,1
288211370,UD. Jordi Pramudita,Perdagangan,41971105,4420509,Terdaftar,1
288211371,UD. Yayan Wisesa,Pendidikan,39834995,9273392,Terdaftar,1
288211372,UD. Qayla Berkarya,Jasa,21120504,2471453,,0
288211373,UD. Elyas Gunawan,Pendidikan,39208086,2343064,Belum Terdaftar,0
288211374,UD. Erni Jatinagara,Perdagangan,26249746,1035006,Belum Terdaftar,0
288211375,UD. Tomi Mulyo,Perdagangan,3836602,994372,Terdaftar,1
288211376,UD. Jihan Bima,Perdagangan,10463251,7893193,Belum Terdaftar,0
288211377,UD. Yessi Mulyo,Jasa,49996606,6146620,Terdaftar,1
288211378,UD. Tegar Jaladara Syifa,Kesehatan,38677267,5239819,Belum Terdaftar,0
288211379,UD. Kamil Utama Joko,Pendidikan,24756508,8937965,Terdaftar,1
288211380,UD. Dina Saputrautama,Pendidikan,46488972,1319978,Terdaftar,1
288211381,UD. Qamar Sukadarma,Pendidikan,41706331,707801,Terdaftar,1
288211382,UD. Chika Resmi,Perdagangan,43395927,4832767,Terdaftar,1
288211383,UD. Halim Tunggul,Kesehatan,10853397,4461107,Terdaftar,1
288211384,UD. Yessi Artha,Perdagangan,22826727,8954558,Belum Terdaftar,0
288211385,UD. Nayla Putri,Jasa,34863559,2017919,Terdaftar,1
288211386,UD. Iqra Selaras,Kesehatan,32066839,5569873,Belum Terdaftar,0
288211387,UD. Winda Jatinagara,Jasa,3588427,6720840,Terdaftar,1
288211388,UD. Olivia Sasmita,Jasa,8318448,5766953,Belum Terdaftar,0
288211389,UD. Wira Prima Haidar,Pendidikan,19911847,4221908,Belum Terdaftar,0
288211390,UD. Vega Luhur Fatimah,Kesehatan,37318868,5462480,Terdaftar,1
288211391,UD. Olla Tejakusuma,Perdagangan,4050879,7994041,Terdaftar,1
288211392,UD. Kiki Wiyata,Kesehatan,47036076,1187682,Belum Terdaftar,0
288211393,UD. Qasya Anggrek,,35286397,3361091,Terdaftar,1
288211394,UD. Kirana Anggrek,Jasa,30977937,7219837,Belum Terdaftar,0
288211395,UD. Gisel Gita,Kesehatan,47961597,6339162,Terdaftar,1
288211396,UD. Jafar Mandala,Jasa,43723235,6927562,Terdaftar,1
288211397,UD. Santi Senja,Kesehatan,43505900,5669491,Belum Terdaftar,0
288211398,UD. Miko Brawijaya,Pendidikan,30876863,7877979,Terdaftar,1
288211399,UD. Rafi Siang,Perdagangan,12793904,3973509,Terdaftar,1
288211400,UD. Sari Sakti,Jasa,33736573,5643525,Belum Terdaftar,0
288211401,UD. Fadli Sukadarma,Kesehatan,27404005,2719712,Terdaftar,1
288211402,UD. Bulan Agung,Pendidikan,9317503,5293495,Terdaftar,1
288211403,UD. Ina Sunardi,Kesehatan,36488363,3886824,Terdaftar,1
288211404,UD. Inten Trisudira,Pendidikan,40271804,8524933,Belum Terdaftar,0
288211405,UD. Opik Raharja,Kesehatan,41967795,3374160,Belum Terdaftar,0
288211406,UD. Tiara Widhi,Kesehatan,48134451,6185211,Terdaftar,1
288211407,UD. Anisa Darma,Perdagangan,23611287,3645206,Terdaftar,1
288211408,UD. Panji Darussalam,Perdagangan,29452550,6931801,Belum Terdaftar,0
288211409,UD. Nazar Harapan,Perdagangan,33078728,9411731,Terdaftar,1
288211410,UD. Erlangga Mandiri,Kesehatan,14121487,546010,Belum Terdaftar,0
288211411,UD. Qiana Sukadarma,Pendidikan,46302726,2127768,Belum Terdaftar,0
288211412,UD. Dina Agung Zulkarnaen,Kesehatan,29028824,1529263,Belum Terdaftar,0
288211413,UD. Jojo Praja,Perdagangan,26639501,8876975,Terdaftar,1
288211414,UD. Rafif Jaya,Jasa,48591360,8818368,Belum Terdaftar,0
288211415,UD. Wira Kusumatmaja,Perdagangan,25509843,7927366,Terdaftar,1
288211416,UD. Jojo Pamungkas,Perdagangan,27868251,4509454,Terdaftar,1
288211417,UD. Gadis Puri,Kesehatan,29617957,1130809,Terdaftar,1
288211418,UD. Kevin Widuri,Jasa,48061793,6657925,Belum Terdaftar,0
288211419,UD. Vita Manik,Kesehatan,23884857,6732684,Terdaftar,1
288211420,UD. Jasmin Galuh,Pendidikan,3035912,9175154,Belum Terdaftar,0
288211421,UD. Amir Utamajaya,Pendidikan,28905130,9614793,Terdaftar,1
288211422,UD. Diyan Permai,Perdagangan,7195955,3714461,Belum Terdaftar,0
288211423,UD. Zidanar Sukarela,Perdagangan,41820446,4504378,Belum Terdaftar,0
288211424,UD. Zidan Warna,Pendidikan,44434452,4362657,Terdaftar,1
288211425,UD. Zara Langit,Kesehatan,8596053,7126126,Terdaftar,1
288211426,UD. Widi Utama,Pendidikan,34762350,9372316,Terdaftar,1
288211427,UD. Salwa Saprahan,Jasa,46920280,2577352,Belum Terdaftar,0
288211428,UD. Lando Raharja,Kesehatan,1644245,5841274,Belum Terdaftar,0
288211429,UD. Yola Atma,Kesehatan,20569782,9980853,Terdaftar,1
288211430,UD. Iqbal Jatiwangi,Jasa,19087059,2652494,Terdaftar,1
288211431,UD. Khalid Kusuma,Jasa,30698015,4928110,Belum Terdaftar,0
,UD. Gilangga Indah,Pendidikan,34706191,2676373,Belum Terdaftar,0
288211433,UD. Wulan Cinta,Pendidikan,20956724,855065,Belum Terdaftar,0
288211434,UD. Yusuf Lempung,Jasa,11799123,8211021,Terdaftar,1
288211435,UD. Mira Asih Odie,Jasa,25883816,5209974,Belum Terdaftar,0
288211436,UD. Delia Bintang,Perdagangan,10265109,3034952,Belum Terdaftar,0
288211437,UD. Utami Kalbu,Perdagangan,47768485,5218483,Terdaftar,1
288211438,UD. Inten Selaras,Pendidikan,44518636,4128435,Terdaftar,1
288211439,UD. Olivia Arya,Pendidikan,6830692,7297990,Terdaftar,1
288211440,UD. Ciko Madani,Pendidikan,32248526,7518525,Terdaftar,1
288211441,UD. Ony Kalbu,Jasa,31284936,3647311,Terdaftar,1
288211442,UD. Pasha Kencana,Jasa,1252516,2744283,Terdaftar,1
288211443,UD. Desta Wisnu,Jasa,14945003,6142874,Terdaftar,1
288211444,UD. Jihan Naraya,Kesehatan,45017294,9428615,Terdaftar,1
288211445,UD. Zulfa Pusaka,Kesehatan,26106987,6270171,Terdaftar,1
288211446,UD. Gema Tirta,Pendidikan,17155477,1038733,Terdaftar,1
288211447,UD. Hendra Kencana Marwan,Kesehatan,2084314,1167619,Belum Terdaftar,0
288211448,UD. Thariq Wening,Kesehatan,4416978,7286406,Terdaftar,1
288211449,UD. Barokah Dwijaputra,Jasa,21167918,7436003,Belum Terdaftar,0
288211450,UD. Intan Kusen,Kesehatan,4748041,6312626,Terdaftar,1
288211451,UD. Erlangga Sulaksana,Kesehatan,34228770,9030611,Belum Terdaftar,0
288211452,UD. Esa Radhitya,Perdagangan,42276152,9337241,Belum Terdaftar,0
288211453,UD. Novi Bijaksana,Kesehatan,20323839,2556283,Terdaftar,1
288211454,UD. Yayan Pusaka,Jasa,6983083,895290,Terdaftar,1
288211455,UD. Hilmi Kencana Salsa,Pendidikan,21757387,7485086,Terdaftar,1
288211456,UD. Ilmi Anugerah,Kesehatan,6677820,2556210,Terdaftar,1
288211457,UD. Poppy Indah Uchie,Jasa,35647879,3993282,Belum Terdaftar,0
288211458,UD. Willy Abadi,Perdagangan,20233106,5976228,Belum Terdaftar,0
288211459,UD. Mika Asih,Pendidikan,47382358,3162492,Terdaftar,1
288211460,UD. Jafar Brawijaya,Perdagangan,36621518,6814245,Belum Terdaftar,0
288211461,UD. Nindy Kulon,Jasa,11726974,1261640,Terdaftar,1
288211462,UD. Farhan Trisudira,Perdagangan,44227795,unknown,Terdaftar,1
288211463,UD. Bayu Karang,Pendidikan,48547736,6487748,Belum Terdaftar,0
288211464,UD. Zara Utamajaya,Pendidikan,36192055,7562108,Belum Terdaftar,0
288211465,UD. Carissa Nirmala,Perdagangan,40826381,4901407,Belum Terdaftar,0
288211466,UD. Abel Sangkala Alma,Perdagangan,13324361,9892672,,0
288211467,UD. Fatiah Wibawa,,13896497,5532154,Terdaftar,1
288211468,UD. Salwa Wisesa Tari,Pendidikan,33917948,4061447,Belum Terdaftar,0
288211469,UD. Candra Wirajaya,Jasa,24542236,9203343,Belum Terdaftar,0
288211470,UD. Reza Sahaja,Pendidikan,15806958,6741157,Belum Terdaftar,0
288211471,UD. Rafi Ceria,Jasa,5667765,5195029,Belum Terdaftar,0
288211472,UD. Abel Jaladara,Kesehatan,20699248,7803302,Belum Terdaftar,0
288211473,UD. Marsel Wijaya,Jasa,27937392,6805670,Belum Terdaftar,0
288211474,UD. Jihan Lintang,Jasa,30385721,2772540,Belum Terdaftar,0
288211475,UD. Salsa Alam,Jasa,45637515,7163887,Terdaftar,1
288211476,UD. Nina Nusa,Kesehatan,11683936,7977824,Terdaftar,1
288211477,UD. Zahira Kusumajati,Pendidikan,,9544664,Belum Terdaftar,0
288211478,UD. Xenia Abadi,Kesehatan,17925517,9218364,Terdaftar,1
288211479,UD. Ciko Adhi,Pendidikan,49692502,7143493,Terdaftar,1
,UD. Poppy Widjaja,Kesehatan,37370416,2322924,Terdaftar,1
288211481,UD. Widya Mega,Pendidikan,45208308,1230611,Belum Terdaftar,0
288211482,UD. Lana Jaladara,Jasa,6271844,6810119,Terdaftar,1
288211483,UD. Dea Sahaja Yana,Kesehatan,9864988,4578422,Belum Terdaftar,0
288211484,UD. Syifa Cempaka,Jasa,14170147,3292045,Belum Terdaftar,0
288211485,UD. Icha Panji,Perdagangan,29269572,5772143,Belum Terdaftar,0
288211486,UD. Qais Berkarya,Jasa,,8284121,Belum Terdaftar,0
288211487,UD. Zidan Sulaksana,Jasa,4665666,5875821,Terdaftar,1
288211488,UD. Karla Widuri,Pendidikan,6529425,7612755,Terdaftar,1
288211489,UD. Vega Sarwono Zidanar,Pendidikan,28211468,9335239,Terdaftar,1
288211490,UD. Zulfa Bijaksana Santi,Pendidikan,41900053,5696707,Belum Terdaftar,0
288211491,UD. Gilangga Bagaskara,Kesehatan,45455116,,Terdaftar,1
288211492,UD. Weni Anggara,Kesehatan,2218315,7711522,Terdaftar,1
288211493,UD. Elok Widjaja Qayla,Pendidikan,42538975,3007404,Terdaftar,1
288211494,UD. Qomar Sangkala,Pendidikan,31621667,8022303,Terdaftar,1
288211495,UD. Fani Anggara,Pendidikan,10772998,7662287,Terdaftar,1
288211496,UD. Wulan Radhitya,Kesehatan,39137406,2671707,unknown,0
288211497,UD. Khayla Jayengprana Echa,Jasa,8860120,1008869,Terdaftar,1
288211498,UD. Sella Kencana,Perdagangan,8708868,7268494,Terdaftar,1
288211499,UD. Nazar Nirwasita Qory,Jasa,33814328,6410284,Belum Terdaftar,0
288211500,UD. Delia Luhur,Pendidikan,35490706,8798219,Terdaftar,1
288211501,UD. Ovan Merdeka Citra,Pendidikan,44331528,8333707,Belum Terdaftar,0
288211502,UD. Hana Padi,Jasa,21059441,8423767,Belum Terdaftar,0
288211503,UD. Sella Pramudita Nazar,Kesehatan,48832487,5829868,Terdaftar,1
288211504,UD. Raka Jatinagara,Jasa,17612013,1934298,Belum Terdaftar,0
288211505,UD. Khayla Anggara,Pendidikan,2284936,7745748,Belum Terdaftar,0
288211506,UD. Vincent Ilir,Kesehatan,39138790,6914570,Terdaftar,1
288211507,UD. Grego Sudharmo Eka,Jasa,25130160,5506632,Terdaftar,1
288211508,UD. Qori Mega,Jasa,1014058,3078855,Terdaftar,1
288211509,UD. Nayla Kamajaya,Kesehatan,6880112,9217884,Belum Terdaftar,0
288211510,UD. Dea Tengah,Jasa,27036269,1980652,Belum Terdaftar,0
288211511,UD. Eddy Brawijaya Pardi,Kesehatan,39884903,4434482,Terdaftar,1
288211512,UD. Ghani Tri,Pendidikan,4967089,3757516,Belum Terdaftar,0
288211513,UD. Qasya Artha,Jasa,44107474,1143674,Belum Terdaftar,0
288211514,UD. Nibras Senopati,Pendidikan,9063217,4143922,Terdaftar,1
288211515,UD. Taufan Manik,Perdagangan,13465680,4628358,Belum Terdaftar,0
288211516,UD. Diyan Kawiswara,Perdagangan,42809105,7836986,Belum Terdaftar,0
288211517,UD. Zaki Sukadarma,Jasa,29896173,3736765,Terdaftar,1
288211518,UD. Rahmat Hastinapura,Kesehatan,7385895,4080568,Terdaftar,1
288211519,UD. Raka Satria,Kesehatan,28067761,5380944,Terdaftar,1
288211520,UD. Balqis Anugerah,Perdagangan,46521352,8902676,Terdaftar,1
288211521,UD. Prananda Permai,Perdagangan,45638277,5803863,Belum Terdaftar,0
288211522,UD. Dito Lempung,Perdagangan,31190438,4168581,Belum Terdaftar,0
288211523,UD. Kiki Kencana,Jasa,48985224,6368864,Belum Terdaftar,0
288211524,UD. Made Luhur Omar,Perdagangan,13222218,9731586,Terdaftar,1
288211525,UD. Intan Citra,Perdagangan,22580945,9085531,Belum Terdaftar,0
288211526,UD. Rendi Pamungkas,Kesehatan,32553388,7452148,Terdaftar,1
288211527,UD. Desta Kencana Anang,Jasa,40906541,8044481,Terdaftar,1
288211528,UD. Uti Ayodya,Perdagangan,14636324,5998512,Terdaftar,1
288211529,UD. Fikra Baruna,Kesehatan,2664418,6265192,Terdaftar,1
288211530,UD. Rafif Makmur,Kesehatan,25932523,9797095,Terdaftar,1
288211531,UD. Oki Maju Laras,Pendidikan,3747206,8720142,Terdaftar,1
288211532,UD. Eni Widjaja,Pendidikan,48116582,1468325,Terdaftar,1
288211533,UD. Yaniar Pusaka,Kesehatan,20882506,2202579,Belum Terdaftar,0
288211534,UD. Qisya Asri,Jasa,10952380,6485018,Terdaftar,1
288211535,UD. Made Cahaya,,19876681,8716857,Terdaftar,1
288211536,UD. Iqra Jayaningrat,Perdagangan,10260385,3752622,Belum Terdaftar,0
288211537,UD. Nisa Pamungkas,Perdagangan,38473355,9550295,Terdaftar,1
288211538,UD. Tiara Pelangi,Jasa,5905352,9076258,Terdaftar,1
288211539,UD. Lana Gatra,Jasa,46800405,5452075,Belum Terdaftar,0
288211540,UD. Monica Artha,Perdagangan,12315557,8448840,Belum Terdaftar,0
288211541,UD. Irma Buana,Jasa,26757293,2880203,Belum Terdaftar,0
288211542,UD. Juli Abdi,Pendidikan,33598751,3354585,Belum Terdaftar,0
288211543,UD. Joko Sulaksana,Kesehatan,25532999,5120810,Belum Terdaftar,0
288211544,UD. Andi Kusumah,Jasa,23061263,8633050,Terdaftar,1
288211545,UD. Citra Gandewa,Perdagangan,38001312,544169,Belum Terdaftar,0
288211546,UD. Laras Panuluh,Pendidikan,26883480,4275520,Terdaftar,1
288211547,UD. Ilmi Santosa,Kesehatan,19232050,2357228,Terdaftar,1
288211548,UD. Zidanar Widjaja Nando,Kesehatan,20880550,2044339,Belum Terdaftar,0
288211549,UD. Yudi Nirbayu,Kesehatan,28558149,2699882,Terdaftar,1
288211550,UD. Qira Mandiri,Pendidikan,21513379,8351752,Terdaftar,1
288211551,UD. Jay Widhi,Pendidikan,,3712910,Terdaftar,1
288211552,UD. Yasir Persada,Jasa,39103435,1500060,Terdaftar,1
288211553,UD. Damaris Harapan,Pendidikan,11543842,5226028,Terdaftar,1
288211554,UD. Zidanar Pamungkas,Kesehatan,49169144,2813339,Terdaftar,1
288211555,UD. Rafif Wirawati,Jasa,,5649325,Terdaftar,1
288211556,UD. Anis Dewangga,Kesehatan,45739284,9457640,Terdaftar,1
288211557,UD. Anis Wangi,Jasa,32616572,8204629,Terdaftar,1
288211558,UD. Ony Utama Indira,Jasa,34477372,6372041,Belum Terdaftar,0
288211559,UD. Hilmi Terang,Perdagangan,6039676,3361989,Belum Terdaftar,0
288211560,UD. Karla Prajurit,,15636405,4215154,Belum Terdaftar,0
288211561,UD. Bulan Reswara,Perdagangan,43935550,7547785,Terdaftar,1
288211562,UD. Ulya Sudharmo Ilmi,Kesehatan,45527068,7952270,Belum Terdaftar,0
288211563,UD. Yusuf Suryaatmaja,Jasa,28063675,7324785,Belum Terdaftar,0
288211564,UD. Gracia Sarwono Zidan,Kesehatan,7296419,7167489,Belum Terdaftar,0
288211565,UD. Romi Adiwangsa,Pendidikan,11669206,1028675,Belum Terdaftar,0
288211566,UD. Ghani Brata,Kesehatan,31561572,2477039,Terdaftar,1
288211567,UD. Prita Sentosa,Kesehatan,33914329,631844,Belum Terdaftar,0
288211568,UD. Yana Cinta Chiko,Perdagangan,47850801,4381614,Terdaftar,1
288211569,UD. Sella Bintang,Jasa,22730211,5807287,Terdaftar,1
288211570,UD. Mira Satriya,Kesehatan,45280027,9057054,Terdaftar,1
288211571,UD. Owen Baruna,Jasa,11232740,1688843,Terdaftar,1
288211572,UD. Monica Senopati,Perdagangan,3296242,2332102,Belum Terdaftar,0
288211573,UD. Farid Kencana,Perdagangan,8217987,9707448,Belum Terdaftar,0
288211574,UD. Jodi Panji,Perdagangan,46742428,4079599,Belum Terdaftar,0
288211575,UD. Yumna Arya,Perdagangan,45019179,2441845,Belum Terdaftar,0
288211576,UD. Zahira Sidarta,Jasa,32004365,6160017,Terdaftar,1
288211577,UD. Yasir Lestari,Pendidikan,8684459,1719279,Belum Terdaftar,0
288211578,UD. Gadis Nirbayu,Perdagangan,5067006,2173092,Belum Terdaftar,0
288211579,UD. Halimah Sukma,Pendidikan,1025892,6218459,Belum Terdaftar,0
288211580,UD. Mira Wacana,Jasa,32960672,1963670,Belum Terdaftar,0
288211581,UD. Jay Satria,Perdagangan,29880382,9794086,Belum Terdaftar,0
288211582,UD. Muthia Cerah,Perdagangan,5317726,5654943,Terdaftar,1
288211583,UD. Barokah Manunggal,Jasa,17815821,6343717,Belum Terdaftar,0
288211584,UD. Lidya Merdeka,Jasa,5342936,7749568,Terdaftar,1
288211585,UD. Obed Jagad,Perdagangan,44663816,3401473,Terdaftar,1
288211586,UD. Yolanda Sumirat Isna,Jasa,23504600,7983065,Terdaftar,1
288211587,UD. Wahyu Wetan,Pendidikan,11281320,6118637,Terdaftar,1
288211588,UD. Fajar Kusen,Perdagangan,36892184,6594377,Terdaftar,1
288211589,UD. Jafar Manggala,Perdagangan,35038045,2483746,Belum Terdaftar,0
288211590,UD. Naufal Berkarya,Pendidikan,46990291,4655320,Belum Terdaftar,0
288211591,UD. Naila Elok Qomar,Pendidikan,17461950,4760916,Belum Terdaftar,0
288211592,UD. Arman Kencana,Jasa,7095232,8353874,Belum Terdaftar,0
288211593,UD. Mario Wijapranata Irma,Perdagangan,10799822,6828804,Belum Terdaftar,0
288211594,UD. Ony Nirbayu,Kesehatan,11775572,,Terdaftar,1
288211595,UD. Harun Wijapranata,Jasa,36780893,8956612,Belum Terdaftar,0
288211596,UD. Citra Adiwangsa Tariq,Kesehatan,41501502,1973093,Belum Terdaftar,0
288211597,UD. Oniel Trisudira,Jasa,10576561,1868408,Belum Terdaftar,0
288211598,UD. Yola Tri,Jasa,4849433,2745041,Belum Terdaftar,0
288211599,UD. Ulfa Anggrek,Pendidikan,4383197,1520462,Terdaftar,1
288211600,UD. Ojan Agung,Pendidikan,40918148,6394671,Terdaftar,1
288211601,UD. Berlian Kamajaya,Pendidikan,39551086,8235661,Terdaftar,1
288211602,UD. Kevin Langit,Jasa,26576686,5514927,Terdaftar,1
288211603,UD. Rosa Wening,Jasa,24729825,539106,Terdaftar,1
288211604,UD. Hanafi Wijaksana,Kesehatan,8849441,6864149,Terdaftar,1
288211605,UD. Karla Cendana,Perdagangan,31347129,1103949,Belum Terdaftar,0
288211606,UD. Eka Kencana Leni,Pendidikan,28643968,7252854,Terdaftar,1
288211607,UD. Erlangga Madya,Pendidikan,36857586,930143,Belum Terdaftar,0
288211608,UD. Erlangga Widhi,Pendidikan,48739342,7824596,Terdaftar,1
288211609,UD. Omar Satria,Jasa,49581022,1503197,Belum Terdaftar,0
288211610,UD. Aldo Sehat,Kesehatan,8543162,3797232,Terdaftar,1
288211611,UD. Qayla Indah,Kesehatan,49279863,7799765,Terdaftar,1
288211612,UD. Lintang Sangkala,Kesehatan,36093707,5216113,Terdaftar,1
288211613,UD. Yora Damai,Kesehatan,16949254,2588066,Terdaftar,1
288211614,UD. Desi Pagi,Pendidikan,33529452,8270350,Terdaftar,1
288211615,UD. Icha Wacana,Jasa,17949792,8417707,Terdaftar,1
288211616,UD. Lea Buana Lintang,Pendidikan,14356137,6228346,Terdaftar,1
288211617,UD. Utami Galang,Pendidikan,30582898,1674673,Terdaftar,1
288211618,UD. Qayla Persada,Jasa,30822596,2852723,Belum Terdaftar,0
288211619,UD. Shinta Utama,Perdagangan,45229925,5857520,Terdaftar,1
288211620,UD. Dito Satria,Pendidikan,18188484,2830963,Terdaftar,1
288211621,UD. Putri Mandala,Kesehatan,18457207,986597,Terdaftar,1
288211622,UD. Made Arsana,Kesehatan,39605648,3842790,Belum Terdaftar,0
288211623,UD. Panji Harmoni Intan,Kesehatan,35333638,4925061,Belum Terdaftar,0
288211624,UD. Sari Ratu,Perdagangan,17530008,6030443,Terdaftar,1
288211625,UD. Dewi Sari,Jasa,36284888,1910320,Belum Terdaftar,0
288211626,UD. Pandu Nirbayu,Jasa,18353154,2287796,Belum Terdaftar,0
288211627,UD. Fatimah Atma Putri,Jasa,19728243,9574164,Belum Terdaftar,0
288211628,UD. Pardi Jayaningrat,Jasa,2092899,3068261,Terdaftar,1
288211629,UD. Via Ilir,Pendidikan,3975095,3870798,Belum Terdaftar,0
288211630,UD. Zidanar Kalbu,Jasa,10588187,5917892,Belum Terdaftar,0
288211631,UD. Aqila Trisula,Perdagangan,33221846,7625976,Belum Terdaftar,0
288211632,UD. Gadis Jagadmaya,Perdagangan,14005703,866389,Terdaftar,1
288211633,UD. Abel Citra Wenda,Jasa,38616542,4548654,Terdaftar,1
288211634,UD. Prita Wijaya,Jasa,14741804,6457514,Terdaftar,1
288211635,UD. Pasha Tengah,Jasa,10450472,2303272,Terdaftar,1
,UD. Fanny Abadi,Perdagangan,10194344,8004140,Terdaftar,1
288211637,UD. Lina Mayang,Kesehatan,33968297,6659711,Belum Terdaftar,0
288211638,UD. Nayla Nawasena Vino,Pendidikan,32464825,2143753,Terdaftar,1
288211639,UD. Chiko Nirwana,Jasa,27373020,7582884,Terdaftar,1
288211640,UD. Uci Sanjaya,Pendidikan,3998075,9709409,Terdaftar,1
288211641,UD. Qasya Wirawati Krisna,Pendidikan,16646658,969087,Belum Terdaftar,0
288211642,UD. Yola Bintang Santi,Kesehatan,17601387,8353554,Terdaftar,1
288211643,UD. Elok Sukma,Pendidikan,22659864,9149327,Terdaftar,1
288211644,UD. Qasya Madani,Perdagangan,48844097,9847196,Belum Terdaftar,0
288211645,UD. Poppy Naraya,Jasa,16663211,8596296,Belum Terdaftar,0
288211646,UD. Jasmin Manggala,Jasa,45607848,8522961,Terdaftar,1
288211647,UD. Carissa Maju,Jasa,16230094,6908560,,0
288211648,UD. Raka Pramana,Jasa,45208870,8763686,Belum Terdaftar,0
288211649,UD. Febri Elok,Pendidikan,7182822,2289876,Terdaftar,1
288211650,UD. Jay Cendana,Kesehatan,42436583,7438515,Belum Terdaftar,0
288211651,UD. Dani Arya Maudy,Perdagangan,17090286,7029511,Belum Terdaftar,0
288211652,UD. Viani Galuh,Pendidikan,21227275,798591,Belum Terdaftar,0
288211653,UD. Bayu Gandewa,Jasa,40244275,3389161,Belum Terdaftar,0
288211654,UD. Joko Madya,Kesehatan,48505715,9679382,Terdaftar,1
288211655,UD. Wulan Adiwarna,Kesehatan,41912517,8233800,Terdaftar,1
288211656,UD. Lina Makmur,Kesehatan,39266031,3652841,Terdaftar,1
288211657,UD. Yusuf Lestari,Perdagangan,36855577,6628919,Belum Terdaftar,0
288211658,UD. Syana Cendana,Perdagangan,34351298,9140476,Terdaftar,1
288211659,UD. Novi Anggrek,Pendidikan,43404191,5787819,Terdaftar,1
288211660,UD. Reza Makmur,Kesehatan,2783981,9558409,Belum Terdaftar,0
288211661,UD. Opik Utama,Perdagangan,22432155,4547793,Belum Terdaftar,0
288211662,UD. Lando Santosa,Jasa,36107684,2815784,Terdaftar,1
288211663,UD. Wesly Pramudita Koko,Pendidikan,2504409,9352546,Belum Terdaftar,0
288211664,UD. Olla Radhitya,Pendidikan,4541158,8675619,Belum Terdaftar,0
288211665,UD. Chintya Ananta,Kesehatan,46892030,8926629,Belum Terdaftar,0
288211666,UD. Kurnia Wirawati Qory,Jasa,25383888,5402337,Belum Terdaftar,0
288211667,UD. Qais Trisakti,Pendidikan,20454067,660992,Belum Terdaftar,0
288211668,UD. Zainab Berkarya,Pendidikan,37840547,,Terdaftar,1
288211669,UD. Vidi Agung,Kesehatan,36981345,9366643,Belum Terdaftar,0
288211670,UD. Khalid Adiwarna,Jasa,9093202,5055201,Terdaftar,1
288211671,UD. Pandu Sasmita,Perdagangan,30460895,9522342,Terdaftar,1
288211672,UD. Putra Kelana,Pendidikan,44522865,4694614,Terdaftar,1
288211673,UD. Vino Winata,Jasa,18465941,2742763,Belum Terdaftar,0
288211674,UD. Krisna Sudharmo,Jasa,28260853,6616623,Terdaftar,1
288211675,UD. Bela Manik,Kesehatan,27648953,550654,Belum Terdaftar,0
288211676,UD. Uci Prima,Kesehatan,49445521,8421914,Belum Terdaftar,0
288211677,UD. Rangga Lempung,Perdagangan,36029874,4421241,Terdaftar,1
288211678,UD. Oki Trisaktiatma,Perdagangan,14543255,4235806,Belum Terdaftar,0
288211679,UD. Via Manik Anang,Pendidikan,46927168,2544032,Belum Terdaftar,0
288211680,UD. Putri Trijaya,Pendidikan,47091752,5235326,Belum Terdaftar,0
288211681,UD. Karla Binasena,Perdagangan,20729729,7100787,Belum Terdaftar,0
288211682,UD. Joko Arya Mika,Kesehatan,31272231,7609988,Belum Terdaftar,0
288211683,UD. Vita Asih,Pendidikan,37052993,9162138,,0
288211684,UD. Indah Santosa,Perdagangan,13314300,1912402,Terdaftar,1
288211685,UD. Kurnia Agastya Bela,Pendidikan,18585857,5311936,Belum Terdaftar,0
288211686,UD. Yora Arya,Jasa,1167254,3918626,Terdaftar,1
288211687,UD. Udin Kencana,Kesehatan,15663584,5556059,Terdaftar,1
288211688,UD. Utami Lintang,Pendidikan,29161953,3988210,Terdaftar,1
288211689,UD. Anis Ananta,Jasa,43925855,1313433,unknown,0
288211690,UD. Lana Hilir,Kesehatan,28145986,5996935,Belum Terdaftar,0
288211691,UD. Kanza Pagi,Perdagangan,47805786,4069119,Terdaftar,1
288211692,UD. Tama Lingga,Jasa,9096971,521034,Belum Terdaftar,0
288211693,UD. Nando Wisesa,Perdagangan,31436359,8371278,Belum Terdaftar,0
288211694,UD. Zidan Senopati,Perdagangan,38326611,7763460,Terdaftar,1
288211695,UD. Uti Kusen Rangga,Pendidikan,11102032,2038565,Terdaftar,1
288211696,UD. Valen Citra,Kesehatan,42160300,7075291,Belum Terdaftar,0
288211697,UD. Ovan Bratadikara,Kesehatan,42847072,8222403,Terdaftar,1
288211698,UD. Owen Puri,Pendidikan,13833078,3682500,Terdaftar,1
288211699,UD. Khalid Persada,Pendidikan,38193930,5693077,Belum Terdaftar,0
288211700,UD. Ziva Sumringah,Pendidikan,5499784,9199339,Terdaftar,1
288211701,UD. Viera Ananta,Perdagangan,42568353,1830973,Terdaftar,1
288211702,UD. Ojan Senja,Kesehatan,31196075,6699396,Belum Terdaftar,0
288211703,UD. Zulfa Jati,Perdagangan,39737912,5916829,Belum Terdaftar,0
288211704,UD. Dea Nirbayu,Pendidikan,7374890,8071675,Terdaftar,1
288211705,UD. Teguh Pagi,Pendidikan,41400783,9169321,Terdaftar,1
288211706,UD. Qyla Haji,Jasa,44557183,5495351,Terdaftar,1
288211707,UD. Yola Jagadmaya,Kesehatan,16387735,6850387,Belum Terdaftar,0
288211708,UD. Amir Panji,Kesehatan,34107312,9209201,Terdaftar,1
288211709,UD. Anisa Tejakencana,Jasa,38554361,8100451,Terdaftar,1
288211710,UD. Okta Nirwasita,Jasa,22832274,5116620,Belum Terdaftar,0
288211711,UD. Riyan Nirwana,Jasa,29791398,6737557,Belum Terdaftar,0
288211712,UD. Qanita Wetan,Jasa,49159070,9141017,Terdaftar,1
288211713,UD. Via Bratadikara,Perdagangan,16961437,6288118,Terdaftar,1
288211714,UD. Dea Wiyata,Jasa,4229190,3636794,Belum Terdaftar,0
288211715,UD. Dewi Satriya,Jasa,5172218,4571363,Belum Terdaftar,0
288211716,UD. Monica Agung,Jasa,6905516,1078316,Belum Terdaftar,0
288211717,UD. Jordi Mandiri,Jasa,37004666,5407594,Terdaftar,1
288211718,UD. Hendra Widuri,Perdagangan,37782065,7633330,Belum Terdaftar,0
288211719,UD. Sella Wirawati,Pendidikan,39997361,1997248,Belum Terdaftar,0
288211720,UD. Berlian Buana,Kesehatan,4873538,5530605,Terdaftar,1
288211721,UD. Verdi Suryaatmaja,,12255269,8682316,Belum Terdaftar,0
288211722,UD. Lono Suryaatmaja,Jasa,10621615,4979287,Terdaftar,1
288211723,UD. Lutfi Tejakencana,Pendidikan,26864477,8846925,Belum Terdaftar,0
288211724,UD. Monica Jayabaya,Pendidikan,19463483,8157185,Belum Terdaftar,0
288211725,UD. Ulfa Saputrautama,Pendidikan,25144265,1585202,Terdaftar,1
288211726,UD. Habib Sulaksana,Perdagangan,41371297,4788929,Belum Terdaftar,0
288211727,UD. Lukita Sanjaya,Pendidikan,32218188,3458526,Terdaftar,1
288211728,UD. Gani Panuluh,Pendidikan,34624230,7068005,Belum Terdaftar,0
288211729,UD. Kanza Buana,Jasa,23787660,1822495,Terdaftar,1
288211730,UD. Fikra Mega Wenda,Jasa,47703896,9998492,Belum Terdaftar,0
288211731,UD. Juni Jayawarsa Qasya,Perdagangan,24681249,9103441,Terdaftar,1
288211732,UD. Dito Prima,Jasa,35815293,1066080,Terdaftar,1
288211733,UD. Aldo Arsana Ida,Kesehatan,,6273612,Terdaftar,1
288211734,UD. Jafar Abadi,Kesehatan,19134433,5610813,Terdaftar,1
288211735,UD. Rafa Luhur,Perdagangan,33364878,3134830,Terdaftar,1
288211736,UD. Qasya Wicaksana,Pendidikan,16394306,1496598,Belum Terdaftar,0
288211737,UD. Khayla Darma,Perdagangan,14451699,3865180,Belum Terdaftar,0
288211738,UD. Fauzan Kulon,Perdagangan,4324154,1671676,Terdaftar,1
288211739,UD. Bayu Mahkota,Perdagangan,19751317,6627034,Belum Terdaftar,0
288211740,UD. Galang Utamajaya,Jasa,29099681,4084129,Belum Terdaftar,0
288211741,UD. Bayu Mardika,Pendidikan,48501636,2291133,Terdaftar,1
288211742,UD. Hana Senopati,Pendidikan,31400981,2485709,Belum Terdaftar,0
288211743,UD. Chiko Wiratama,Pendidikan,39686523,8709142,Belum Terdaftar,0
288211744,UD. Tama Ilir Aqila,Perdagangan,22872284,2486627,Belum Terdaftar,0
288211745,UD. Tiara Radhitya,Kesehatan,4751777,8768243,Terdaftar,1
288211746,UD. Eren Jatiwangi,Perdagangan,33897539,4723560,Terdaftar,1
288211747,UD. Berlian Hilir Isna,Perdagangan,38947893,1310552,Terdaftar,1
288211748,UD. Wahyu Karang,Perdagangan,23232051,7434067,Belum Terdaftar,0
288211749,UD. Willy Rejo,Pendidikan,15859544,9794139,Terdaftar,1
288211750,UD. Bella Jatinagara,Pendidikan,49612603,3907994,Terdaftar,1
288211751,UD. Cici Ratu Yoga,Perdagangan,12393457,,Belum Terdaftar,0
288211752,UD. Zahra Senja,Jasa,13881150,9975824,Terdaftar,1
288211753,UD. Andi Baswara,Pendidikan,14251990,2152697,Belum Terdaftar,0
288211754,UD. Santi Lestari,Jasa,16347553,6589830,Terdaftar,1
288211755,UD. Odie Jaladara Lono,Pendidikan,26288683,9615275,Belum Terdaftar,0
288211756,UD. Tiara Wangi,Perdagangan,28122836,4054196,Belum Terdaftar,0
288211757,UD. Hanafi Satriya,Kesehatan,38038187,8222295,Belum Terdaftar,0
288211758,UD. Lukman Madani,Perdagangan,45392797,6062231,Terdaftar,1
288211759,UD. Wulan Jagadmaya,Perdagangan,11558775,2620342,Belum Terdaftar,0
288211760,UD. Miko Tejakusuma,Pendidikan,48707726,1357046,Terdaftar,1
288211761,UD. Wenda Prawira,Jasa,38903570,8508240,Terdaftar,1
288211762,UD. Prananda Abdi,Perdagangan,46007024,4997223,Terdaftar,1
288211763,UD. Eddy Adyatma,Kesehatan,11399713,9206202,Belum Terdaftar,0
288211764,UD. Made Prana Utami,Kesehatan,30257590,556783,Belum Terdaftar,0
288211765,UD. Rafif Jayeng,Perdagangan,37777805,569876,Terdaftar,1
288211766,UD. Khalid Atma,Jasa,27494531,5358908,Terdaftar,1
288211767,UD. Qanita Bahagia,Perdagangan,47145822,897510,Belum Terdaftar,0
288211768,UD. Lina Sudarsana,Perdagangan,17972077,4643156,Belum Terdaftar,0
288211769,UD. Qayla Sasmita,Kesehatan,8722954,853372,Belum Terdaftar,0
288211770,UD. Ucup Malam,Pendidikan,17642987,1895928,Terdaftar,1
288211771,UD. Rafa Selaras Alya,Jasa,29589356,7864195,Terdaftar,1
288211772,UD. Silvi Jayeng,Perdagangan,9819632,3552655,Terdaftar,1
288211773,UD. Harun Mandala,Pendidikan,43555087,5498591,Terdaftar,1
288211774,UD. Silvi Tejakencana,Jasa,4086776,9921914,Terdaftar,1
288211775,UD. Vino Wicaksana,Pendidikan,,2150326,Terdaftar,1
288211776,UD. Zidan Sasmita,Pendidikan,34843365,6770267,Belum Terdaftar,0
288211777,UD. Yumna Mandala,Kesehatan,42584901,4204093,Terdaftar,1
288211778,UD. Yaniar Adiwarna Satria,Jasa,3604881,1203279,Terdaftar,1
288211779,UD. Mila Cempaka,Jasa,38743092,6567151,Belum Terdaftar,0
288211780,UD. Tasya Kinarya,Jasa,32782616,4681254,Terdaftar,1
288211781,UD. Khayla Selaras,Kesehatan,28798423,5641590,Belum Terdaftar,0
288211782,UD. Guntur Jayengprana,Kesehatan,5393907,4657157,Belum Terdaftar,0
288211783,UD. Obed Abadi,Kesehatan,47325542,3631166,Terdaftar,1
288211784,UD. Pasha Lempung,Perdagangan,34804398,8648085,Terdaftar,1
288211785,UD. Valen Anindita Silvi,Perdagangan,22341256,3983666,Terdaftar,1
288211786,UD. Bella Ratu,Pendidikan,38095009,9187667,Belum Terdaftar,0
288211787,UD. Niken Prajurit,Pendidikan,13613025,2493454,Terdaftar,1
288211788,UD. Delia Raharja,Perdagangan,49167294,1099545,Terdaftar,1
288211789,UD. Panji Cahyaningrat,Kesehatan,31161959,2512995,,0
288211790,UD. Jojo Purnama,Pendidikan,16744247,3870117,Belum Terdaftar,0
288211791,UD. Gracia Harmoni,Jasa,22329063,9345786,Terdaftar,1
288211792,UD. Abdi Saputra,Jasa,40886628,1740563,Belum Terdaftar,0
288211793,UD. Bayu Sangkala,Jasa,36391101,2791829,Belum Terdaftar,0
288211794,UD. Qanitah Maheswara,Kesehatan,1570863,7478187,Belum Terdaftar,0
288211795,UD. Ulil Darma,Pendidikan,33920330,9447852,Belum Terdaftar,0
288211796,UD. Juni Mulyo Iman,Pendidikan,27222285,9114395,Terdaftar,1
288211797,UD. Nando Sunardi,Jasa,4391290,3068219,Belum Terdaftar,0
288211798,UD. Bagir Abadi,Pendidikan,17101273,5154253,Belum Terdaftar,0
288211799,UD. Nando Binasena,Kesehatan,39969083,1033293,Belum Terdaftar,0
288211800,UD. Sella Trijaya,Pendidikan,26070363,2331669,Belum Terdaftar,0
288211801,UD. Bella Puri,Pendidikan,2273555,9314787,Belum Terdaftar,0
288211802,UD. Wira Bima,Pendidikan,21228863,1489767,Belum Terdaftar,0
288211803,UD. Poppy Nirmala,Kesehatan,12027006,3100544,Belum Terdaftar,0
288211804,UD. Deni Pramana Yumna,Kesehatan,19271420,9585567,Belum Terdaftar,0
288211805,UD. Ulil Saputrautama,Perdagangan,12957578,9064180,Belum Terdaftar,0
288211806,UD. Reza Arsana,Kesehatan,10875609,9978052,Terdaftar,1
288211807,UD. Ulil Atma,Perdagangan,15194326,4728134,Terdaftar,1
288211808,UD. Joko Berkarya,Jasa,20978174,9150434,Terdaftar,1
288211809,UD. Cipta Madani Olla,Jasa,3451090,5725618,Terdaftar,1
288211810,UD. Umi Mega,Pendidikan,43917009,5600311,Terdaftar,1
288211811,UD. Qanita Wira,Pendidikan,38519506,2550823,Belum Terdaftar,0
288211812,UD. Cinta Santosa,Perdagangan,24570150,7229159,Terdaftar,1
288211813,UD. Iman Wiraatmaja,Perdagangan,21171495,5791436,Belum Terdaftar,0
288211814,UD. Diyan Karya,Jasa,3957582,2010529,Terdaftar,1
288211815,UD. Yayan Tirta,Kesehatan,16581199,9781858,Belum Terdaftar,0
288211816,UD. Zidan Mega Kamil,Jasa,16862675,2996016,Belum Terdaftar,0
288211817,UD. Salsa Nirmala,Jasa,27594815,1164101,Terdaftar,1
288211818,UD. Anis Swargaloka,Pendidikan,43799250,7673176,Belum Terdaftar,0
288211819,UD. Yaniar Nawasena,Kesehatan,48184842,9156733,Belum Terdaftar,0
288211820,UD. Thariq Sukadarma,Pendidikan,1825798,6371054,Terdaftar,1
288211821,UD. Vina Bersemi,Perdagangan,34250706,5684861,Terdaftar,1
288211822,UD. Ghani Sulaksana,Jasa,17350551,3114550,Belum Terdaftar,0
288211823,UD. Elva Hilir,Jasa,20017651,8350746,Belum Terdaftar,0
288211824,UD. Inten Saputrautama,Pendidikan,10115311,3403559,Terdaftar,1
288211825,UD. Cakra Puri,Kesehatan,37275207,6267111,Belum Terdaftar,0
288211826,UD. Mirna Widjaja,Jasa,25391729,2486991,unknown,0
288211827,UD. Erni Prima,Pendidikan,8431868,8711808,Terdaftar,1
288211828,UD. Karla Senja,Perdagangan,46989463,8587626,Terdaftar,1
288211829,UD. Ulya Wiratama,Pendidikan,6063881,8584330,Belum Terdaftar,0
288211830,UD. Kamil Adyatma,Kesehatan,30602225,4813330,Belum Terdaftar,0
288211831,UD. Olla Sumringah,Pendidikan,25751510,6340242,Terdaftar,1
288211832,UD. Jaya Abadi,Pendidikan,47835640,3031608,Terdaftar,1
288211833,UD. Isna Jatinagara,Pendidikan,16425376,9216809,Terdaftar,1
288211834,UD. Sella Tunggal,Pendidikan,18311901,9172659,Belum Terdaftar,0
288211835,UD. Santi Pusaka,,29978076,1400962,Belum Terdaftar,0
288211836,UD. Fira Gemilang,Perdagangan,39518244,7882840,Terdaftar,1
288211837,UD. Habib Atma,Perdagangan,44231804,4830541,Belum Terdaftar,0
288211838,UD. Jihan Baswara,Pendidikan,10391650,2375822,Terdaftar,1
288211839,UD. Zera Wicaksana,Kesehatan,33882056,3746583,Belum Terdaftar,0
288211840,UD. Andi Asa,Jasa,19208711,3395079,Belum Terdaftar,0
288211841,UD. Delia Wijapranata,Perdagangan,46499759,2965837,Belum Terdaftar,0
288211842,UD. Tono Baru,Jasa,6042552,672986,Terdaftar,1
288211843,UD. Juni Putra,Kesehatan,45528447,3006173,Terdaftar,1
288211844,UD. Teguh Nusa,Jasa,44420018,6777581,Belum Terdaftar,0
288211845,UD. Priska Kusuma,Pendidikan,43387565,7697116,Belum Terdaftar,0
288211846,UD. Balqis Adiwangsa,Jasa,29269558,9315570,Belum Terdaftar,0
288211847,UD. Willy Wijaksana,Pendidikan,33631077,9366567,Belum Terdaftar,0
288211848,UD. Jihan Warna,Kesehatan,3420697,2135470,Belum Terdaftar,0
288211849,UD. Citra Tejakusuma,Kesehatan,42945418,3300894,Terdaftar,1
288211850,UD. Hilmi Sumirat,Kesehatan,39545831,5047200,Belum Terdaftar,0
288211851,UD. Dani Kusen,Pendidikan,26794838,5116416,Belum Terdaftar,0
288211852,UD. Qira Sunardi,Pendidikan,49408799,2377108,Terdaftar,1
288211853,UD. Gerry Swargaloka Hesti,Jasa,15633132,953025,Belum Terdaftar,0
288211854,UD. Raka Taruna,Perdagangan,40046272,6005411,Terdaftar,1
288211855,UD. Mario Kencana,Perdagangan,45162992,4435056,Terdaftar,1
288211856,UD. Alya Cahaya,Kesehatan,49824565,8560664,Terdaftar,1
288211857,UD. Sani Rejo,Perdagangan,21658696,4588757,Belum Terdaftar,0
288211858,UD. Balqis Jayengpati,Pendidikan,40540891,4573004,Terdaftar,1
288211859,UD. Alvino Anggrek,Pendidikan,32605344,8976260,Belum Terdaftar,0
288211860,UD. Yusuf Naraya,Jasa,22217631,3920569,Belum Terdaftar,0
288211861,UD. Fitri Alam,Kesehatan,43118791,7630790,Belum Terdaftar,0
288211862,UD. Fatimah Panuluh,Jasa,14820196,9700412,Terdaftar,1
288211863,UD. Rian Gunawan,Kesehatan,34955537,9864850,Terdaftar,1
288211864,UD. Damar Pelangi,Pendidikan,32821254,1991387,Belum Terdaftar,0
288211865,UD. Kanza Widjaja Tania,Perdagangan,45825873,4072057,Belum Terdaftar,0
288211866,UD. Febri Sasmita Silvi,Pendidikan,17626379,9085537,Terdaftar,1
288211867,UD. Fanny Senopati,Kesehatan,2367491,7901453,Belum Terdaftar,0
288211868,UD. Salwa Atma,Kesehatan,34583180,8677355,Terdaftar,1
288211869,UD. Alya Maju,Kesehatan,16683115,1392558,Belum Terdaftar,0
288211870,UD. Ilmi Luhur,Kesehatan,17723636,615458,Belum Terdaftar,0
288211871,UD. Bella Asa,Perdagangan,6835964,5045364,Terdaftar,1
288211872,UD. Ciko Panji Alif,Kesehatan,13699416,7848345,Terdaftar,1
288211873,UD. Pandu Sari,Jasa,37336198,4194602,Belum Terdaftar,0
288211874,UD. Nara Bahagia Xenia,Pendidikan,9249555,1735124,Terdaftar,1
288211875,UD. Ida Jati,Jasa,19573449,5310562,Belum Terdaftar,0
288211876,UD. Gita Nawasena,Perdagangan,33944714,9445137,Terdaftar,1
288211877,UD. Evan Radhitya,Kesehatan,34635219,9282043,Terdaftar,1
288211878,UD. Ulfa Adiwarna,Perdagangan,24754400,3524008,Terdaftar,1
288211879,UD. Tono Tirta Qila,Pendidikan,9217060,2456152,Terdaftar,1
288211880,UD. Qayla Selaras,Jasa,29024012,9723333,Belum Terdaftar,0
288211881,UD. Jibril Kamajaya,Pendidikan,45674954,6228674,Terdaftar,1
288211882,UD. Sani Lingga,Pendidikan,,3678926,Terdaftar,1
288211883,UD. Teguh Bijaksana,Jasa,4279333,1067329,Terdaftar,1
288211884,UD. Irma Adikara,Kesehatan,22357378,4263464,Belum Terdaftar,0
288211885,UD. Tiara Darma,Jasa,11602495,4431993,Terdaftar,1
288211886,UD. Hanafi Utamajaya,Perdagangan,37356033,3068466,Terdaftar,1
288211887,UD. Gilang Adikara Delia,Jasa,37246964,714425,Belum Terdaftar,0
288211888,UD. Sella Dharma,Perdagangan,39503561,5244365,Terdaftar,1
288211889,UD. Rafif Saputrautama Lukita,Perdagangan,7041605,8570455,Belum Terdaftar,0
288211890,UD. Cinta Tejakusuma,Perdagangan,20225812,4291113,Terdaftar,1
288211891,UD. Najwa Sumringah,Perdagangan,23973534,5321543,Terdaftar,1
288211892,UD. Utha Sidarta,Jasa,35483105,533209,Terdaftar,1
288211893,UD. Uci Abadi,Pendidikan,32935024,2504766,Terdaftar,1
288211894,UD. Aldo Suryaatmaja Budi,Kesehatan,35660094,3116775,Belum Terdaftar,0
288211895,UD. Tasya Sahaja,Kesehatan,14485855,7217929,Belum Terdaftar,0
288211896,UD. Ulfa Cinta,Jasa,2380636,3562830,Belum Terdaftar,0
288211897,UD. Krisna Wacana,Kesehatan,20929536,5697496,Belum Terdaftar,0
288211898,UD. Rangga Tirtaatmaja,Jasa,25869280,9423214,Terdaftar,1
288211899,UD. Harun Pamungkas,Perdagangan,48801061,3732952,Belum Terdaftar,0
288211900,UD. Bambang Bima,Kesehatan,38157985,3994786,Belum Terdaftar,0
288211901,UD. Cinta Kencana,Pendidikan,29115504,7712503,Terdaftar,1
288211902,UD. Mika Utamaindah Delia,Jasa,37503183,985974,Terdaftar,1
288211903,UD. Erni Naraya,Jasa,16529699,9218664,Terdaftar,1
288211904,UD. Wahyu Surapati,Perdagangan,42834195,1136924,Belum Terdaftar,0
288211905,UD. Pipit Jatinagara,Perdagangan,32476099,5060630,Terdaftar,1
288211906,UD. Utha Mayang,Jasa,36497278,6418364,Terdaftar,1
288211907,UD. Khalid Suryaputra,Pendidikan,31213316,3341895,Terdaftar,1
288211908,UD. Shinta Jatinagara,Perdagangan,46839311,7182626,Belum Terdaftar,0
288211909,UD. Bela Pramudita Khayla,Kesehatan,26264251,2602585,Terdaftar,1
288211910,UD. Jojo Jatinagara,Jasa,15884168,2029158,Belum Terdaftar,0
288211911,UD. Rendi Dwijaputra,Kesehatan,37223722,9733757,Belum Terdaftar,0
288211912,UD. Ulya Saprahan,Jasa,48900491,8633278,Terdaftar,1
288211913,UD. Fahmi Praja,Kesehatan,27005581,8812680,Belum Terdaftar,0
288211914,UD. Panji Bintang,Perdagangan,10612164,3918410,Terdaftar,1
288211915,UD. Tama Sundawa,Pendidikan,49660265,5442812,Terdaftar,1
288211916,UD. Elsa Galang,Kesehatan,35974993,9741602,Terdaftar,1
288211917,UD. Qanitah Ranggalawe,Pendidikan,10856839,8249608,unknown,0
288211918,UD. Oniel Kencana Salwa,Perdagangan,22551239,1619078,Terdaftar,1
288211919,UD. Kiki Elok,Pendidikan,48766851,3842988,Belum Terdaftar,0
288211920,UD. Juli Dharma,Perdagangan,37217202,4201600,Belum Terdaftar,0
288211921,UD. Elsa Cahaya Lintang,Kesehatan,15962841,6570867,Terdaftar,1
288211922,UD. Salsa Siang,Kesehatan,24799370,,Terdaftar,1
288211923,UD. Zain Satria,Perdagangan,38949856,6527626,Terdaftar,1
288211924,UD. Chiko Adikara,Pendidikan,17819221,4695152,Belum Terdaftar,0
288211925,UD. Pardi Widuri,Perdagangan,13800255,844003,Terdaftar,1
288211926,UD. Halim Paseban,Pendidikan,49141276,2357983,Belum Terdaftar,0
288211927,UD. Ari Luhur Erni,Kesehatan,43514048,5331053,Belum Terdaftar,0
288211928,UD. Lea Widuri Ilmi,Perdagangan,12624482,990490,Terdaftar,1
288211929,UD. Bayu Ceria,Perdagangan,23893751,6473397,Terdaftar,1
288211930,UD. Gerry Tri,Kesehatan,42755870,6519020,Terdaftar,1
288211931,UD. Joko Mardika,Perdagangan,26937021,7496288,Belum Terdaftar,0
288211932,UD. Zain Wira,Perdagangan,10559874,4955604,Terdaftar,1
288211933,UD. Yuli Buana,Pendidikan,41386178,6280607,Terdaftar,1
288211934,UD. Joko Baswara,Perdagangan,16706240,7890120,Terdaftar,1
288211935,UD. Nando Senopati Utami,Kesehatan,19567977,1616259,Belum Terdaftar,0
288211936,UD. Pasha Utama Widya,Pendidikan,21106809,3210303,Belum Terdaftar,0
288211937,UD. Zidanar Galuh,Perdagangan,29028759,5040400,Belum Terdaftar,0
288211938,UD. Rafi Tejakencana,Perdagangan,7167539,3043942,Terdaftar,1
288211939,UD. Salsa Binasena,Jasa,,1673548,Terdaftar,1
288211940,UD. Wawan Maju,Jasa,48941853,2110783,Terdaftar,1
288211941,UD. Ghani Sukarela Lana,Pendidikan,3185951,2569856,Belum Terdaftar,0
288211942,UD. Arman Jagadmaya,Pendidikan,48911775,6577197,Belum Terdaftar,0
288211943,UD. Farid Karang,Pendidikan,33716372,4832172,Belum Terdaftar,0
288211944,UD. Qira Winata,Jasa,43061247,585980,Terdaftar,1
288211945,UD. Nando Kamajaya,Jasa,36281359,2655953,Belum Terdaftar,0
288211946,UD. Lono Putri,Pendidikan,8517443,3722695,Belum Terdaftar,0
288211947,UD. Odie Trisaktiatma,Jasa,28808784,8128912,Terdaftar,1
288211948,UD. Ovan Senopati,Perdagangan,42923148,6900624,Terdaftar,1
288211949,UD. Hana Pagi,Kesehatan,13644706,9174861,Belum Terdaftar,0
288211950,UD. Syifa Satria,Kesehatan,1600999,2632992,Belum Terdaftar,0
288211951,UD. Vega Widjaja,Pendidikan,32180193,2648769,Belum Terdaftar,0
288211952,UD. Fauzan Gemilang Abel,Pendidikan,25015287,3174874,Terdaftar,1
288211953,UD. Ayesha Tri Qory,Jasa,unknown,5026528,Belum Terdaftar,0
288211954,UD. Lina Satria,Jasa,39300632,9923529,Belum Terdaftar,0
288211955,UD. Qila Jagadmaya,Perdagangan,2729831,1245442,Belum Terdaftar,0
288211956,UD. Zara Suryaputra,Pendidikan,41591325,4699153,Belum Terdaftar,0
288211957,UD. Tariq Jati,Jasa,9852108,3638834,Terdaftar,1
288211958,UD. Balqis Hilir,Perdagangan,17376471,2782380,Belum Terdaftar,0
288211959,UD. Taufan Ranggalawe,Jasa,45393607,3883318,Belum Terdaftar,0
288211960,UD. Widya Ayodya,Perdagangan,42880822,560481,Belum Terdaftar,0
288211961,UD. Farid Anggara,Jasa,37968657,1762677,Belum Terdaftar,0
288211962,UD. Aqila Satria,Kesehatan,12592582,2890727,Belum Terdaftar,0
288211963,UD. Jay Cahaya,Jasa,11465597,8689014,Terdaftar,1
288211964,UD. Fadli Kusen,Pendidikan,13387312,6787687,Terdaftar,1
288211965,UD. Abdi Sangkala,Perdagangan,2660461,8813688,Terdaftar,1
288211966,UD. Jihan Saprahan Chiko,Pendidikan,46391061,6245599,Terdaftar,1
288211967,UD. Alif Agastya,Pendidikan,16738054,9553322,Belum Terdaftar,0
288211968,UD. Gita Winata,Pendidikan,7060417,5177416,Terdaftar,1
288211969,UD. Harun Agastya Umi,Pendidikan,28794155,8530442,Terdaftar,1
288211970,UD. Putri Jati,Pendidikan,29647169,3140873,Belum Terdaftar,0
288211971,UD. Gracia Sukadarma,Kesehatan,7480924,8832273,Belum Terdaftar,0
288211972,UD. Ulil Sehat,Perdagangan,14992794,1292364,Belum Terdaftar,0
288211973,UD. Kurnia Asmaralaya,Perdagangan,39590393,1148888,Belum Terdaftar,0
288211974,UD. Kurnia Wijaksana,Kesehatan,48409082,8585585,Terdaftar,1
288211975,UD. Lina Pagi,Kesehatan,18312692,7775168,Belum Terdaftar,0
288211976,UD. Pipit Nirwasita Asep,Perdagangan,36852995,6628646,Belum Terdaftar,0
288211977,UD. Dito Wibawa,Jasa,38732668,7738940,Belum Terdaftar,0
288211978,UD. Wito Luhur,Kesehatan,23580551,3494575,Belum Terdaftar,0
288211979,UD. Qori Arsana,Jasa,4584611,4033764,Belum Terdaftar,0
288211980,UD. Agus Manunggal,Pendidikan,27464826,5562729,Belum Terdaftar,0
288211981,UD. Wulan Lestari,Perdagangan,1690577,2216222,Belum Terdaftar,0
288211982,UD. Winda Putra,Pendidikan,1677169,5522108,Belum Terdaftar,0
288211983,UD. Pipit Saputranegara,Perdagangan,3787157,1737404,Terdaftar,1
288211984,UD. Zulfa Panembahan,Pendidikan,9897260,4719139,Terdaftar,1
288211985,UD. Ovan Sangga,Kesehatan,31936266,533856,Belum Terdaftar,0
288211986,UD. Rafif Agastya Rizki,Kesehatan,38593503,9708795,Belum Terdaftar,0
288211987,UD. Lando Citra,Perdagangan,10846081,1430297,Terdaftar,1
288211988,UD. Budi Satria Baim,Pendidikan,39181441,4801954,Belum Terdaftar,0
288211989,UD. Qisha Jayengpati,Pendidikan,16417565,1490783,Belum Terdaftar,0
288211990,UD. Fatimah Jayawarsa,Perdagangan,44120791,975201,Terdaftar,1
288211991,UD. Ilham Kusuma Erni,,27599308,9533304,Terdaftar,1
288211992,UD. Okta Trisudira,Pendidikan,23394745,588888,Terdaftar,1
288211993,UD. Nazar Wangi,Perdagangan,6501658,8709764,Terdaftar,1
288211994,UD. Lono Brawijaya,Kesehatan,40934094,9942762,Terdaftar,1
288211995,UD. Bagir Jaya,Jasa,29877807,4932749,Terdaftar,1
,UD. Bulan Elok Echa,Jasa,20558832,1152393,Belum Terdaftar,0
288211997,UD. Barokah Prabawa,Kesehatan,11863248,6956358,Belum Terdaftar,0
288211998,UD. Gerry Sunardi,Pendidikan,24645478,987911,Terdaftar,1
288211999,UD. Ciko Nusa,Perdagangan,11229763,8944539,Belum Terdaftar,0
288212000,UD. Ayesha Trisaktiatma,Kesehatan,33228878,771480,Belum Terdaftar,0
288212001,UD. Taufan Wirawati Gisel,Pendidikan,7296746,1323891,Terdaftar,1
288212002,UD. Oki Sidarta,Jasa,17368507,8255984,Belum Terdaftar,0
288212003,UD. Zaki Sudharmo,Kesehatan,1110494,5237798,Belum Terdaftar,0
288212004,UD. Qori Sudharmo,Perdagangan,31313733,6165718,Belum Terdaftar,0
288212005,UD. Damaris Trijaya,Perdagangan,41721369,9261455,Terdaftar,1
288212006,UD. Rian Jayengprana,Pendidikan,21012986,6015843,Terdaftar,1
288212007,UD. Icha Sarwono,Perdagangan,36188544,2897987,Belum Terdaftar,0
288212008,UD. Fadli Trisaktiatma,Perdagangan,33310301,7554203,Belum Terdaftar,0
288212009,UD. Halimah Nirbayu,Jasa,41532793,1573885,Terdaftar,1
288212010,UD. Vito Ratu,Pendidikan,16216725,1604971,Terdaftar,1
288212011,UD. Lana Tri,Jasa,23806071,9039727,Belum Terdaftar,0
288212012,UD. Ulil Agastya,Kesehatan,47263680,8249407,Belum Terdaftar,0
288212013,UD. Febri Wijaya,Kesehatan,23603147,7615501,Terdaftar,1
288212014,UD. Balqis Pramana,Perdagangan,15614082,988374,Terdaftar,1
288212015,UD. Diyan Bersemi,Pendidikan,23968444,1256514,Belum Terdaftar,0
288212016,UD. Haidar Trisula,Jasa,12573257,3738418,Belum Terdaftar,0
288212017,UD. Putri Gita,Kesehatan,30171200,4394876,Terdaftar,1
288212018,UD. Mira Wiratama,Pendidikan,4098617,4229999,Belum Terdaftar,0
288212019,UD. Nando Jaladara,Pendidikan,37666642,9821876,Terdaftar,1
288212020,UD. Zahira Sanjaya,Pendidikan,46330257,4226845,Terdaftar,1
288212021,UD. Aqila Setia,Jasa,7427372,2726749,Terdaftar,1
288212022,UD. Bulan Prabawa,Pendidikan,14239667,7038880,Terdaftar,1
288212023,UD. Halim Nawasena,Perdagangan,29204638,8617554,Belum Terdaftar,0
288212024,UD. Putra Sarwono,Kesehatan,25026325,9687228,Belum Terdaftar,0
288212025,UD. Esa Karang,Pendidikan,48048515,7015012,Belum Terdaftar,0
288212026,UD. Anang Terang,Jasa,7759208,1590178,Terdaftar,1
288212027,UD. Willy Mulya Binar,Perdagangan,23891465,3599022,Belum Terdaftar,0
288212028,UD. Olla Suryaatmaja,Jasa,42099721,9571554,Belum Terdaftar,0
288212029,UD. Damar Wicaksana Tegar,Pendidikan,49186062,4428396,Terdaftar,1
288212030,UD. Wahyu Sumringah,Kesehatan,20486276,5536740,Belum Terdaftar,0
288212031,UD. Habib Surapati Qamar,Kesehatan,49732017,6893748,Belum Terdaftar,0
288212032,UD. Wulan Suci Chintya,Pendidikan,35252268,6511158,Terdaftar,1
288212033,UD. Wulan Persada,Kesehatan,42493585,7000398,Terdaftar,1
,UD. Sani Sumringah,Kesehatan,48268152,5643765,Terdaftar,1
288212035,UD. Rahmat Kencana Rafif,Jasa,14149999,4824897,Belum Terdaftar,0
288212036,UD. Putra Widjaja,Pendidikan,42497393,6748232,Belum Terdaftar,0
288212037,UD. Odie Kamajaya Cipta,Kesehatan,32247300,5069817,Terdaftar,1
288212038,UD. Zulkarnaen Arya,Jasa,32820471,9123918,Terdaftar,1
288212039,UD. Wira Utamaindah Delia,Kesehatan,31818925,3685127,Belum Terdaftar,0
288212040,UD. Zahira Ceria,Jasa,12979738,6315096,Belum Terdaftar,0
288212041,UD. Valen Merdeka,Pendidikan,41505459,9496575,Belum Terdaftar,0
288212042,UD. Koko Jagadmaya,Perdagangan,31193049,8306574,Belum Terdaftar,0
288212043,UD. Raka Tejakusuma,Pendidikan,17213612,2363493,Belum Terdaftar,0
288212044,UD. Wira Mulya,Jasa,37425256,9143820,Terdaftar,1
288212045,UD. Inten Kusumajati,Pendidikan,40100502,9242448,Terdaftar,1
288212046,UD. Wito Sarwono,Kesehatan,32960156,1690958,Belum Terdaftar,0
288212047,UD. Fanny Sudarsana Hanafi,Perdagangan,23408506,2264452,Belum Terdaftar,0
288212048,UD. Bagir Widjaja,Jasa,3542581,1558714,Belum Terdaftar,0
288212049,UD. Najwa Padi,Perdagangan,29772678,2370421,Terdaftar,1
288212050,UD. Winda Nirmala Udin,Perdagangan,27540255,3898578,Belum Terdaftar,0
288212051,UD. Baim Merdeka,Pendidikan,29931048,2437809,Terdaftar,1
288212052,UD. Jihan Jayengprana,Pendidikan,17324209,7981068,Terdaftar,1
288212053,UD. Ony Jayabaya,Fashion,13963088,5733506,Belum Terdaftar,0
288212054,UD. Cinta Dharma,Kesehatan,10743776,5754117,Terdaftar,1
288212055,UD. Zulkarnaen Anggrek,Perdagangan,3686749,4017755,Terdaftar,1
288212056,UD. Celsi Selaras,Perdagangan,33019009,5659619,Terdaftar,1
288212057,UD. Olivia Surya,Jasa,15365883,3195404,Belum Terdaftar,0
288212058,UD. Uli Wicaksana,Kesehatan,38322413,1799273,Belum Terdaftar,0
288212059,UD. Lana Indah,Perdagangan,47722019,2702346,Belum Terdaftar,0
288212060,UD. Qisya Utama Lintang,Kesehatan,34772821,880332,Terdaftar,1
288212061,UD. Zaki Ananta Hasna,Jasa,18422744,9852817,Terdaftar,1
288212062,UD. Karla Baswara,Perdagangan,45874480,7669672,Terdaftar,1
288212063,UD. Rafi Cerah,Jasa,49005255,1365257,Terdaftar,1
288212064,UD. Riko Siang,Jasa,6964862,2728536,Terdaftar,1
288212065,UD. Wito Radhitya,Perdagangan,32205415,2600142,Belum Terdaftar,0
288212066,UD. Jibril Bahagia,Jasa,22698220,9111739,Terdaftar,1
288212067,UD. Salwa Manggala,Kesehatan,7907647,9863360,Terdaftar,1
288212068,UD. Hendra Jayaningrat Erlin,Jasa,2664816,8615085,Belum Terdaftar,0
288212069,UD. Hendra Galuh,Jasa,30840623,3102638,Terdaftar,1
288212070,UD. Ziva Satya Damar,Jasa,31225136,1355381,Belum Terdaftar,0
288212071,UD. Putra Panembahan,Jasa,23899230,8390931,Terdaftar,1
288212072,UD. Ony Utamajaya,Perdagangan,28322947,9271314,Belum Terdaftar,0
288212073,UD. Mika Mahendra,Jasa,47451033,3100121,Belum Terdaftar,0
288212074,UD. Yoga Tunggal,Pendidikan,8660936,5751101,Terdaftar,1
288212075,UD. Wenda Satya,Kesehatan,44193310,3613488,Belum Terdaftar,0
288212076,UD. Erlin Senja,Pendidikan,49989193,9475584,Terdaftar,1
288212077,UD. Ulya Saputra,Jasa,6419058,5318398,Belum Terdaftar,0
288212078,UD. Gita Prabawa,Perdagangan,32227589,4179008,Belum Terdaftar,0
288212079,UD. Vega Gita Indira,Perdagangan,19318507,648209,Terdaftar,1
288212080,UD. Zahira Darussalam,Kesehatan,6205017,9254419,Terdaftar,1
288212081,UD. Qory Tengah,Perdagangan,16998154,3240003,Terdaftar,1
288212082,UD. Rahmat Widuri,Pendidikan,1589432,5217322,Belum Terdaftar,0
288212083,UD. Jihan Madya,Pendidikan,26535211,3055579,Belum Terdaftar,0
288212084,UD. Salwa Puri,Pendidikan,20018747,9535383,Terdaftar,1
288212085,UD. Cinta Sundawa,Perdagangan,48772267,9020451,Belum Terdaftar,0
288212086,UD. Jay Arsana,Kesehatan,8656134,8173074,Belum Terdaftar,0
288212087,UD. Hilmiyah Kencana,Pendidikan,17306404,2261123,Terdaftar,1
288212088,UD. Binar Lingga,Perdagangan,25734842,2344415,Terdaftar,1
288212089,UD. Pasha Yudhistira,Kesehatan,8441850,3282851,Belum Terdaftar,0
288212090,UD. Riko Satria Najwa,Jasa,26492080,9668873,Terdaftar,1
288212091,UD. Fitri Padi,Perdagangan,43509157,2781762,Belum Terdaftar,0
288212092,UD. Tiara Saputranegara,Perdagangan,29604755,2257849,Belum Terdaftar,0
288212093,UD. Via Sidarta Okta,Pendidikan,23417365,2550113,Belum Terdaftar,0
288212094,UD. Poppy Anindita,Jasa,31016325,9881247,Terdaftar,1
288212095,UD. Marsya Jaya,Pendidikan,20618667,4286954,Terdaftar,1
288212096,UD. Eren Sumringah,Makanan & Minuman,27021060,748761,Terdaftar,1
288212097,UD. Wesly Hilir,Kesehatan,38723956,7434074,Terdaftar,1
288212098,UD. Lando Kusen,Pendidikan,32067338,2389759,Belum Terdaftar,0
,UD. Alvino Sasmita,Perdagangan,2614977,9460375,Terdaftar,1
288212100,UD. Chintya Ceria,Perdagangan,3244253,4733721,Terdaftar,1
288212101,UD. Ulya Setia,Perdagangan,39152839,8418767,Belum Terdaftar,0
288212102,UD. Kiki Kusumajati Nina,Jasa,44858727,1394447,Terdaftar,1
288212103,UD. Vita Widjaja,Pendidikan,32831929,6565109,Terdaftar,1
288212104,UD. Dewi Tri Qyla,Pendidikan,40642759,5059523,Belum Terdaftar,0
288212105,UD. Nayla Bangun,Kesehatan,38582566,9909799,Terdaftar,1
288212106,UD. Anis Purnama,Kesehatan,10155682,5509831,Belum Terdaftar,0
,UD. Abel Prana,Pendidikan,43391936,6573724,Terdaftar,1
288212108,UD. Aldo Asih,Pendidikan,29008644,6307851,Terdaftar,1
288212109,UD. Lintang Luhur,Jasa,7725071,5199614,Terdaftar,1
288212110,UD. Fadli Bahari,Fashion,17738894,5713158,Terdaftar,1
288212111,UD. Umi Brawijaya,Fashion,12155446,4784361,Terdaftar,1
288212112,UD. Qori Mulya,Jasa,,6161850,Belum Terdaftar,0
288212113,UD. Grego Madya,Perdagangan,3818666,9954056,,0
288212114,UD. Taufik Senopati,Pendidikan,19739951,3480261,Belum Terdaftar,0
288212115,UD. Sari Panuluh,Pendidikan,9625643,1847024,Belum Terdaftar,0
288212116,UD. Guntur Kusen Koko,Kesehatan,20976570,8135052,Terdaftar,1
288212117,UD. Sekar Wirawati,Kesehatan,35301549,667333,Terdaftar,1
288212118,UD. Carissa Adikara,Kesehatan,26879116,3354335,Terdaftar,1
288212119,UD. Erni Senja,Perdagangan,17072125,1604600,Belum Terdaftar,0
288212120,UD. Krisna Agung,Jasa,45320392,3567024,Terdaftar,1
288212121,UD. Esa Lingga,Kesehatan,35962201,7706796,Terdaftar,1
288212122,UD. Asep Wijapranata Kevin,Perdagangan,19060078,7701620,Terdaftar,1
288212123,UD. Yora Citra,Pendidikan,44472783,6138478,Terdaftar,1
288212124,UD. Iqra Adyatma,Pendidikan,32696105,7256887,Terdaftar,1
288212125,UD. Mario Prima,Perdagangan,41686756,9269652,Terdaftar,1
288212126,UD. Jihan Yudhistira,Perdagangan,32375466,9968990,Belum Terdaftar,0
288212127,UD. Prananda Baru Joko,Kesehatan,3470341,6240283,Belum Terdaftar,0
288212128,UD. Zain Gatra,Pendidikan,18416157,2392839,Belum Terdaftar,0
288212129,UD. Iman Anggrek Ujang,Makanan & Minuman,8464530,5213621,Belum Terdaftar,0
288212130,UD. Tami Adyatma,Perdagangan,2292054,9423753,Terdaftar,1
288212131,UD. Eni Gandewa Agus,Perdagangan,25538286,9306368,Terdaftar,1
288212132,UD. Teguh Sahaja,Pendidikan,5165963,6640693,Terdaftar,1
288212133,UD. Vidi Pagi,Pendidikan,14690406,7875406,Terdaftar,1
288212134,UD. Alvino Pagi,Perdagangan,2960325,1484619,Terdaftar,1
288212135,UD. Marsya Trisula,Kesehatan,33142314,6219055,Belum Terdaftar,0
288212136,UD. Romi Saprahan,Perdagangan,43203451,2070618,Terdaftar,1
288212137,UD. Kanza Merdeka,Perdagangan,43055277,3002573,Belum Terdaftar,0
288212138,UD. Fitri Nirwana,Jasa,14065193,2565357,Belum Terdaftar,0
288212139,UD. Abdi Kelana Xenia,Kesehatan,29005964,6989029,Terdaftar,1
288212140,UD. Erlin Suryaputra Naufal,Kesehatan,31037319,1586999,Belum Terdaftar,0
288212141,UD. Ucup Dewangga Qiana,Pendidikan,36952600,549050,Terdaftar,1
288212142,UD. Qamar Tirtaatmaja,Perdagangan,38909847,7095825,Belum Terdaftar,0
288212143,UD. Reza Suryaatmaja,Perdagangan,6883038,6822415,Terdaftar,1
288212144,UD. Eddy Baswara,Kesehatan,28988647,5447073,Terdaftar,1
288212145,UD. Odie Santosa,Kesehatan,14754847,5135294,Terdaftar,1
288212146,UD. Hanaura Darussalam,Jasa,24071466,1283406,Terdaftar,1
288212147,UD. Eni Sahaja,Perdagangan,45059172,1998366,Belum Terdaftar,0
288212148,UD. Olla Cinta,Kesehatan,45385530,2981628,Terdaftar,1
288212149,UD. Prananda Padi,Perdagangan,31560913,8469144,Belum Terdaftar,0
288212150,UD. Muthia Hastinapura Gerry,Fashion,45745689,6775145,Terdaftar,1
288212151,UD. Qori Anggrek,Jasa,19735505,766545,Terdaftar,1
288212152,UD. Dora Tirta Pasha,,26813301,1497223,Belum Terdaftar,0
288212153,UD. Yessi Adhi,Kesehatan,20047710,8123929,Belum Terdaftar,0
288212154,UD. Sella Wangi,Pendidikan,37345422,6974268,Belum Terdaftar,0
288212155,UD. Jihan Bahari Qory,Perdagangan,10428644,6450039,Belum Terdaftar,0
288212156,UD. Vera Mandiri Gilangga,Pendidikan,40152979,7130734,Terdaftar,1
288212157,UD. Dani Madusari,Pendidikan,39644571,4637399,Terdaftar,1
288212158,UD. Muthia Jagadmaya,Perdagangan,36990471,4369467,Terdaftar,1
288212159,UD. Fatimah Lintang,Perdagangan,16020985,6670679,Terdaftar,1
288212160,UD. Rahmat Dharma,Perdagangan,25163199,7118027,Terdaftar,1
288212161,UD. Hana Paseban,Kesehatan,14149393,2870975,Terdaftar,1
288212162,UD. Livia Nirmala,Jasa,,4202651,Terdaftar,1
288212163,UD. Fanny Asri,Perdagangan,4259316,3053045,Terdaftar,1
288212164,UD. Gusti Asri,Jasa,47339670,9145660,Terdaftar,1
288212165,UD. Satria Pusaka,Perdagangan,25313917,3333410,Belum Terdaftar,0
288212166,UD. Fitri Trisudira,Pendidikan,14070598,1348196,Terdaftar,1
288212167,UD. Wesly Trisakti,Perdagangan,19940783,2739473,Belum Terdaftar,0
288212168,UD. Yaniar Kusumajati,Jasa,41273054,8129578,Belum Terdaftar,0
288212169,UD. Zainab Asri,Pendidikan,37053855,1902621,Terdaftar,1
288212170,UD. Pasha Manggala,Perdagangan,12251751,5257679,Belum Terdaftar,0
288212171,UD. Ulfa Trisudira,Pendidikan,40061842,4688776,Terdaftar,1
288212172,UD. Indah Mulya,Pendidikan,12635687,540247,Terdaftar,1
288212173,UD. Jafar Wijaya,Perdagangan,19225231,8970920,Belum Terdaftar,0
288212174,UD. Halimah Manunggal,Kesehatan,35938760,2105578,Belum Terdaftar,0
288212175,UD. Uchie Putri,Perdagangan,4891392,7086048,Terdaftar,1
288212176,UD. Bulan Yudhistira,Pendidikan,21766744,5270149,Belum Terdaftar,0
288212177,UD. Vega Tirtaatmaja,Pendidikan,21477575,5494103,Belum Terdaftar,0
288212178,UD. Mario Kusumasari Ovan,Perdagangan,7835494,1918523,Belum Terdaftar,0
288212179,UD. Kanza Nirwana,Jasa,16195295,1251254,Terdaftar,1
288212180,UD. Laila Bahagia,Kesehatan,42087751,5499070,Belum Terdaftar,0
288212181,UD. Lana Tejakencana,Perdagangan,11920588,6846689,Belum Terdaftar,0
288212182,UD. Yola Utama,Jasa,46373122,,Terdaftar,1
288212183,UD. Jihan Anggara,Jasa,43648769,7608177,Belum Terdaftar,0
288212184,UD. Iman Maheswara,Perdagangan,35024300,1235418,Terdaftar,1
288212185,UD. Lidya Prima,Jasa,7874011,7898121,Terdaftar,1
288212186,UD. Rafa Gemilang,Perdagangan,22125635,3404016,Belum Terdaftar,0
288212187,UD. Indira Citra,Jasa,29689697,3365424,Belum Terdaftar,0
288212188,UD. Zera Satriya,Jasa,31640054,3611406,Terdaftar,1
288212189,UD. Nara Pancasila Mirna,Perdagangan,25080198,5830914,Terdaftar,1
288212190,UD. Umi Bima,Kesehatan,36965533,2862810,Terdaftar,1
288212191,UD. Vincent Pusaka,Kesehatan,34889465,8761847,Terdaftar,1
288212192,UD. Yessi Sudarsana,Jasa,39865224,9680452,Belum Terdaftar,0
288212193,UD. Taufan Nirwana,Jasa,45016914,1820989,Belum Terdaftar,0
288212194,UD. Chiko Wacana,Kesehatan,21600456,1306760,Belum Terdaftar,0
288212195,UD. Yasir Jayengpati Tasya,Perdagangan,9324630,7081294,Terdaftar,1
288212196,UD. Vera Kusuma Hilmiyah,Pendidikan,34624588,1689116,Terdaftar,1
288212197,UD. Tegar Mandiri,Perdagangan,28110727,3852364,Belum Terdaftar,0
288212198,UD. Romi Wira,Perdagangan,4592557,6300136,Belum Terdaftar,0
288212199,UD. Cahya Yudhistira,Perdagangan,24893778,5007071,Terdaftar,1
288212200,UD. Omar Pamungkas Fikra,Jasa,43873306,6132221,Belum Terdaftar,0
288212201,UD. Qyla Lempung Livia,Pendidikan,13170662,2570509,Belum Terdaftar,0
288212202,UD. Lando Cerah,Pendidikan,1437623,6442442,Belum Terdaftar,0
288212203,UD. Qayla Maheswara,Pendidikan,12437965,5726720,Terdaftar,1
288212204,UD. Zidan Satya,Perdagangan,15701717,1553805,Belum Terdaftar,0
288212205,UD. Syifa Jaya,Kesehatan,12406741,7977108,Belum Terdaftar,0
288212206,UD. Nindy Mandiri,Perdagangan,11877700,7695193,Belum Terdaftar,0
288212207,UD. Kurnia Cerah,Jasa,16658831,3095287,Terdaftar,1
288212208,UD. Binar Dewangga,Perdagangan,8658918,6012305,Belum Terdaftar,0
288212209,UD. Rendi Gandewa,Jasa,3986777,7519710,Belum Terdaftar,0
288212210,UD. Rosa Trisula,Kesehatan,47980687,3401504,Terdaftar,1
288212211,UD. Berlian Citra,Kesehatan,26820284,7175478,Belum Terdaftar,0
288212212,UD. Gerry Trisudira Pasha,Jasa,27684855,7641584,Belum Terdaftar,0
288212213,UD. Mario Asri,Perdagangan,34853835,2182101,Belum Terdaftar,0
288212214,UD. Qanitah Wangi,Pendidikan,31478287,,Terdaftar,1
288212215,UD. Tariq Trisaktiatma,Perusahaan,20654448,9650074,Belum Terdaftar,0
288212216,UD. Clarissa Wijaya,Perdagangan,12120615,807637,Belum Terdaftar,0
288212217,UD. Lutfi Asih,Jasa,38119627,4620821,Belum Terdaftar,0
288212218,UD. Fitri Winata,Perdagangan,33062815,6526127,Terdaftar,1
288212219,UD. Fira Bagaskara Evan,Perdagangan,31693764,1293764,Belum Terdaftar,0
288212220,UD. Elen Suryaatmaja,Perusahaan,15946915,6640294,Terdaftar,1
288212221,UD. Candra Cinta,Perdagangan,13371547,6023427,Belum Terdaftar,0
288212222,UD. Baim Bratadikara,Perdagangan,42840251,2628640,Terdaftar,1
288212223,UD. Celsi Kusumajati,Perdagangan,5176630,2004448,Terdaftar,1
288212224,UD. Elok Surya,Kesehatan,14754802,1229724,Belum Terdaftar,0
288212225,UD. Jafar Elok,Pendidikan,3163947,4645276,Belum Terdaftar,0
288212226,UD. Yusuf Raharja,Jasa,16027715,9287512,Belum Terdaftar,0
288212227,UD. Pardi Surya,Kesehatan,47586214,3737349,Belum Terdaftar,0
288212228,UD. Zahra Tunggul,Jasa,40071590,5824996,Terdaftar,1
288212229,UD. Tomi Widuri,Jasa,43869714,7236085,Belum Terdaftar,0
288212230,UD. Erlangga Satria,Kesehatan,5756248,8202988,Terdaftar,1
288212231,UD. Icha Sangkala,Perdagangan,38377762,9925393,Belum Terdaftar,0
288212232,UD. Ilmi Nirmala Alya,Kesehatan,16115447,6460070,Belum Terdaftar,0
288212233,UD. Yayan Bangun,Pendidikan,36238162,1052646,Belum Terdaftar,0
288212234,UD. Taufan Panji,Pendidikan,14475606,9668165,Belum Terdaftar,0
288212235,UD. Heri Mardika,Perdagangan,34061726,1979477,Terdaftar,1
,UD. Andi Paseban,Perdagangan,38111853,3274030,Belum Terdaftar,0
288212237,UD. Zulkarnaen Bahari,Kesehatan,1968337,4470077,Terdaftar,1
288212238,UD. Sekar Makmur,Pendidikan,17327868,9936232,Terdaftar,1
288212239,UD. Putra Senopati,Pendidikan,7967878,6016436,Terdaftar,1
288212240,UD. Iqra Bagaskara Jafar,Perdagangan,40951063,3896843,Terdaftar,1
288212241,UD. Tami Resaputra,Jasa,22592696,1882715,Terdaftar,1
288212242,UD. Elyas Dharma,Jasa,40371181,7026126,Belum Terdaftar,0
288212243,UD. Qanita Mega,Perdagangan,36572752,606231,Belum Terdaftar,0
288212244,UD. Thariq Arsana Budi,Pendidikan,20799438,8598632,Terdaftar,1
288212245,UD. Khalid Ayodya,Perdagangan,6998920,9842547,Terdaftar,1
288212246,UD. Umar Buana,Kesehatan,48206177,1076634,Terdaftar,1
288212247,UD. Joko Sangga,Pendidikan,43087798,535653,Belum Terdaftar,0
288212248,UD. Qanita Suci,Pendidikan,34322839,3037531,Terdaftar,1
288212249,UD. Amir Kusumah,Pendidikan,34057449,6471094,Belum Terdaftar,0
288212250,UD. Yora Sulaksana,Kesehatan,31855773,5919744,Belum Terdaftar,0
288212251,UD. Amir Utama Yola,Perdagangan,17850132,9827228,Belum Terdaftar,0
288212252,UD. Anisa Atma,Perdagangan,34461244,9514868,Belum Terdaftar,0
288212253,UD. Grego Jaya,Pendidikan,34600426,2760648,Terdaftar,1
288212254,UD. Bayu Sukadarma,Kesehatan,18317946,8527481,Terdaftar,1
288212255,UD. Alvino Indah Vita,Kesehatan,17673419,4382052,Terdaftar,1
288212256,UD. Ulya Yudhistira,Jasa,,7245849,Terdaftar,1
288212257,UD. Chiko Anugerah,Perdagangan,35488859,2687848,Belum Terdaftar,0
288212258,UD. Lutfi Mandiri,Jasa,37408028,2972315,Belum Terdaftar,0
288212259,UD. Sella Mega Hilmiyah,Pendidikan,34238701,2253504,Belum Terdaftar,0
288212260,UD. Febri Kusen,Pendidikan,5139884,8086128,Terdaftar,1
288212261,UD. Uchie Baswara,Perdagangan,14198178,9978399,Belum Terdaftar,0
288212262,UD. Yolanda Sangga,Perdagangan,30895452,7179150,Belum Terdaftar,0
288212263,UD. Opik Widjaja,Perdagangan,4224703,7096626,Belum Terdaftar,0
288212264,UD. Yoga Sejahtera Kirana,Kesehatan,35446834,4817895,Terdaftar,1
288212265,UD. Budi Karang,Jasa,35307727,4586200,Belum Terdaftar,0
288212266,UD. Weni Mahendra Iqbal,Pendidikan,23620973,605559,Terdaftar,1
288212267,UD. Zainab Sangga,Jasa,29232755,9520987,Terdaftar,1
288212268,UD. Halimah Kelana Esa,Kesehatan,43143271,5894294,Terdaftar,1
288212269,UD. Jodi Nawasena,Jasa,13806661,4441288,,0
288212270,UD. Santi Panji,Pendidikan,15876442,8460922,Belum Terdaftar,0
288212271,UD. Qayla Baswara,Jasa,18304740,4358263,Terdaftar,1
288212272,UD. Rafa Pancasila,Jasa,31260117,7248542,Belum Terdaftar,0
288212273,UD. Joko Lestari Tami,Kesehatan,30612620,7801444,Terdaftar,1
288212274,UD. Melati Prima,Kesehatan,18206447,3883846,Belum Terdaftar,0
288212275,UD. Eni Wiratama,Pendidikan,36248462,4617042,Terdaftar,1
288212276,UD. Pandu Wetan,Pendidikan,46634302,9816797,Belum Terdaftar,0
288212277,UD. Wira Cempaka Yani,Kesehatan,49793483,4023368,Terdaftar,1
288212278,UD. Asep Citra,Jasa,19939568,9498970,Terdaftar,1
288212279,UD. Rizki Jati,Perdagangan,43809768,5987762,Belum Terdaftar,0
288212280,UD. Silvi Kamajaya,Perdagangan,15348995,6488175,Belum Terdaftar,0
288212281,UD. Xenia Warna,Jasa,16205617,3611604,Belum Terdaftar,0
288212282,UD. Isna Makmur,Kesehatan,42725675,5980199,Terdaftar,1
288212283,UD. Anisa Sahaja Hesti,Pendidikan,40903956,6272077,Terdaftar,1
288212284,UD. Fatimah Dharma,Perdagangan,7092673,7573879,Terdaftar,1
288212285,UD. Desi Ratu,Kesehatan,4505014,5813046,Terdaftar,1
288212286,UD. Fahmi Ratu,Jasa,34163251,8563270,Belum Terdaftar,0
288212287,UD. Qais Warna,Jasa,1558392,4202682,Belum Terdaftar,0
288212288,UD. Lono Cahyaningrat,Pendidikan,21962445,3959000,Belum Terdaftar,0
288212289,UD. Vega Wangi,Kesehatan,9953771,5530443,Terdaftar,1
288212290,UD. Bagir Satriya,Pendidikan,48575873,9021622,Terdaftar,1
288212291,UD. Widya Kayastha,Perdagangan,18098404,3177281,,0
288212292,UD. Zidan Nirmala,Kesehatan,7240845,4323128,Terdaftar,1
288212293,UD. Elsa Adiwarna,Perdagangan,49949678,8551594,Belum Terdaftar,0
288212294,UD. Carissa Sumringah,Pendidikan,5677971,839503,Terdaftar,1
288212295,UD. Iman Manik Melati,Perdagangan,10195746,988256,Terdaftar,1
288212296,UD. Odie Wirajaya,Perdagangan,45272922,3332229,Terdaftar,1
288212297,UD. Hanafi Utamaindah,Jasa,23590128,7643561,Terdaftar,1
288212298,UD. Heri Bersemi,Pendidikan,6860795,7551673,Terdaftar,1
288212299,UD. Lono Prajurit,Jasa,15554565,533673,Terdaftar,1
288212300,UD. Wenda Alam Rizki,Pendidikan,21621894,794161,Terdaftar,1
288212301,UD. Shinta Wangi,Perdagangan,27721708,1986833,Terdaftar,1
288212302,UD. Lintang Rejo,Pendidikan,4389196,5352923,Terdaftar,1
288212303,UD. Erni Pancasila,Pendidikan,42516432,3271272,Belum Terdaftar,0
288212304,UD. Nara Gandewa,Kesehatan,43013669,7369036,Belum Terdaftar,0
288212305,UD. Oki Prana,Jasa,6308771,5985209,Belum Terdaftar,0
288212306,UD. Berlian Dwijaputra,Perdagangan,37363685,7732361,Belum Terdaftar,0
288212307,UD. Made Alam,Perdagangan,10066624,6123438,Terdaftar,1
288212308,UD. Gani Tirtaatmaja,Kesehatan,37524928,9500871,Belum Terdaftar,0
288212309,UD. Elva Suci,Perusahaan,36775989,7705626,Terdaftar,1
288212310,UD. Eka Agung,Kesehatan,8049074,9059233,Belum Terdaftar,0
288212311,UD. Zahra Wacana,Pendidikan,22304780,5029539,Belum Terdaftar,0
288212312,UD. Uli Trisaktiatma,Pendidikan,1318470,4502533,Terdaftar,1
288212313,UD. Riyan Sudarsana,Kesehatan,13821866,5853822,Terdaftar,1
288212314,UD. Viera Utama,Jasa,38248659,4737990,Belum Terdaftar,0
288212315,UD. Vega Sangkala,Perdagangan,39466060,6025292,Belum Terdaftar,0
288212316,UD. Bagir Trisaktiatma,Perdagangan,31999334,6551993,Belum Terdaftar,0
288212317,UD. Laila Kencana,Jasa,29280339,4071908,Terdaftar,1
288212318,UD. Gema Madani,Perdagangan,6102596,8736101,Belum Terdaftar,0
288212319,UD. Pipit Gandewa Nando,Jasa,35266223,8939524,Terdaftar,1
288212320,UD. Ismail Sangkala,Jasa,26360947,8934805,Terdaftar,1
288212321,UD. Deni Pagi,Pendidikan,5708209,9038910,Terdaftar,1
288212322,UD. Clarissa Gita,Perdagangan,33067992,4917220,Terdaftar,1
288212323,UD. Hana Atma,Pendidikan,11386315,7034534,Terdaftar,1
288212324,UD. Elyas Tirta,Perdagangan,12465689,7314020,Belum Terdaftar,0
288212325,UD. Harun Jayengprana,Kesehatan,48523255,1969699,Terdaftar,1
288212326,UD. Widya Pelangi,Jasa,43159573,5406714,Belum Terdaftar,0
288212327,UD. Laras Sangkala,Kesehatan,33138624,9474453,Belum Terdaftar,0
288212328,UD. Habib Cahyaningrat,Perdagangan,27527303,2544592,Belum Terdaftar,0
288212329,UD. Willy Mandiri,Perdagangan,20780067,5514758,Belum Terdaftar,0
288212330,UD. Berlian Bijaksana,Kesehatan,27310832,806960,Belum Terdaftar,0
288212331,UD. Oki Permai,Pendidikan,25896021,5240112,Terdaftar,1
288212332,UD. Thariq Wira,Pendidikan,12991409,2619151,Terdaftar,1
288212333,UD. Udin Galang,Jasa,46845479,2681426,Terdaftar,1
288212334,UD. Mika Siang,Jasa,37293076,3208940,Terdaftar,1
288212335,UD. Nando Yudhistira,Perdagangan,17582228,3504443,Terdaftar,1
288212336,UD. Uci Utama,Jasa,15706206,6331537,Terdaftar,1
288212337,UD. Inten Ratu,Jasa,27598272,7788172,Terdaftar,1
288212338,UD. Ucup Adiwangsa,Perdagangan,6269224,1817502,Belum Terdaftar,0
288212339,UD. Wira Pelangi,Pendidikan,33899994,4281225,Belum Terdaftar,0
288212340,UD. Yasir Galuh,Pendidikan,44447041,8722294,Belum Terdaftar,0
288212341,UD. Utha Wiyata,Jasa,22943672,3226757,Belum Terdaftar,0
288212342,UD. Sani Anggrek,Kesehatan,26057628,2535248,Belum Terdaftar,0
288212343,UD. Khalid Sari Joko,Pendidikan,25776185,4050608,Terdaftar,1
288212344,UD. Monica Ayodya,Jasa,35431977,7445306,Belum Terdaftar,0
288212345,UD. Widi Panji,Kesehatan,14311994,9328882,Belum Terdaftar,0
288212346,UD. Zaki Sakti,Pendidikan,7082029,3266459,Belum Terdaftar,0
288212347,UD. Qisha Surya,Perdagangan,25117120,5699340,Belum Terdaftar,0
288212348,UD. Alya Kusumasari,Kesehatan,26793833,5214667,Belum Terdaftar,0
288212349,UD. Eni Mardika,Jasa,18852807,8660986,Terdaftar,1
288212350,UD. Vidi Jatinagara Utha,Pendidikan,26408108,5110044,Terdaftar,1
288212351,UD. Vidi Lingga,Perdagangan,10740834,8881219,Terdaftar,1
288212352,UD. Novi Darussalam Bayu,Perdagangan,23006662,1069659,Belum Terdaftar,0
288212353,UD. Gisel Saputranegara,Pendidikan,14964822,4494070,Belum Terdaftar,0
288212354,UD. Bulan Mega,Kesehatan,25428845,640896,Belum Terdaftar,0
288212355,UD. Desi Artha,Kesehatan,23526950,4865333,Terdaftar,1
288212356,UD. Hasna Saputrautama,Perdagangan,24614226,1478133,Belum Terdaftar,0
288212357,UD. Tama Jagad Yusuf,Perdagangan,42499207,5744453,Terdaftar,1
288212358,UD. Erni Prajurit,Perdagangan,47853132,1353568,Belum Terdaftar,0
288212359,UD. Galang Mandala,Jasa,1218545,1072082,Terdaftar,1
288212360,UD. Ucup Resmi,Perdagangan,43779038,8488704,Terdaftar,1
288212361,UD. Ulfa Panuluh,Perdagangan,49372563,9341598,Belum Terdaftar,0
288212362,UD. Evan Surya,Perdagangan,9594341,3307958,Terdaftar,1
288212363,UD. Yora Makmur,Kesehatan,13996920,6414382,Belum Terdaftar,0
288212364,UD. Ony Utama,Pendidikan,41905315,4106814,Belum Terdaftar,0
288212365,UD. Mirna Kencana,Perdagangan,14226486,6155451,Belum Terdaftar,0
288212366,UD. Romi Mayang,Perdagangan,38960205,2986594,Terdaftar,1
288212367,UD. Lukman Buana Shinta,Pendidikan,11536285,,Belum Terdaftar,0
288212368,UD. Andi Kinarya,Jasa,44353266,4381624,Terdaftar,1
288212369,UD. Tomi Raharja,Perdagangan,2022472,3449920,Terdaftar,1
288212370,UD. Miko Terang Nazar,Kesehatan,36065484,1387131,Terdaftar,1
288212371,UD. Livia Wetan,Jasa,33363211,3609684,Terdaftar,1
288212372,UD. Amir Wiratama,Jasa,3500801,9184170,Belum Terdaftar,0
288212373,UD. Ziva Wiyata,Kesehatan,42237029,4879403,Belum Terdaftar,0
288212374,UD. Silvi Artha Inten,Jasa,21784796,4848180,Belum Terdaftar,0
288212375,UD. Tami Abadi Qamar,Jasa,41743507,3324593,Terdaftar,1
288212376,UD. Alya Wacana Uchie,Jasa,32990655,1924013,Terdaftar,1
288212377,UD. Melati Kencana,Jasa,4115711,3337140,Belum Terdaftar,0
288212378,UD. Daffa Adyatma,Jasa,34576319,984761,Belum Terdaftar,0
288212379,UD. Zidan Baru,Pendidikan,28912968,9153287,Terdaftar,1
288212380,UD. Qais Permai Salwa,Pendidikan,6452046,9052344,Terdaftar,1
288212381,UD. Ari Asmaralaya,Jasa,5279220,8006978,Belum Terdaftar,0
288212382,UD. Satria Binasena,Jasa,35627526,7419230,Terdaftar,1
288212383,UD. Wahyu Sidarta,Pendidikan,6026050,5862801,Terdaftar,1
288212384,UD. Thariq Selaras Khayla,Jasa,49256854,7793300,Belum Terdaftar,0
288212385,UD. Fauzan Kencana,Kesehatan,19204693,3972508,Belum Terdaftar,0
288212386,UD. Livia Warna,Jasa,35703654,9684403,Belum Terdaftar,0
288212387,UD. Joko Brawijaya,Perdagangan,30337548,4766302,Terdaftar,1
288212388,UD. Adinda Adhi,Perdagangan,33759560,2576353,Belum Terdaftar,0
288212389,UD. Nazar Sidarta,Kesehatan,9912801,4544917,Belum Terdaftar,0
288212390,UD. Khalid Nusa,Jasa,1930315,1138462,Terdaftar,1
288212391,UD. Elok Harmoni,Perdagangan,43531361,860690,Belum Terdaftar,0
288212392,UD. Chika Makmur,Jasa,39860076,1189035,Terdaftar,1
288212393,UD. Halim Harapan Tegar,Pendidikan,39774522,2417471,Terdaftar,1
288212394,UD. Romi Karya,Pendidikan,46753186,3505034,Belum Terdaftar,0
288212395,UD. Fatimah Panji,Kesehatan,3678427,2364670,Terdaftar,1
288212396,UD. Intan Kusuma,Kesehatan,12158310,1310359,Terdaftar,1
288212397,UD. Balqis Atma Lintang,Jasa,46879554,7953288,Terdaftar,1
288212398,UD. Eni Wiyata,Kesehatan,32888558,2079812,Terdaftar,1
288212399,UD. Oki Jati,Kesehatan,44418123,1926983,Terdaftar,1
288212400,UD. Weni Wirajaya,Perdagangan,23218282,8577430,Belum Terdaftar,0
288212401,UD. Viona Karang,Kesehatan,16073612,7165997,Belum Terdaftar,0
288212402,UD. Uci Praja Rahmat,Jasa,15131906,1548779,Belum Terdaftar,0
288212403,UD. Aqila Kencana,Kesehatan,31043645,8838777,Terdaftar,1
288212404,UD. Fauzan Warna,Perusahaan,3610961,8312812,Belum Terdaftar,0
288212405,UD. Laras Brata,Kesehatan,29026478,4730774,Belum Terdaftar,0
288212406,UD. Weni Mega,Kesehatan,38497609,8096437,Terdaftar,1
288212407,UD. Hendra Galang,Jasa,8578883,585074,Belum Terdaftar,0
288212408,UD. Gilang Mayang,Perusahaan,38154660,4839684,Belum Terdaftar,0
288212409,UD. Lutfi Panji,Pendidikan,48120651,8415633,Belum Terdaftar,0
288212410,UD. Zidan Sudarsana,Perdagangan,48224884,4196191,Terdaftar,1
288212411,UD. Alvino Wibawa,Perdagangan,3932402,2638719,Belum Terdaftar,0
288212412,UD. Bela Ceria,Pendidikan,2290384,7323946,Terdaftar,1
288212413,UD. Nibras Sangkala,Pendidikan,27820071,9470556,Belum Terdaftar,0
288212414,UD. Fikri Mahendra,Kesehatan,46111705,4518866,Belum Terdaftar,0
288212415,UD. Salsa Damai Nando,Pendidikan,31885633,2945374,Terdaftar,1
288212416,UD. Zara Hilir,Kesehatan,7979612,9903622,Belum Terdaftar,0
288212417,UD. Indah Wirawati,Jasa,16746543,9478205,Belum Terdaftar,0
288212418,UD. Intan Yudhistira,Kesehatan,37496266,7580919,Belum Terdaftar,0
288212419,UD. Prita Nawasena,Kesehatan,41887652,8178870,Terdaftar,1
288212420,UD. Carissa Jaya,Jasa,14816309,5560143,Terdaftar,1
288212421,UD. Hesti Darussalam,Jasa,8134150,2677179,Terdaftar,1
288212422,UD. Nina Bahari,Kesehatan,11495206,5369954,Belum Terdaftar,0
288212423,UD. Tania Prawira,Kesehatan,20047392,8514209,Terdaftar,1
288212424,UD. Riyan Tirtaatmaja,Pendidikan,39760568,4368264,Belum Terdaftar,0
288212425,UD. Marwan Wiraatmaja,Jasa,32525040,2724697,Terdaftar,1
288212426,UD. Laila Sahaja,Kesehatan,27148471,4202953,Belum Terdaftar,0
288212427,UD. Arman Mahendra,Perdagangan,2859930,6596656,Belum Terdaftar,0
288212428,UD. Binar Bahari,Pendidikan,48460688,4997828,Belum Terdaftar,0
288212429,UD. Jaya Kencana,Jasa,41664778,1689803,Belum Terdaftar,0
288212430,UD. Bagir Mandala,Pendidikan,35823053,2565430,Terdaftar,1
288212431,UD. Raka Mandiri,Jasa,11308876,5139956,Terdaftar,1
288212432,UD. Mira Sukadarma Putra,Perdagangan,40326626,8769483,Belum Terdaftar,0
288212433,UD. Viani Suryaputra Ucup,Jasa,26018329,9465278,Belum Terdaftar,0
288212434,UD. Hilmi Utama,Pendidikan,8092760,2230780,Belum Terdaftar,0
288212435,UD. Veronika Bijaksana,Pendidikan,35675431,731657,Belum Terdaftar,0
288212436,UD. Shinta Satria,Jasa,4346667,4036763,Terdaftar,1
288212437,UD. Poppy Nirwana,Kesehatan,17025980,1491705,Belum Terdaftar,0
288212438,UD. Cinta Ilir,Perdagangan,11514922,5894912,Terdaftar,1
288212439,UD. Salwa Putri,Kesehatan,48102394,6279118,Terdaftar,1
288212440,UD. Nando Karya,Pendidikan,47969291,4677917,Terdaftar,1
288212441,UD. Rafa Warna Nibras,Jasa,44095790,2260051,Terdaftar,1
288212442,UD. Anang Bahari,Jasa,25943476,1290846,Belum Terdaftar,0
288212443,UD. Naila Dwijaputra,Kesehatan,35929731,1939388,Belum Terdaftar,0
288212444,UD. Wito Gunawan,Pendidikan,19199465,8053661,Terdaftar,1
288212445,UD. Fitri Sangkala,Kesehatan,45996527,8081781,Terdaftar,1
288212446,UD. Mario Ilir,Perdagangan,4989480,8469329,Terdaftar,1
288212447,UD. Lea Buana,Jasa,22554928,5191520,Belum Terdaftar,0
288212448,UD. Bambang Mandala,Kesehatan,43753754,5905959,Terdaftar,1
288212449,UD. Willy Pelangi,Kesehatan,15106695,8653336,Belum Terdaftar,0
288212450,UD. Qais Utamajaya Najwa,Pendidikan,13978759,2659368,Belum Terdaftar,0
288212451,UD. Wawan Dwijaputra,Pendidikan,2628444,2150710,Belum Terdaftar,0
288212452,UD. Joko Ayodya,Perdagangan,20666434,6044699,Terdaftar,1
288212453,UD. Wenda Karya,Jasa,32450900,6974657,Terdaftar,1
288212454,UD. Lina Arya,Perdagangan,25892318,4294447,Belum Terdaftar,0
288212455,UD. Ojan Wira,Kesehatan,42803404,7196182,Terdaftar,1
288212456,UD. Delia Jaladara,Pendidikan,27650846,4838925,Belum Terdaftar,0
288212457,UD. Echa Adiwarna,Perdagangan,unknown,5612509,Terdaftar,1
288212458,UD. Zainab Mardika,Kesehatan,7981295,3403039,Belum Terdaftar,0
288212459,UD. Halim Putra,Jasa,24820127,2081782,Terdaftar,1
288212460,UD. Cakra Prabawa,Pendidikan,41088855,5548896,Terdaftar,1
288212461,UD. Ida Utamaindah,Perdagangan,48333121,6335376,Terdaftar,1
288212462,UD. Kinan Wibawa,Kesehatan,30913321,5740470,Terdaftar,1
288212463,UD. Thariq Buana,Perdagangan,27578434,7852231,Terdaftar,1
288212464,UD. Vino Tunggul,Perdagangan,46857433,1989265,Terdaftar,1
288212465,UD. Qiana Lestari,Pendidikan,33642592,689191,Belum Terdaftar,0
288212466,UD. Thariq Panuluh,Pendidikan,5005921,2355263,Terdaftar,1
288212467,UD. Lukita Kencana,Perdagangan,34782617,5673679,Terdaftar,1
288212468,UD. Hana Nirwana,Kesehatan,30280382,2362924,Terdaftar,1
288212469,UD. Ilmi Sarwono,Perdagangan,17787149,6421818,Belum Terdaftar,0
288212470,UD. Bayu Jayaningrat,Pendidikan,16691486,2090957,Belum Terdaftar,0
288212471,UD. Wahyu Sudarsana Lukita,Kesehatan,39248073,8424294,Belum Terdaftar,0
288212472,UD. Putra Pagi,Perdagangan,7641619,5980450,Belum Terdaftar,0
288212473,UD. Zidan Ayodya,Jasa,43252448,1348967,Belum Terdaftar,0
288212474,UD. Cipta Senopati Krisna,Jasa,10745017,6205664,Terdaftar,1
288212475,UD. Eren Kencana,Pendidikan,9698924,3188284,Terdaftar,1
288212476,UD. Fajar Sukarela Joko,Kesehatan,7083055,2705767,Terdaftar,1
288212477,UD. Hanaura Tejakencana,Pendidikan,29149819,4068024,Belum Terdaftar,0
288212478,UD. Hasna Lintang,Jasa,35079169,4840969,Belum Terdaftar,0
288212479,UD. Carissa Satria,Perdagangan,48370989,9901845,Terdaftar,1
288212480,UD. Oki Pelangi,Kesehatan,42804476,3257755,Belum Terdaftar,0
288212481,UD. Zahra Wisnu,Jasa,33236210,7998038,Terdaftar,1
288212482,UD. Verdi Wibawa,Kesehatan,9436747,8047354,Terdaftar,1
288212483,UD. Naila Utama,Perdagangan,19642639,2807285,Belum Terdaftar,0
288212484,UD. Wesly Santosa,Jasa,24157002,2079842,Belum Terdaftar,0
288212485,UD. Grego Utama,Kesehatan,40482516,7675728,Belum Terdaftar,0
288212486,UD. Mika Adyatma,Kesehatan,14241035,951637,Belum Terdaftar,0
288212487,UD. Tiara Panji,Jasa,8876291,7292293,Terdaftar,1
288212488,UD. Wira Padi Widi,Jasa,45432153,6495069,Belum Terdaftar,0
288212489,UD. Ujang Mahendra,Perdagangan,1352190,7125890,Terdaftar,1
288212490,UD. Shinta Adiwarna,Perdagangan,21026514,4778138,Terdaftar,1
288212491,UD. Zahira Bijaksana,Jasa,42090025,9417408,Terdaftar,1
288212492,UD. Jordi Kusumasari,Kesehatan,23867194,7136798,Terdaftar,1
288212493,UD. Winda Madani,Pendidikan,39257323,6953335,Belum Terdaftar,0
288212494,UD. Andi Prima,Perdagangan,27535100,805857,Terdaftar,1
288212495,UD. Damar Elok Clarissa,Perdagangan,6744879,1451851,Terdaftar,1
288212496,UD. Tiara Sakti Bayu,Pendidikan,47627193,8132110,Terdaftar,1
288212497,UD. Balqis Sari,Perdagangan,17426183,1217958,Belum Terdaftar,0
288212498,UD. Tasya Jayawarsa Olivia,Jasa,39152633,6624510,unknown,0
288212499,UD. Bagas Bahagia,Perdagangan,44051357,1300733,Belum Terdaftar,0
288212500,UD. Fikri Kencana,Pendidikan,22055090,3158885,Belum Terdaftar,0
288212501,UD. Gisel Sukarela,Kesehatan,15569642,3562596,Terdaftar,1
288212502,UD. Kinan Cempaka,Jasa,1280912,6208186,Terdaftar,1
288212503,UD. Satria Trisakti,Jasa,22026909,2961282,Terdaftar,1
288212504,UD. Pandu Ceria,Pendidikan,24225320,3835368,Belum Terdaftar,0
288212505,UD. Indah Naraya,Pendidikan,15089331,7404189,Belum Terdaftar,0
288212506,UD. Nando Permai,Kesehatan,28270890,6704601,Belum Terdaftar,0
288212507,UD. Fikra Dwijaputra,Kesehatan,14014465,2480020,Belum Terdaftar,0
288212508,UD. Gilangga Madani,Jasa,28112665,1853302,Terdaftar,1
288212509,UD. Fani Trijaya,Kesehatan,,9381453,Belum Terdaftar,0
288212510,UD. Hesti Maheswara,Jasa,9047016,8010330,Terdaftar,1
288212511,UD. Fikri Tejakusuma,Perdagangan,4826698,5018253,Belum Terdaftar,0
288212512,UD. Syana Widhi,Jasa,27106816,3198301,Terdaftar,1
288212513,UD. Salsa Mandala,Perdagangan,44606756,4428885,Terdaftar,1
288212514,UD. Tari Kalbu Qiana,Perdagangan,15839057,4545770,Terdaftar,1
288212515,UD. Olla Mayang,Jasa,23773237,2725521,Belum Terdaftar,0
288212516,UD. Nibras Wisesa Viera,Perdagangan,25906759,9032620,Terdaftar,1
288212517,UD. Kirana Sahaja Fatiah,Perdagangan,26570586,9903659,Belum Terdaftar,0
288212518,UD. Harun Wijaya,Pendidikan,13875985,3122977,Terdaftar,1
288212519,UD. Rahmat Luhur,Pendidikan,33484104,1856144,Belum Terdaftar,0
288212520,UD. Rosa Arya,Jasa,13366337,8559285,Terdaftar,1
288212521,UD. Ayesha Jagadmaya,Kesehatan,34044048,1755532,Terdaftar,1
288212522,UD. Viera Setia,Jasa,38417930,6838339,Belum Terdaftar,0
288212523,UD. Zidan Lintang Jojo,Kesehatan,19939077,9942992,Terdaftar,1
288212524,UD. Olla Wijaksana,Jasa,45199300,5422626,Terdaftar,1
288212525,UD. Ilham Pancasila Jihan,Kesehatan,47885289,2540769,Terdaftar,1
288212526,UD. Kurnia Cinta Gisel,Kesehatan,20723106,1830065,Terdaftar,1
288212527,UD. Vidi Jaya,Perdagangan,42182578,6080719,Belum Terdaftar,0
288212528,UD. Yayan Kusumajati,Perdagangan,24401943,9228650,Terdaftar,1
288212529,UD. Uti Gita,Pendidikan,26245747,1861094,Terdaftar,1
288212530,UD. Ari Raharja,Jasa,26937360,1661252,Belum Terdaftar,0
288212531,UD. Teguh Putra,Perdagangan,32021603,5389123,Terdaftar,1
288212532,UD. Wito Sasmita,Perdagangan,38868101,4743226,Terdaftar,1
288212533,UD. Gilangga Wicaksana,Pendidikan,4625697,2158773,Belum Terdaftar,0
288212534,UD. Ciko Wicaksana,Kesehatan,29318507,871125,Belum Terdaftar,0
288212535,UD. Yoga Langit,Jasa,21533647,4962399,Terdaftar,1
288212536,UD. Jibril Tengah,Jasa,23769222,1794069,Terdaftar,1
288212537,UD. Melati Kusumatmaja,Pendidikan,19390879,7202452,Belum Terdaftar,0
288212538,UD. Lukita Widhi,Kesehatan,20539600,5941332,Terdaftar,1
288212539,UD. Anang Suci,Perdagangan,43898079,3706965,Terdaftar,1
288212540,UD. Juni Mahendra,Jasa,25571917,8305877,Belum Terdaftar,0
288212541,UD. Berlian Sarwono,Perdagangan,39393241,3750400,Terdaftar,1
288212542,UD. Halim Kencana,Perdagangan,25403400,6027494,,0
288212543,UD. Karla Sehat,Jasa,8367820,9867429,Terdaftar,1
288212544,UD. Qanitah Kinarya,Jasa,22289969,5336159,Terdaftar,1
288212545,UD. Sani Galuh,Kesehatan,9467071,3479392,Belum Terdaftar,0
288212546,UD. Inten Jati,Pendidikan,10628427,3766989,Belum Terdaftar,0
288212547,UD. Santi Wisnu,Jasa,15597804,4081925,Terdaftar,1
288212548,UD. Lidya Kusumasari,Jasa,42663119,9562569,Terdaftar,1
288212549,UD. Halim Karya,Pendidikan,38368304,9936529,Terdaftar,1
288212550,UD. Desta Suci,Pendidikan,6705693,6921103,Terdaftar,1
288212551,UD. Oki Jatiwangi,Pendidikan,13113715,6365195,Belum Terdaftar,0
288212552,UD. Marwan Sulaksana,Kesehatan,10059988,5971707,Terdaftar,1
288212553,UD. Erlangga Tunggul,Perdagangan,21537879,5739607,Terdaftar,1
288212554,UD. Chiko Sidarta Clarissa,Perdagangan,3594346,8134855,Terdaftar,1
288212555,UD. Deni Bijaksana Wira,Kesehatan,20770756,,Belum Terdaftar,0
288212556,UD. Andi Lingga,Kesehatan,3200174,7711293,Terdaftar,1
288212557,UD. Bayu Pagi,Perdagangan,19879776,5418294,Terdaftar,1
288212558,UD. Owen Baswara,Kesehatan,44527326,3994667,Terdaftar,1
288212559,UD. Yuli Saputra,Jasa,15663665,3410710,Terdaftar,1
288212560,UD. Ida Adhi,Pendidikan,35437360,3998587,Terdaftar,1
288212561,UD. Xenia Pamungkas,Jasa,38822498,3622014,Belum Terdaftar,0
288212562,UD. Wahyu Nirbayu,Kesehatan,39416202,3604890,Terdaftar,1
288212563,UD. Lukman Dharma,Kesehatan,10625744,7611951,Terdaftar,1
288212564,UD. Jodi Anggara,Pendidikan,,6686141,Belum Terdaftar,0
288212565,UD. Khalid Hilir,Perdagangan,13390874,1392192,Belum Terdaftar,0
288212566,UD. Zidanar Saputranegara,Jasa,35619829,6382720,Belum Terdaftar,0
288212567,UD. Veronika Lestari,Perdagangan,36439472,4953627,Terdaftar,1
288212568,UD. Tasya Raharja,Jasa,25373830,2185147,Belum Terdaftar,0
288212569,UD. Yaniar Brata Yola,Perdagangan,42204170,7124793,Terdaftar,1
288212570,UD. Uci Sulaksana,unknown,8111888,3945261,Terdaftar,1
288212571,UD. Karla Tunggal,Kesehatan,43471794,6879150,Terdaftar,1
288212572,UD. Umar Satya,Kesehatan,47207056,3114977,Terdaftar,1
288212573,UD. Tegar Kusumatmaja,Jasa,21703683,6232106,Terdaftar,1
288212574,UD. Poppy Jati,Perdagangan,21861647,5903402,Belum Terdaftar,0
288212575,UD. Galang Baskara,Jasa,2562782,1618368,Terdaftar,1
288212576,UD. Syana Cinta,Kesehatan,38832020,3309376,Terdaftar,1
288212577,UD. Nindy Wicaksana,Pendidikan,,9915742,Belum Terdaftar,0
288212578,UD. Hanafi Widhi,Perdagangan,11906652,1374370,Terdaftar,1
288212579,UD. Elen Widuri,Perdagangan,20082702,7069753,Terdaftar,1
288212580,UD. Cahya Bangun,Perdagangan,24239305,9798928,Belum Terdaftar,0
288212581,UD. Gema Terang,Kesehatan,46347232,4746605,Belum Terdaftar,0
288212582,UD. Gracia Sakti Celsi,Perdagangan,18867662,9622652,Terdaftar,1
288212583,UD. Yolanda Kalbu,Perdagangan,3147450,9135329,Belum Terdaftar,0
288212584,UD. Mika Cerah,Jasa,36552763,4768273,Belum Terdaftar,0
288212585,UD. Riyan Sukma,Jasa,30554210,5410023,Belum Terdaftar,0
288212586,UD. Dewi Sarwono Abel,Jasa,23327151,4859623,Belum Terdaftar,0
288212587,UD. Vito Adiwarna,Kesehatan,9247018,6723078,Terdaftar,1
288212588,UD. Erlangga Kusumah,Pendidikan,20735750,7348501,Terdaftar,1
288212589,UD. Tariq Nirwana,Kesehatan,5913328,7133958,Belum Terdaftar,0
288212590,UD. Iqra Harapan,Pendidikan,45465047,7407182,Belum Terdaftar,0
288212591,UD. Ovan Praja,Perdagangan,29129487,5938100,Belum Terdaftar,0
288212592,UD. Gracia Tirta,Jasa,43126916,9152692,Terdaftar,1
288212593,UD. Wira Jayabaya,Perdagangan,14222021,2076134,Belum Terdaftar,0
288212594,UD. Arman Mahkota,Jasa,42641857,4064755,Belum Terdaftar,0
288212595,UD. Fitri Segar,Pendidikan,12790200,1298012,Belum Terdaftar,0
288212596,UD. Khayla Utama,Perdagangan,18975810,8849581,Belum Terdaftar,0
288212597,UD. Fadli Kusumasari Anisa,Kesehatan,44700745,1902372,Terdaftar,1
288212598,UD. Febri Gatra Ismail,Jasa,20304983,6070237,Belum Terdaftar,0
288212599,UD. Zahira Wetan,Pendidikan,16810976,8066731,Belum Terdaftar,0
288212600,UD. Elyas Galuh,Jasa,15351869,1219389,Belum Terdaftar,0
288212601,UD. Melati Asa,Jasa,34261845,2787212,Belum Terdaftar,0
288212602,UD. Ayesha Jayawarsa Balqis,Pendidikan,8047996,8787650,Terdaftar,1
288212603,UD. Isna Putra,Kesehatan,14191647,7617618,Belum Terdaftar,0
288212604,UD. Dani Resmi,Kesehatan,46966557,812047,Terdaftar,1
288212605,UD. Eka Tejakencana Melati,Kesehatan,12241282,2642477,Terdaftar,1
288212606,UD. Utha Gandewa,Pendidikan,28587843,6901904,Terdaftar,1
288212607,UD. Rangga Kusumasari Vincent,Jasa,3167986,4973652,Terdaftar,1
288212608,UD. Obed Naraya,Kesehatan,27051366,9422101,Belum Terdaftar,0
288212609,UD. Ulil Dewangga,Pendidikan,42882654,4180702,Belum Terdaftar,0
288212610,UD. Fira Swargaloka,Perdagangan,17912584,9235453,Terdaftar,1
288212611,UD. Amir Sundawa,Kesehatan,36932189,4035289,Belum Terdaftar,0
288212612,UD. Pio Kencana,Perdagangan,6563636,6150291,Terdaftar,1
288212613,UD. Jasmin Harapan,Pendidikan,6583861,6509933,Belum Terdaftar,0
288212614,UD. Esa Wiraatmaja,Jasa,unknown,6389626,Belum Terdaftar,0
288212615,UD. Erni Satria,Kesehatan,3038259,1720052,Terdaftar,1
288212616,UD. Pasha Maheswara,Kesehatan,15847142,4783042,Belum Terdaftar,0
288212617,UD. Eka Kinarya Dito,Pendidikan,22779042,9749085,Terdaftar,1
288212618,UD. Sinta Baskara,Perdagangan,29593400,6302042,Belum Terdaftar,0
288212619,UD. Esa Nusa,Perdagangan,41791268,1516744,Terdaftar,1
288212620,UD. Amir Wacana,Jasa,31393507,,Terdaftar,1
288212621,UD. Sari Pelangi,Pendidikan,38595530,502382,Terdaftar,1
288212622,UD. Rian Wetan,Jasa,8254489,9720865,Terdaftar,1
288212623,UD. Inten Saputra,Kesehatan,3241368,2937250,Terdaftar,1
288212624,UD. Fanny Kulon Lina,Jasa,18222420,5607350,Terdaftar,1
288212625,UD. Celsi Manunggal,Jasa,10060848,8598536,Terdaftar,1
288212626,UD. Bambang Tirta,Pendidikan,22791105,2180034,Belum Terdaftar,0
288212627,UD. Arman Radhitya,Perdagangan,39651686,2409992,Terdaftar,1
288212628,UD. Wulan Gita,Jasa,30026720,501018,Belum Terdaftar,0
288212629,UD. Hesti Sangga,Perdagangan,41076008,7241435,Terdaftar,1
288212630,UD. Krisna Paseban,Perdagangan,27377246,2675624,Terdaftar,1
288212631,UD. Adinda Prana,Kesehatan,23689155,5101181,Belum Terdaftar,0
288212632,UD. Nadia Nusa,Jasa,29847938,2180305,Belum Terdaftar,0
288212633,UD. Grego Terang,Kesehatan,41673732,1440043,Belum Terdaftar,0
288212634,UD. Sekar Manggala,Kesehatan,8778768,4681520,Terdaftar,1
288212635,UD. Livia Wirajaya Isna,Kesehatan,21299760,1678138,Terdaftar,1
288212636,UD. Yolanda Mahkota,Pendidikan,24177792,5714093,Belum Terdaftar,0
288212637,UD. Tami Tri Fanny,Jasa,30374636,8774102,Terdaftar,1
288212638,UD. Wira Mega,Kesehatan,14434603,3174623,Terdaftar,1
288212639,UD. Lono Anggara,Perdagangan,5815446,2036215,Terdaftar,1
,UD. Sella Madya,Jasa,40876456,7251455,Terdaftar,1
288212641,UD. Nindy Gunawan,Kesehatan,20957748,4564839,Belum Terdaftar,0
288212642,UD. Zera Ayodya,Perdagangan,2080536,7563247,Belum Terdaftar,0
288212643,UD. Valen Lintang,Pendidikan,7813171,2777158,Terdaftar,1
288212644,UD. Jojo Ananta,Perdagangan,34282996,1971289,Belum Terdaftar,0
288212645,UD. Yola Gemilang,Kesehatan,24052190,1364785,Belum Terdaftar,0
288212646,UD. Harun Ranggalawe,Jasa,36968140,7447440,Terdaftar,1
288212647,UD. Putri Adyatma Naila,Perdagangan,34846144,8632789,Terdaftar,1
288212648,UD. Oki Utamajaya,Kesehatan,44569761,3128382,Terdaftar,1
288212649,UD. Jasmin Jayengpati,Pendidikan,38462172,7850591,Terdaftar,1
288212650,UD. Tomi Karang Vita,Perdagangan,7124348,1863753,Terdaftar,1
288212651,UD. Inten Cerah,Perdagangan,2669505,8926532,Terdaftar,1
288212652,UD. Gilang Baskara,Pendidikan,14893387,3070209,Belum Terdaftar,0
288212653,UD. Yolanda Senopati,Pendidikan,19040631,4126734,Belum Terdaftar,0
288212654,UD. Agus Sejahtera,Kesehatan,4995485,7863176,Terdaftar,1
288212655,UD. Uci Satya Sekar,Pendidikan,9863528,7692781,Terdaftar,1
288212656,UD. Riyan Agung Olla,Perdagangan,40707256,4186752,Belum Terdaftar,0
288212657,UD. Ciko Ilir,Perdagangan,6079450,9776274,Terdaftar,1
288212658,UD. Tariq Arya,Pendidikan,15178725,7206985,Terdaftar,1
288212659,UD. Inten Buana,Pendidikan,49799089,2966673,Terdaftar,1
288212660,UD. Wawan Adhi,Pendidikan,38627360,4079858,Terdaftar,1
288212661,UD. Livia Alam,Perdagangan,24621605,4039316,Belum Terdaftar,0
288212662,UD. Aldo Karya,Pendidikan,28722163,9990260,Terdaftar,1
288212663,UD. Kirana Gandewa,,14391183,1690451,Belum Terdaftar,0
288212664,UD. Febri Bersemi Yani,Jasa,26471991,6078035,Terdaftar,1
288212665,UD. Jordi Kencana,Jasa,45179615,9311742,Belum Terdaftar,0
288212666,UD. Naufal Bahagia,Perdagangan,40309783,8712359,Terdaftar,1
288212667,UD. Kevin Senja,Kesehatan,16337619,7512319,Terdaftar,1
288212668,UD. Pipit Suryaatmaja,Pendidikan,5042808,1055215,Belum Terdaftar,0
288212669,UD. Hilmi Purnama,Kesehatan,11734653,7989237,Belum Terdaftar,0
288212670,UD. Gadis Senopati,Pendidikan,12455450,4212652,Terdaftar,1
288212671,UD. Vito Damai,Jasa,42619029,5515733,Terdaftar,1
288212672,UD. Eni Tri Hasna,Jasa,22959167,6111903,Belum Terdaftar,0
288212673,UD. Berlian Kusumatmaja,Kesehatan,31612143,8838072,Belum Terdaftar,0
288212674,UD. Lukman Makmur,Jasa,41949970,1560553,Terdaftar,1
288212675,UD. Tomi Baskara,Jasa,39318726,686476,Terdaftar,1
unknown,UD. Qyla Resmi,Perdagangan,7703867,3360960,Terdaftar,1
288212677,UD. Prananda Kusumatmaja,Perdagangan,,567169,Terdaftar,1
288212678,UD. Ida Pelangi,Jasa,27521704,1470155,Terdaftar,1
288212679,UD. Halim Tirta,Pendidikan,20114838,1483683,Terdaftar,1
288212680,UD. Kiki Dwijaputra,Pendidikan,9218946,610955,Belum Terdaftar,0
288212681,UD. Salsa Haji,Pendidikan,3737313,7800249,Terdaftar,1
288212682,UD. Vincent Sulaksana,unknown,37373802,9435040,Terdaftar,1
288212683,UD. Viani Makmur,Perdagangan,3809364,6962473,Belum Terdaftar,0
288212684,UD. Karim Karang,Pendidikan,39426123,969912,Belum Terdaftar,0
288212685,UD. Aldo Kusuma,Pendidikan,35545326,6442742,Belum Terdaftar,0
288212686,UD. Tariq Bijaksana,Pendidikan,4933552,7496957,Terdaftar,1
288212687,UD. Elyas Jayengpati,Perdagangan,37937173,2495579,Terdaftar,1
288212688,UD. Yusuf Trisaktiatma Barokah,Perdagangan,43445110,5410882,Belum Terdaftar,0
288212689,UD. Vidi Sahaja,Pendidikan,3527680,2403850,Belum Terdaftar,0
288212690,UD. Grego Surapati,Kesehatan,8151427,6092277,unknown,0
288212691,UD. Jihan Sakti,Perdagangan,27476313,9365560,Terdaftar,1
288212692,UD. Yaniar Jaladara,Perdagangan,22630814,9589014,Terdaftar,1
288212693,UD. Najwa Merdeka,Perdagangan,19821478,1824685,Terdaftar,1
288212694,UD. Icha Jayaningrat,Pendidikan,43855268,6045298,Terdaftar,1
288212695,UD. Karim Gandewa,Jasa,30154151,2581276,Belum Terdaftar,0
288212696,UD. Haidar Sidarta,Perdagangan,4415200,6800070,Terdaftar,1
288212697,UD. Yola Galang Tama,Jasa,17304319,2494525,Belum Terdaftar,0
288212698,UD. Fadli Adiwangsa Karla,Kesehatan,4539419,2193316,Terdaftar,1
288212699,UD. Jasmine Mandala,Kesehatan,25326281,8464381,Terdaftar,1
288212700,UD. Jojo Asa,Pendidikan,25491949,6382310,Terdaftar,1
288212701,UD. Wesly Resmi,Jasa,9964606,7321309,Terdaftar,1
288212702,UD. Erlangga Mardika,Pendidikan,32662553,6171164,Terdaftar,1
288212703,UD. Gita Ilir Agus,Jasa,3941424,5022142,Terdaftar,1
288212704,UD. Ina Karya,Jasa,17310381,6851998,Belum Terdaftar,0
288212705,UD. Qanitah Wijaya,Pendidikan,10169970,2040380,Terdaftar,1
288212706,UD. Raka Nawasena,Perdagangan,10569057,1967442,Belum Terdaftar,0
288212707,UD. Pandu Lempung,Perdagangan,1261800,705516,Belum Terdaftar,0
288212708,UD. Rafif Kinarya,Pendidikan,42190873,4713999,Terdaftar,1
288212709,UD. Monica Ratu,Perdagangan,16484260,4753556,Belum Terdaftar,0
288212710,UD. Fikra Bintang,Jasa,30779422,6064494,Belum Terdaftar,0
288212711,UD. Juni Selaras,Pendidikan,14793262,1072594,Terdaftar,1
288212712,UD. Andi Brata,Jasa,2490346,9409636,Terdaftar,1
288212713,UD. Cipta Paseban,Pendidikan,39682651,1382701,Terdaftar,1
288212714,UD. Viani Bratadikara,Perdagangan,33183208,3826045,Belum Terdaftar,0
288212715,UD. Fitri Mandala Baim,Kesehatan,43755307,7249263,Belum Terdaftar,0
288212716,UD. Kevin Tengah Ilham,Perdagangan,30686736,7113335,Terdaftar,1
288212717,UD. Hesti Kusen,Perdagangan,30537657,9878359,Belum Terdaftar,0
288212718,UD. Ulya Trisudira,Perdagangan,9616523,4724404,Belum Terdaftar,0
288212719,UD. Bayu Kencana,Pendidikan,3492378,7359882,Terdaftar,1
288212720,UD. Rian Agastya Pipit,Jasa,27709312,9721021,Belum Terdaftar,0
288212721,UD. Zidanar Sentosa Qira,Kesehatan,2034215,4541460,Belum Terdaftar,0
288212722,UD. Silvi Sukarela,Kesehatan,19370784,unknown,Terdaftar,1
288212723,UD. Juni Jagadmaya Hanafi,Jasa,42379268,,Belum Terdaftar,0
288212724,UD. Hasna Trisakti,Kesehatan,40919204,5714593,Belum Terdaftar,0
288212725,UD. Qanita Cerah,Pendidikan,17106855,4622217,Terdaftar,1
288212726,UD. Cici Trisakti,Kesehatan,35458410,1723894,Belum Terdaftar,0
288212727,UD. Pasha Sudarsana,Jasa,35218715,8587741,Terdaftar,1
288212728,UD. Sani Harmoni,Perdagangan,43416377,9281341,Terdaftar,1
288212729,UD. Yessi Pramana,Jasa,25831959,4542906,Terdaftar,1
288212730,UD. Veronika Anggara,Pendidikan,46704915,801025,Terdaftar,1
288212731,UD. Iman Segar,Kesehatan,33266663,6289130,Terdaftar,1
288212732,UD. Ulya Ilir,Jasa,41388649,2140975,Terdaftar,1
288212733,UD. Yaniar Tunggul Novi,Kesehatan,28567059,3471667,Terdaftar,1
288212734,UD. Qori Gemilang,Perdagangan,29489110,1911913,Terdaftar,1
288212735,UD. Ilmi Madani Kevin,Kesehatan,,7980237,Belum Terdaftar,0
288212736,UD. Rangga Kayastha,Kesehatan,48452484,5869060,Belum Terdaftar,0
288212737,UD. Alya Sangga,Perdagangan,5020558,5806746,Terdaftar,1
288212738,UD. Jasmin Karya Winda,Kesehatan,17831085,8128523,Belum Terdaftar,0
288212739,UD. Via Bintang,Jasa,32940724,5336760,Belum Terdaftar,0
288212740,UD. Rizki Kusumasari Dina,Jasa,28232353,8525402,Terdaftar,1
288212741,UD. Naufal Adyatma Fadli,Kesehatan,3386169,5700597,Terdaftar,1
288212742,UD. Livia Mahkota,Perdagangan,21375014,3705776,Belum Terdaftar,0
288212743,UD. Melati Anggara,Jasa,20370874,4912633,Terdaftar,1
288212744,UD. Ayesha Paseban,Kesehatan,27001593,1344239,Belum Terdaftar,0
288212745,UD. Qory Wijaksana,Perdagangan,19220774,674473,Belum Terdaftar,0
288212746,UD. Esa Abdi,Jasa,18223159,1256764,Terdaftar,1
288212747,UD. Cinta Artha,Perdagangan,11962704,7566243,Belum Terdaftar,0
288212748,UD. Budi Indah,Perdagangan,39597443,5180989,Belum Terdaftar,0
288212749,UD. Binar Mayang,Pendidikan,12651805,4254937,Terdaftar,1
288212750,UD. Iman Kulon,Jasa,43452719,2221677,Belum Terdaftar,0
288212751,UD. Nibras Tri Owen,Kesehatan,35442189,7316919,Terdaftar,1
288212752,UD. Jay Pamungkas Okta,Kesehatan,4895225,5586458,Belum Terdaftar,0
288212753,UD. Anisa Wira,Pendidikan,40257498,8419185,Belum Terdaftar,0
288212754,UD. Alvino Sangkala,Kesehatan,44100353,8681272,Terdaftar,1
288212755,UD. Qyla Utama,Jasa,27201900,3948936,Belum Terdaftar,0
,UD. Fani Ceria,Perdagangan,12260967,4214779,Terdaftar,1
288212757,UD. Juli Cerah,Pendidikan,19391356,9524088,Belum Terdaftar,0
288212758,UD. Qanitah Wisesa,Pendidikan,14032439,7535897,Terdaftar,1
288212759,UD. Karla Swargaloka,Jasa,48477112,4262407,Belum Terdaftar,0
288212760,UD. Jay Dwijaputra,Jasa,39857000,5111966,Belum Terdaftar,0
288212761,UD. Qisya Paseban,Pendidikan,,8790726,Terdaftar,1
288212762,UD. Chika Jayeng,Pendidikan,14940311,5992940,Belum Terdaftar,0
288212763,UD. Gisel Hilir,Pendidikan,35059433,7898145,Belum Terdaftar,0
288212764,UD. Jihan Trisakti,Kesehatan,21642383,2064321,Belum Terdaftar,0
288212765,UD. Halim Swargaloka,Kesehatan,17083560,1198895,Belum Terdaftar,0
288212766,UD. Farhan Wijapranata,Perdagangan,42172923,9289167,Terdaftar,1
288212767,UD. Mira Tunggul,Kesehatan,31574768,1786065,Terdaftar,1
288212768,UD. Mega Jayabaya,Perdagangan,20662569,6320774,Belum Terdaftar,0
288212769,UD. Tiara Wirawati Rafi,Perdagangan,,7054832,Belum Terdaftar,0
288212770,UD. Lina Dewangga,Perdagangan,38489553,4087514,Belum Terdaftar,0
288212771,UD. Najwa Dharma Winda,Pendidikan,18568228,524214,Belum Terdaftar,0
288212772,UD. Intan Abadi,Kesehatan,41562436,2331435,Terdaftar,1
288212773,UD. Teguh Bersemi,Jasa,8058788,1363308,Terdaftar,1
288212774,UD. Panji Sarwono Salsa,Perdagangan,21718218,5536612,Belum Terdaftar,0
288212775,UD. Qamar Jati Gisel,Kesehatan,27044419,2029998,Belum Terdaftar,0
288212776,UD. Sella Wiyata,Kesehatan,6365883,608020,Belum Terdaftar,0
288212777,UD. Panji Harmoni,Pendidikan,38160818,8796767,Terdaftar,1
288212778,UD. Ismail Persada Fatiah,Jasa,32225648,6018550,Terdaftar,1
288212779,UD. Qomar Anugerah,Kesehatan,12883118,658465,Belum Terdaftar,0
288212780,UD. Zulfa Bima,Jasa,32515931,7996567,Belum Terdaftar,0
288212781,UD. Joko Prajurit,Kesehatan,48308022,9828388,Terdaftar,1
288212782,UD. Uti Manunggal,Pendidikan,17020697,9633095,Belum Terdaftar,0
288212783,UD. Elva Prajurit,Kesehatan,15733504,7501535,Belum Terdaftar,0
288212784,UD. Yudi Baruna,Kesehatan,43924462,5297478,Terdaftar,1
288212785,UD. Heri Abadi,Pendidikan,1746529,7717826,Terdaftar,1
288212786,UD. Yumna Wangi,Pendidikan,18786951,751432,Belum Terdaftar,0
288212787,UD. Oki Nirmala,Jasa,39076431,9009612,Terdaftar,1
288212788,UD. Chiko Ilir,Pendidikan,26924687,5149341,Belum Terdaftar,0
288212789,UD. Inten Nirbayu,Jasa,33904463,1774665,Terdaftar,1
288212790,UD. Qyla Sudharmo,Jasa,38010291,8131984,Belum Terdaftar,0
288212791,UD. Krisna Sahaja,Kesehatan,48782770,7186754,Terdaftar,1
288212792,UD. Jasmin Segar,Kesehatan,46493331,2208388,Belum Terdaftar,0
288212793,UD. Rafi Wiraatmaja,Perdagangan,48613069,9605669,Terdaftar,1
288212794,UD. Tiara Hilir,Kesehatan,47223993,6080211,Terdaftar,1
288212795,UD. Jasmine Widuri,Pendidikan,39500154,7809385,Belum Terdaftar,0
288212796,UD. Gani Kusumatmaja,Perdagangan,34688253,8715338,Terdaftar,1
288212797,UD. Desi Agastya,Perdagangan,41737497,5862070,Belum Terdaftar,0
288212798,UD. Ari Wiraatmaja,Perdagangan,27814913,4520339,Terdaftar,1
288212799,UD. Uchie Utama,Jasa,43391954,4416970,Terdaftar,1
288212800,UD. Qasya Tunggal Owen,Kesehatan,37478652,1128148,Belum Terdaftar,0
288212801,UD. Qory Cahyaningrat,Perdagangan,46536193,7114599,Belum Terdaftar,0
288212802,UD. Uci Segar Berlian,Perdagangan,19079217,1402728,Belum Terdaftar,0
288212803,UD. Zaki Galuh,Perdagangan,28905305,4202210,Terdaftar,1
288212804,UD. Andi Pelangi,Perdagangan,32959256,5657281,Terdaftar,1
288212805,UD. Yana Abdi,Jasa,27385682,5613498,Belum Terdaftar,0
288212806,UD. Cahya Ayodya,Jasa,16781243,7458576,Terdaftar,1
288212807,UD. Zainab Kayastha,Pendidikan,13402157,7582731,Belum Terdaftar,0
288212808,UD. Yusuf Lintang Ujang,Kesehatan,30553968,8573189,Belum Terdaftar,0
288212809,UD. Putra Persada,Pendidikan,45946674,2899014,Terdaftar,1
288212810,UD. Qasya Alam,Kesehatan,27518224,5370352,Belum Terdaftar,0
288212811,UD. Ari Mulyo,Pendidikan,33590365,3294568,Belum Terdaftar,0
288212812,UD. Celsi Setia,Kesehatan,34277899,7020927,Belum Terdaftar,0
288212813,UD. Yusuf Resaputra,Perdagangan,,1637643,Belum Terdaftar,0
288212814,UD. Habib Pagi,Pendidikan,43825812,8866925,Terdaftar,1
288212815,UD. Gani Galuh,Perdagangan,45397859,2381610,Belum Terdaftar,0
288212816,UD. Jihan Kelana,Pendidikan,49106151,7270738,Terdaftar,1
288212817,UD. Dora Jayengpati,Pendidikan,10229083,7484242,Belum Terdaftar,0
288212818,UD. Cakra Dharma,Perdagangan,29700768,4876111,Terdaftar,1
288212819,UD. Miko Maheswara,Kesehatan,15893741,9896175,Belum Terdaftar,0
288212820,UD. Bagir Anindita Abdi,Pendidikan,unknown,3215427,Terdaftar,1
288212821,UD. Cinta Gatra,Perdagangan,18208651,2417769,Terdaftar,1
288212822,UD. Icha Jayawarsa,Perdagangan,7236897,3311217,Belum Terdaftar,0
288212823,UD. Kirana Cahaya,Jasa,32451129,2469843,Belum Terdaftar,0
288212824,UD. Reza Saputra,Kesehatan,32925913,6881654,Terdaftar,1
288212825,UD. Abdi Atma,Pendidikan,27592581,2728092,Terdaftar,1
288212826,UD. Hanafi Tunggul,unknown,18241284,1787215,Terdaftar,1
288212827,UD. Isna Berkarya,Kesehatan,33249942,2779266,Belum Terdaftar,0
288212828,UD. Willy Hastinapura,Kesehatan,14505389,6355032,Terdaftar,1
288212829,UD. Nara Satriya,Perdagangan,36956255,9958336,Terdaftar,1
288212830,UD. Kanza Kusumasari,Kesehatan,21103353,4173893,Terdaftar,1
288212831,UD. Pardi Anindita,Perdagangan,9327500,3747130,Terdaftar,1
288212832,UD. Ony Praja,Kesehatan,17722814,9434905,Belum Terdaftar,0
288212833,UD. Taufan Harmoni,Pendidikan,23778088,8143943,Belum Terdaftar,0
288212834,UD. Umar Jati,Kesehatan,46478043,3083364,Terdaftar,1
288212835,UD. Salwa Prajurit,Pendidikan,12307872,3383662,Terdaftar,1
288212836,UD. Bulan Putri,Perdagangan,13232647,7662277,Terdaftar,1
288212837,UD. Ari Sulaksana,Kesehatan,22146831,1630044,Terdaftar,1
288212838,UD. Gracia Wangi,Kesehatan,26308022,3157872,Belum Terdaftar,0
288212839,UD. Koko Saputranegara Intan,Perdagangan,42693478,8313679,Terdaftar,1
288212840,UD. Cici Prajurit,Jasa,9640991,1744192,Terdaftar,1
288212841,UD. Galang Jatiwangi,Kesehatan,29471436,8860465,Terdaftar,1
288212842,UD. Syana Agung,Pendidikan,18595449,5455171,Belum Terdaftar,0
288212843,UD. Zahra Pusaka,Perdagangan,48186834,1058978,Terdaftar,1
288212844,UD. Gracia Tunggal,Kesehatan,29616906,6326402,Terdaftar,1
288212845,UD. Maudy Tunggul,Jasa,48809370,5822782,Belum Terdaftar,0
288212846,UD. Hasna Manik,Kesehatan,43746575,2022708,Terdaftar,1
288212847,UD. Eka Permai,Perdagangan,41452242,7104415,Belum Terdaftar,0
288212848,UD. Made Tunggul,Jasa,25336349,9431684,Terdaftar,1
288212849,UD. Ovan Karya,Jasa,45381494,8486465,Terdaftar,1
288212850,UD. Yolanda Harapan,Perdagangan,6446394,2483672,Belum Terdaftar,0
288212851,UD. Cahya Nirbayu,Perdagangan,40188329,6769696,Terdaftar,1
288212852,UD. Fikra Prabawa,Pendidikan,49797328,5358166,Terdaftar,1
288212853,UD. Vidi Swargaloka,Perdagangan,10937853,9583414,Belum Terdaftar,0
288212854,UD. Qisya Wibawa,Jasa,8953373,2269066,Belum Terdaftar,0
288212855,UD. Joko Baruna,Pendidikan,35480092,2256773,Belum Terdaftar,0
288212856,UD. Gisel Trijaya,Kesehatan,33434985,5196432,Terdaftar,1
288212857,UD. Pandu Bintang,Jasa,49206721,4772458,Terdaftar,1
,UD. Cici Sangkala,Perdagangan,21024303,6485254,Terdaftar,1
288212859,UD. Koko Tirtayasa,Kesehatan,10084994,5106767,Belum Terdaftar,0
288212860,UD. Tiara Tejakusuma,Kesehatan,23946816,8752819,Terdaftar,1
288212861,UD. Jibril Mandala,Kesehatan,1526468,7934596,Terdaftar,1
288212862,UD. Fanny Hastinapura,Kesehatan,34377632,7778470,Belum Terdaftar,0
288212863,UD. Cahya Pagi,Pendidikan,6282173,4749698,Belum Terdaftar,0
288212864,UD. Iman Ilir,Pendidikan,6032593,6818721,Terdaftar,1
288212865,UD. Grego Jati Kamil,Kesehatan,10868286,1045018,Belum Terdaftar,0
288212866,UD. Zera Kusumasari,Pendidikan,45482627,9691719,Belum Terdaftar,0
288212867,UD. Leni Satya,Perdagangan,1680808,7505192,Terdaftar,1
288212868,UD. Rafi Anggrek,Kesehatan,34579481,7263129,Belum Terdaftar,0
288212869,UD. Tomi Prajurit,Kesehatan,20852053,1444426,Belum Terdaftar,0
288212870,UD. Xenia Mandiri Qomar,Perdagangan,23973213,6760576,Terdaftar,1
288212871,UD. Harun Hilir Lukman,Pendidikan,17186969,3702610,Belum Terdaftar,0
288212872,UD. Putra Saputranegara Abel,Jasa,31419712,775156,Terdaftar,1
288212873,UD. Winda Wacana,Kesehatan,18098821,1377517,Terdaftar,1
288212874,UD. Qila Widjaja Gani,Perdagangan,34606366,1586001,Belum Terdaftar,0
288212875,UD. Esa Jatiwangi Chiko,Pendidikan,15243823,6248054,Terdaftar,1
288212876,UD. Pasha Jayeng Uci,Pendidikan,38053746,5529067,Belum Terdaftar,0
288212877,UD. Abel Tirta,Perdagangan,4853500,6313397,Belum Terdaftar,0
288212878,UD. Lea Sundawa,Jasa,13429670,1768315,Belum Terdaftar,0
288212879,UD. Juli Sangga,Pendidikan,42971925,7172986,Terdaftar,1
288212880,UD. Sani Santosa,Pendidikan,24950835,1901865,Terdaftar,1
288212881,UD. Wenny Tejakusuma,Jasa,20025406,3396925,Terdaftar,1
288212882,UD. Fatimah Galang,Kesehatan,46525030,2295540,Belum Terdaftar,0
288212883,UD. Mario Merdeka,Perdagangan,35990142,7473589,Belum Terdaftar,0
288212884,UD. Widi Wijaya,Jasa,19038198,5886952,Belum Terdaftar,0
288212885,UD. Hanafi Prawira,Pendidikan,27630414,1156872,Belum Terdaftar,0
288212886,UD. Qomar Jati,Jasa,26750601,7933871,Terdaftar,1
288212887,UD. Karla Sumringah Valen,Kesehatan,17621412,6226861,Belum Terdaftar,0
288212888,UD. Qayla Cempaka,Kesehatan,48776356,3316358,Belum Terdaftar,0
288212889,UD. Lutfi Mahkota,Perdagangan,4166909,6937418,Terdaftar,1
288212890,UD. Lintang Bima,Jasa,44061873,6137699,Belum Terdaftar,0
288212891,UD. Ari Atma,Jasa,42825603,1641502,Belum Terdaftar,0
288212892,UD. Gracia Satriya,Perdagangan,18800301,4085064,Belum Terdaftar,0
288212893,UD. Winda Sasmita,Kesehatan,45748712,4866422,Belum Terdaftar,0
288212894,UD. Bella Wisnu,Jasa,39444092,2344040,Terdaftar,1
288212895,UD. Ina Sangkala,Jasa,41609560,9731767,Belum Terdaftar,0
288212896,UD. Mila Prabawa,Jasa,17304368,6878570,Belum Terdaftar,0
288212897,UD. Umi Mahendra,Perdagangan,33403947,1523963,Terdaftar,1
288212898,UD. Rahmat Jatiwangi,Jasa,8844561,7052594,Belum Terdaftar,0
288212899,UD. Zera Adiwarna,Pendidikan,15496495,2504782,Belum Terdaftar,0
288212900,UD. Indah Putra,Kesehatan,6915639,2667709,Belum Terdaftar,0
288212901,UD. Erlangga Jayaningrat,Pendidikan,32682850,9190873,Belum Terdaftar,0
288212902,UD. Novi Sehat,Jasa,49158546,9193102,Terdaftar,1
288212903,UD. Lana Baskara,Kesehatan,30207785,2944461,Belum Terdaftar,0
288212904,UD. Clarissa Mandiri,Pendidikan,40132917,3693010,Belum Terdaftar,0
,UD. Ujang Suci,Perdagangan,33841140,7804034,Belum Terdaftar,0
,UD. Joko Manik Wahyu,Perdagangan,24128019,4837166,Terdaftar,1
288212907,UD. Wawan Trisakti,Kesehatan,47375078,3652277,Terdaftar,1
288212908,UD. Mega Jayengpati,Perdagangan,19272224,6653480,Terdaftar,1
288212909,UD. Diyan Saputranegara,Perdagangan,21485486,7240315,Terdaftar,1
288212910,UD. Odie Sulaksana Fikri,Pendidikan,1752256,6868092,Terdaftar,1
288212911,UD. Uci Yudhistira,Perdagangan,40148264,7294278,Belum Terdaftar,0
288212912,UD. Ujang Winata,Kesehatan,29732397,1313542,Terdaftar,1
288212913,UD. Indah Saprahan,Pendidikan,20919660,3405040,Belum Terdaftar,0
288212914,UD. Vega Setia,Kesehatan,6711890,unknown,Terdaftar,1
,UD. Poppy Arsana,Perdagangan,39560431,3273048,Belum Terdaftar,0
288212916,UD. Khayla Wisnu,Pendidikan,12212208,9227963,Belum Terdaftar,0
288212917,UD. Yani Sulaksana Yuli,Jasa,48724744,4551002,Terdaftar,1
288212918,UD. Jay Mayang,Pendidikan,18373965,4508365,Belum Terdaftar,0
288212919,UD. Asep Sudharmo,Kesehatan,30992002,5032670,,0
288212920,UD. Balqis Sahaja,Kesehatan,34814760,5293762,Belum Terdaftar,0
288212921,UD. Harun Satria,Pendidikan,46138244,5076098,Belum Terdaftar,0
288212922,UD. Jojo Puri,Perdagangan,19250454,9338237,Belum Terdaftar,0
288212923,UD. Vina Wicaksana Jojo,Kesehatan,25174597,5484020,Belum Terdaftar,0
288212924,UD. Gilang Mulyo,Kesehatan,38337171,4206425,Terdaftar,1
288212925,UD. Tari Nirmala,Pendidikan,19817212,4271180,Belum Terdaftar,0
288212926,UD. Intan Asmaralaya,Pendidikan,37360142,1818053,Terdaftar,1
288212927,UD. Gadis Cinta,Perdagangan,11995609,7544011,Terdaftar,1
288212928,UD. Pandu Ananta,Pendidikan,11683833,5957944,Belum Terdaftar,0
288212929,UD. Yola Ayodya,Kesehatan,7417391,5226158,Terdaftar,1
288212930,UD. Joko Kinarya,Kesehatan,38416243,1602758,Terdaftar,1
288212931,UD. Zulkarnaen Galuh,Jasa,37195174,9642319,Terdaftar,1
288212932,UD. Qomar Wiyata,Kesehatan,5783669,3942747,Belum Terdaftar,0
288212933,UD. Khalid Brata,Pendidikan,13252800,4504312,Belum Terdaftar,0
288212934,UD. Opik Purnama,Perdagangan,15437764,4454116,Terdaftar,1
288212935,UD. Qisha Pramana,Jasa,44053461,2776147,Terdaftar,1
288212936,UD. Budi Buana,Kesehatan,43205033,8497269,Terdaftar,1
288212937,UD. Ulil Sukma,Perdagangan,36243896,778040,Terdaftar,1
288212938,UD. Carissa Agastya,Perdagangan,18385460,686550,Belum Terdaftar,0
288212939,UD. Candra Taruna,Kesehatan,34806855,8132110,Terdaftar,1
288212940,UD. Yora Jatinagara,Jasa,18021449,4016479,Belum Terdaftar,0
288212941,UD. Farid Tejakencana,Pendidikan,28477741,7690848,Belum Terdaftar,0
288212942,UD. Fatiah Anggara,Jasa,20027645,5381923,Belum Terdaftar,0
288212943,UD. Diva Nirbayu,Pendidikan,11695086,7904447,Terdaftar,1
288212944,UD. Candra Darussalam,Kesehatan,48913295,855865,Belum Terdaftar,0
288212945,UD. Evan Kusen Yusuf,Pendidikan,28153719,6697859,Belum Terdaftar,0
288212946,UD. Hilmi Baruna,Pendidikan,26388827,8182978,Terdaftar,1
288212947,UD. Gerry Wening,Perdagangan,24068727,3453189,Belum Terdaftar,0
288212948,UD. Abdi Putri,Kesehatan,5323836,9940673,Belum Terdaftar,0
288212949,UD. Nazar Sahaja,Perdagangan,39564864,6435675,Terdaftar,1
288212950,UD. Qais Selaras,Jasa,29695550,1715029,Terdaftar,1
288212951,UD. Qiana Pusaka,Kesehatan,15784749,9550878,Terdaftar,1
288212952,UD. Damar Kalbu,Pendidikan,11987315,2855746,Terdaftar,1
288212953,UD. Elsa Sangkala Erni,Kesehatan,36149009,6492115,Terdaftar,1
288212954,UD. Elyas Saputrautama,Perdagangan,15630973,611045,Belum Terdaftar,0
288212955,UD. Pipit Ayodya Karla,Kesehatan,38842662,5109506,Terdaftar,1
288212956,UD. Yani Adyatma,Pendidikan,42529451,1299734,Terdaftar,1
288212957,UD. Fitri Bima,Jasa,8803049,8785838,Belum Terdaftar,0
288212958,UD. Dora Cahyaningrat,Pendidikan,3195630,2029817,Terdaftar,1
288212959,UD. Ojan Asa,Pendidikan,5809845,5417920,Belum Terdaftar,0
288212960,UD. Habib Brata Niken,Pendidikan,25235366,7867576,Belum Terdaftar,0
288212961,UD. Riko Asa,Pendidikan,44425572,3455896,Terdaftar,1
288212962,UD. Khayla Wacana,Pendidikan,23072002,511984,Belum Terdaftar,0
288212963,UD. Eka Arsana Elok,Pendidikan,32342108,5633075,Terdaftar,1
288212964,UD. Jasmine Sentosa,Pendidikan,6640963,8553047,Terdaftar,1
288212965,UD. Evan Madani,Perdagangan,17569994,2681750,Belum Terdaftar,0
288212966,UD. Zidan Ratu,Jasa,43361422,1184095,Terdaftar,1
288212967,UD. Ghani Sukarela,Kesehatan,46091406,2279356,Belum Terdaftar,0
288212968,UD. Wito Luhur Candra,Kesehatan,27397369,6475471,Belum Terdaftar,0
288212969,UD. Hendra Paseban,Jasa,30708959,6987929,Belum Terdaftar,0
288212970,UD. Jafar Cahyaningrat,Perdagangan,46103772,8031144,Terdaftar,1
288212971,UD. Juni Ratu,Perdagangan,40827568,9874279,Belum Terdaftar,0
288212972,UD. Lina Sulaksana,Kesehatan,43448682,5150352,Belum Terdaftar,0
288212973,UD. Yusuf Reswara,Jasa,30257957,1179950,Belum Terdaftar,0
288212974,UD. Dani Bijaksana,Pendidikan,49241190,7171841,Belum Terdaftar,0
288212975,UD. Satria Kayastha Anisa,Kesehatan,20466122,1625285,Terdaftar,1
288212976,UD. Jodi Binasena,Kesehatan,33418655,3839566,Belum Terdaftar,0
288212977,UD. Anisa Jayaningrat Elyas,Kesehatan,26175194,6442540,Belum Terdaftar,0
288212978,UD. Marsel Dharma,Kesehatan,45364055,3262739,Terdaftar,1
288212979,UD. Qomar Malam Qila,Jasa,26446180,1328717,Belum Terdaftar,0
288212980,UD. Qanitah Suryaputra,Jasa,29386079,2518083,Belum Terdaftar,0
288212981,UD. Livia Damai,Perdagangan,43781236,9549526,Terdaftar,1
288212982,UD. Damaris Madya,Perdagangan,11421376,9916214,Terdaftar,1
288212983,UD. Pandu Pancasila,Kesehatan,39758508,3513699,Belum Terdaftar,0
288212984,UD. Weni Maheswara,Jasa,7261431,4763851,Terdaftar,1
288212985,UD. Hendra Abdi,Perdagangan,35461393,9007524,Belum Terdaftar,0
288212986,UD. Ziva Jayeng,Jasa,14424284,1163965,Belum Terdaftar,0
288212987,UD. Viona Ceria Chintya,Kesehatan,28859128,3378568,Terdaftar,1
288212988,UD. Joko Pelangi,Pendidikan,6782110,6686223,Terdaftar,1
288212989,UD. Niken Bahari,Perdagangan,43845130,5046279,Belum Terdaftar,0
288212990,UD. Deni Praja,Jasa,47179925,3538737,Terdaftar,1
288212991,UD. Gani Satya,Pendidikan,25699404,8282205,Terdaftar,1
288212992,UD. Khayla Kusumatmaja Laras,Kesehatan,32534845,3073927,Terdaftar,1
288212993,UD. Oki Bangun,Pendidikan,4985739,6101391,Belum Terdaftar,0
288212994,UD. Hanaura Sarwono,Pendidikan,31852712,7066925,Terdaftar,1
288212995,UD. Dito Jaladara,Jasa,20206787,3172232,Belum Terdaftar,0
288212996,UD. Yayan Senja,Kesehatan,46659645,2608915,Belum Terdaftar,0
288212997,UD. Jaya Utama,Kesehatan,36935875,8284230,Belum Terdaftar,0
288212998,UD. Abel Bima,Perdagangan,47373173,1646084,Belum Terdaftar,0
288212999,UD. Jojo Merdeka,Jasa,48864896,1038513,Terdaftar,1
288213000,UD. Irma Sudarsana,Pendidikan,33513724,1360562,Terdaftar,1
288213001,UD. Vera Manik,Kesehatan,22651870,3221767,Terdaftar,1
288213002,UD. Marwan Baskara,Jasa,18353712,3393801,Belum Terdaftar,0
288213003,UD. Tari Wangi,Pendidikan,39636969,4297098,Terdaftar,1
288213004,UD. Elva Bintang,Perdagangan,17646577,5072162,Belum Terdaftar,0
288213005,UD. Qila Kamajaya,,11382614,3141655,Belum Terdaftar,0
288213006,UD. Zera Prima,Perdagangan,6534669,4611286,Belum Terdaftar,0
288213007,UD. Rosa Widhi,Perdagangan,27835152,6480486,Terdaftar,1
288213008,UD. Icha Resmi,Perdagangan,8554875,1592340,Terdaftar,1
288213009,UD. Nibras Mahkota,Perdagangan,21047263,7655251,Terdaftar,1
288213010,UD. Yumna Putra,Perdagangan,46808055,5321566,Belum Terdaftar,0
288213011,UD. Hasna Prana,Perdagangan,28639863,6207765,Terdaftar,1
288213012,UD. Clarissa Ranggalawe,Jasa,17006243,3173471,Terdaftar,1
288213013,UD. Clarissa Nirwasita,Kesehatan,45695841,643354,Terdaftar,1
288213014,UD. Yusuf Kencana,Jasa,42303534,1758871,Terdaftar,1
288213015,UD. Utha Tengah,Perusahaan,7627045,1278245,Terdaftar,1
288213016,UD. Nadia Sangkala,Perusahaan,26704104,3395561,Terdaftar,1
288213017,UD. Fanny Pramudita,Kesehatan,5411388,2040735,Terdaftar,1
288213018,UD. Anisa Jaladara,Kesehatan,16997737,2186649,Terdaftar,1
288213019,UD. Reza Wiyata,Jasa,9536897,3791307,Belum Terdaftar,0
288213020,UD. Zidan Nawasena,Perdagangan,20788285,4155075,Terdaftar,1
288213021,UD. Dito Sunardi,Perdagangan,38102757,591455,Belum Terdaftar,0
288213022,UD. Hesti Baskara,Perdagangan,34649011,6245910,Belum Terdaftar,0
288213023,UD. Yumna Manunggal,Pendidikan,2234955,7828687,Belum Terdaftar,0
288213024,UD. Pandu Kusumah,Kesehatan,11150875,753548,Belum Terdaftar,0
288213025,UD. Kanza Galuh,Jasa,22992887,6313440,Belum Terdaftar,0
288213026,UD. Halim Sulaksana,Jasa,26570695,4319392,Belum Terdaftar,0
288213027,UD. Marsel Prawira,Perdagangan,36413908,5972687,Terdaftar,1
288213028,UD. Verdi Wisnu Verdi,Perdagangan,18407398,7913588,Belum Terdaftar,0
288213029,UD. Fanny Pusaka,Pendidikan,9526767,6250010,Belum Terdaftar,0
288213030,UD. Kinan Saputra,Kesehatan,4255953,4011745,Terdaftar,1
288213031,UD. Ojan Darma,Jasa,40509615,1986593,Terdaftar,1
288213032,UD. Cahya Jaya,Kesehatan,21144702,2194528,Terdaftar,1
288213033,UD. Qiana Satria,Jasa,18641170,515344,Terdaftar,1
288213034,UD. Tono Galuh,Jasa,40967177,3189704,Belum Terdaftar,0
288213035,UD. Rangga Trisaktiatma,Perdagangan,1816008,2090113,Terdaftar,1
288213036,UD. Nadia Cerah,Jasa,49940886,4475670,Terdaftar,1
288213037,UD. Yola Sudarsana,Pendidikan,38864477,2672070,Belum Terdaftar,0
288213038,UD. Tono Nusa Lono,Kesehatan,11045494,9029354,Terdaftar,1
288213039,UD. Fatimah Panji Fikri,Perdagangan,44195868,7146375,Terdaftar,1
288213040,UD. Rangga Citra,Pendidikan,29106949,8041424,Terdaftar,1
288213041,UD. Fatimah Kelana Sani,Pendidikan,18503537,6312195,Terdaftar,1
288213042,UD. Nara Ilir,Jasa,42738172,6941103,Terdaftar,1
288213043,UD. Alma Ranggalawe,Jasa,39247842,7066370,Terdaftar,1
288213044,UD. Yoga Satria,Jasa,46079949,5506458,Belum Terdaftar,0
288213045,UD. Monica Wisnu,Pendidikan,28355332,5994899,Belum Terdaftar,0
288213046,UD. Icha Lintang,Perdagangan,43767661,5691701,Belum Terdaftar,0
288213047,UD. Koko Wibawa,Perusahaan,41268753,,Terdaftar,1
288213048,UD. Vita Brata,Kesehatan,21049885,5631872,Belum Terdaftar,0
288213049,UD. Pandu Manunggal,Perdagangan,28260001,4717904,Terdaftar,1
288213050,UD. Taufan Wisesa Ulfa,Jasa,10298789,6666012,Terdaftar,1
288213051,UD. Iqra Utama,Kesehatan,18702697,5274171,Terdaftar,1
288213052,UD. Rafif Bagaskara Andi,Perdagangan,2908660,unknown,Belum Terdaftar,0
288213053,UD. Hilmiyah Mandiri,Jasa,42801746,1385929,Belum Terdaftar,0
288213054,UD. Nindy Galuh,Pendidikan,39959413,4286715,Terdaftar,1
288213055,UD. Yusuf Lintang,Jasa,9184511,2733730,Belum Terdaftar,0
288213056,UD. Eren Suryaatmaja,Pendidikan,40649738,7890827,Terdaftar,1
288213057,UD. Hendra Jaya,Perdagangan,35777000,6639589,Terdaftar,1
288213058,UD. Opik Wijaksana,Jasa,42264528,1950180,Terdaftar,1
288213059,UD. Uli Radhitya Pasha,Jasa,22542526,6254110,Belum Terdaftar,0
288213060,UD. Wenda Panuluh,Jasa,5898412,1029174,Belum Terdaftar,0
288213061,UD. Yoga Galang,Pendidikan,13348251,1819503,Terdaftar,1
288213062,UD. Halim Tejakencana,Jasa,39262402,7530791,Terdaftar,1
288213063,UD. Bella Mulya,Perdagangan,3727904,5276301,Belum Terdaftar,0
288213064,UD. Anang Jatinagara,Jasa,10502714,1464234,Terdaftar,1
288213065,UD. Vito Asri,Perdagangan,41089338,4369767,Terdaftar,1
288213066,UD. Khalid Sejahtera,Jasa,34598263,5001566,Terdaftar,1
288213067,UD. Sinta Sukadarma Gracia,Perusahaan,36935610,4724162,Belum Terdaftar,0
288213068,UD. Wulan Taruna,Perdagangan,47319897,4271668,Terdaftar,1
288213069,UD. Asep Haji,Kesehatan,24413399,,Terdaftar,1
288213070,UD. Najwa Rejo,Perdagangan,39074009,2143409,Terdaftar,1
288213071,UD. Abel Swargaloka,Perdagangan,42274182,1032345,Belum Terdaftar,0
288213072,UD. Owen Praja Weni,Jasa,41509259,3916729,Belum Terdaftar,0
288213073,UD. Damar Naraya,Jasa,32669944,2621235,Belum Terdaftar,0
288213074,UD. Valen Sudharmo,Pendidikan,37054763,2098232,Terdaftar,1
288213075,UD. Eni Merdeka,Pendidikan,49611619,4132337,Terdaftar,1
288213076,UD. Daffa Sasmita,Kesehatan,6860368,7883503,Terdaftar,1
288213077,UD. Oki Manik Kiki,Pendidikan,38893086,911892,Terdaftar,1
288213078,UD. Nazar Kamajaya,Kesehatan,17361233,4082380,Belum Terdaftar,0
288213079,UD. Odie Panji,Pendidikan,5764255,4589869,Belum Terdaftar,0
288213080,UD. Jay Trisula,Pendidikan,4907905,7170726,Terdaftar,1
288213081,UD. Yaniar Sudarsana,Perdagangan,6173743,9530309,Terdaftar,1
288213082,UD. Wesly Kencana,Kesehatan,21314918,1762678,Belum Terdaftar,0
288213083,UD. Kiki Arya Laras,Perusahaan,37644237,4747800,Belum Terdaftar,0
288213084,UD. Jay Cerah,Perusahaan,42621363,3969392,Terdaftar,1
288213085,UD. Delia Harapan,Perdagangan,33466094,9504972,Belum Terdaftar,0
288213086,UD. Berlian Atma,Perdagangan,47967433,2903420,Belum Terdaftar,0
288213087,UD. Qanitah Sukadarma,Perdagangan,4089206,4474849,Terdaftar,1
288213088,UD. Miko Bratadikara,Jasa,38273819,3324657,Terdaftar,1
288213089,UD. Melati Wijapranata,Pendidikan,47617751,8149315,Belum Terdaftar,0
288213090,UD. Bagas Kusen,Pendidikan,44254517,3490775,Terdaftar,1
288213091,UD. Yuli Wiyata,Perdagangan,12122337,4714496,Terdaftar,1
288213092,UD. Hesti Pancasila,Jasa,21175536,1856350,Belum Terdaftar,0
288213093,UD. Zulfa Persada Yusuf,Kesehatan,32917374,4362913,Belum Terdaftar,0
288213094,UD. Vina Lintang,Jasa,25443656,2747310,Terdaftar,1
288213095,UD. Mila Adhi,Pendidikan,2540782,7677483,Terdaftar,1
288213096,UD. Qais Madusari,Kesehatan,8586524,3268771,Terdaftar,1
288213097,UD. Taufan Padi Bagir,Pendidikan,33800940,9889609,Belum Terdaftar,0
288213098,UD. Pipit Resaputra,Perdagangan,25037608,3030334,Terdaftar,1
288213099,UD. Jibril Wisesa,Perusahaan,19160547,984516,Terdaftar,1
288213100,UD. Nindy Madani,Perdagangan,3502280,5444813,Terdaftar,1
288213101,UD. Bulan Trisudira,Perdagangan,27616558,6537573,Belum Terdaftar,0
288213102,UD. Pandu Cendana,Kesehatan,6161610,4532810,Terdaftar,1
288213103,UD. Eddy Sangkala,Kesehatan,23331476,9136386,Terdaftar,1
288213104,UD. Vita Baswara,Kesehatan,19205644,2820273,Terdaftar,1
288213105,UD. Fanny Wacana,Perdagangan,7290288,2962513,Terdaftar,1
288213106,UD. Qasya Panji,Perdagangan,24672290,2173214,Belum Terdaftar,0
288213107,UD. Sella Siang,Jasa,16866172,6244780,Belum Terdaftar,0
288213108,UD. Hilmiyah Jayaningrat,Pendidikan,36329262,9286699,Belum Terdaftar,0
288213109,UD. Krisna Mandala Dewi,Pendidikan,15769092,8576550,Terdaftar,1
288213110,UD. Pasha Widjaja,Perusahaan,33379668,1432493,Belum Terdaftar,0
288213111,UD. Viera Jayaningrat,Perdagangan,48304963,8890344,Belum Terdaftar,0
288213112,UD. Vincent Tejakusuma,Perdagangan,33567008,2231846,Terdaftar,1
288213113,UD. Shinta Wicaksana,Perusahaan,32060579,7897926,Belum Terdaftar,0
288213114,UD. Nadia Mahkota,Perusahaan,48341113,3737559,Terdaftar,1
288213115,UD. Hesti Saputrautama,Perdagangan,14320576,8553138,Terdaftar,1
288213116,UD. Willy Bratadikara,Perdagangan,20795391,5672801,Terdaftar,1
288213117,UD. Wira Rejo Ujang,Perdagangan,30037771,3392595,Belum Terdaftar,0
288213118,UD. Qanita Haji,Jasa,14261690,2512155,Belum Terdaftar,0
288213119,UD. Halim Ratu,Pendidikan,39549108,6650583,Belum Terdaftar,0
288213120,UD. Zidan Anggrek,Pendidikan,29457019,9688237,Belum Terdaftar,0
288213121,UD. Uchie Sejahtera,Pendidikan,14566448,4296308,Terdaftar,1
288213122,UD. Pipit Adhi,Perdagangan,13494334,508797,Belum Terdaftar,0
288213123,UD. Dina Mahkota,Pendidikan,36807485,1120885,Terdaftar,1
288213124,UD. Miko Bintang,Jasa,29498849,3886332,Terdaftar,1
288213125,UD. Asep Abadi,Perdagangan,4501397,1324983,Terdaftar,1
288213126,UD. Irma Asa,Jasa,42476977,6546657,Belum Terdaftar,0
288213127,UD. Novi Madani Silvi,Kesehatan,26042504,758738,Terdaftar,1
288213128,UD. Fatiah Sangga,Perdagangan,5201343,6764445,Terdaftar,1
288213129,UD. Qanita Tunggul,Pendidikan,47096812,1695365,Terdaftar,1
288213130,UD. Farhan Galuh,Jasa,9370001,2070514,Terdaftar,1
288213131,UD. Gusti Wiraatmaja,Jasa,42474576,7851976,Terdaftar,1
288213132,UD. Miko Kencana,Pendidikan,29239974,7681456,Terdaftar,1
288213133,UD. Salsa Asmaralaya,Pendidikan,26042401,8518471,Terdaftar,1
288213134,UD. Agus Selaras,Pendidikan,14502351,3706984,Terdaftar,1
288213135,UD. Zulfa Wiraatmaja,Pendidikan,40358904,9468037,Belum Terdaftar,0
288213136,UD. Lando Hilir,Perdagangan,28337563,7028084,Belum Terdaftar,0
288213137,UD. Kiki Sahaja,Perdagangan,43621208,7367860,Belum Terdaftar,0
288213138,UD. Gusti Gita,Kesehatan,11393365,7228602,Belum Terdaftar,0
288213139,UD. Indah Bratadikara,Kesehatan,42991054,9614506,Belum Terdaftar,0
288213140,UD. Heri Nirwasita,Perusahaan,31084879,5009222,Terdaftar,1
288213141,UD. Bayu Harapan,Perusahaan,36997967,5564413,Terdaftar,1
288213142,UD. Galih Asa Taufik,Perusahaan,21859173,4418875,Terdaftar,1
288213143,UD. Oki Utama,Perdagangan,37194645,7334350,Belum Terdaftar,0
288213144,UD. Tomi Tejakencana,Perdagangan,37152991,6475427,Terdaftar,1
288213145,UD. Romi Citra,Perdagangan,8420503,2342449,Belum Terdaftar,0
288213146,UD. Sani Gemilang Opik,Pendidikan,28176808,9244443,Belum Terdaftar,0
288213147,UD. Anis Ilir,Kesehatan,47128433,6884220,Belum Terdaftar,0
288213148,UD. Syifa Warna,Jasa,29591574,4997315,Terdaftar,1
288213149,UD. Hilmiyah Panji Livia,Perdagangan,15589112,1372026,Terdaftar,1
288213150,UD. Yaniar Ilir,Perusahaan,29580901,4758036,Terdaftar,1
288213151,UD. Zara Abdi,Perusahaan,32721494,1222978,Belum Terdaftar,0
288213152,UD. Icha Ilir,Perusahaan,3278435,8477220,Terdaftar,1
288213153,UD. Omar Rejo,Perusahaan,39871473,7421843,Terdaftar,1
288213154,UD. Omar Suryaatmaja,Perusahaan,48147617,9723429,Belum Terdaftar,0
288213155,UD. Thariq Citra,Perdagangan,13336012,7725443,Belum Terdaftar,0
288213156,UD. Ony Madani,Perdagangan,5587360,8234916,Belum Terdaftar,0
288213157,UD. Lando Kusumatmaja,Perdagangan,3319976,6065675,Belum Terdaftar,0
288213158,UD. Dewi Sasmita,Kesehatan,23902777,9734342,Belum Terdaftar,0
288213159,UD. Elsa Mandala Muthia,Jasa,21092269,6170951,Terdaftar,1
288213160,UD. Elyas Wibawa,Jasa,45392052,3726860,Terdaftar,1
288213161,UD. Wira Brata Vita,Pendidikan,8137726,9070091,Belum Terdaftar,0
288213162,UD. Tania Darma Berlian,Perdagangan,23578899,5759337,Belum Terdaftar,0
288213163,UD. Gani Sunardi Riyan,Pendidikan,1835036,2181436,Belum Terdaftar,0
288213164,UD. Damaris Wiraatmaja,Perdagangan,46192142,2324187,Terdaftar,1
288213165,UD. Ujang Cerah,Perdagangan,11007421,3131923,Belum Terdaftar,0
288213166,UD. Marwan Winata,Perdagangan,4422517,8901441,Belum Terdaftar,0
288213167,UD. Desi Siang,Jasa,26882702,1216453,,0
288213168,UD. Pandu Abdi Bayu,Perdagangan,6821900,9209202,Terdaftar,1
288213169,UD. Verdi Tirta,Perdagangan,22925947,1692094,Terdaftar,1
288213170,UD. Sinta Anggrek,Perusahaan,1068237,9089186,Terdaftar,1
288213171,UD. Bayu Jatiwangi,Perusahaan,8596414,4196092,Terdaftar,1
288213172,UD. Rangga Terang Zidan,Perdagangan,13610107,2411739,Terdaftar,1
288213173,UD. Gita Prana,Perusahaan,14450555,925567,Belum Terdaftar,0
288213174,UD. Yumna Manggala,Jasa,17700949,6373453,Belum Terdaftar,0
288213175,UD. Joko Jayaningrat,Jasa,,6971408,Terdaftar,1
288213176,UD. Joko Mulyo,Pendidikan,13717982,9278360,Belum Terdaftar,0
288213177,UD. Chiko Jati,Perdagangan,45094326,5597666,Belum Terdaftar,0
288213178,UD. Cahya Winata,Kesehatan,15693344,1449478,Terdaftar,1
288213179,UD. Echa Jayaningrat,Pendidikan,23752357,8807333,Belum Terdaftar,0
288213180,UD. Kanza Gita,Perdagangan,23525655,1824162,Belum Terdaftar,0
288213181,UD. Indira Bangun,Pendidikan,44847061,4678938,Terdaftar,1
288213182,UD. Zidan Asri,Pendidikan,7964348,7271148,Terdaftar,1
288213183,UD. Andi Nirmala Fatiah,Perdagangan,14278678,3574074,Terdaftar,1
288213184,UD. Kurnia Mulyo,Pendidikan,7032321,4096417,Terdaftar,1
288213185,UD. Isna Sudharmo,Perdagangan,26550165,7710571,Belum Terdaftar,0
288213186,UD. Farid Ratu,Jasa,49830920,1658382,Terdaftar,1
288213187,UD. Owen Suci Nina,Perdagangan,47680067,765848,Terdaftar,1
288213188,UD. Riko Sudharmo Ida,Perusahaan,11879192,8757447,Belum Terdaftar,0
288213189,UD. Naila Anggrek,Jasa,45905678,1873515,Terdaftar,1
288213190,UD. Juli Sangkala,Perdagangan,42820631,6876854,Belum Terdaftar,0
288213191,UD. Agus Citra,Perusahaan,7340199,9445630,Belum Terdaftar,0
288213192,UD. Wito Tri,Perdagangan,18816838,9399081,Belum Terdaftar,0
288213193,UD. Chintya Ratu,Kesehatan,22401031,1837634,Terdaftar,1
288213194,UD. Kinan Mandiri,Perdagangan,17146074,9677733,Terdaftar,1
288213195,UD. Deni Asa,Kesehatan,23469986,5772285,Belum Terdaftar,0
288213196,UD. Evan Setia,Perdagangan,9805052,2483867,Belum Terdaftar,0
288213197,UD. Qisha Sidarta,Pendidikan,42490789,1535982,Terdaftar,1
288213198,UD. Omar Sahaja,Pendidikan,9600230,4070498,Terdaftar,1
288213199,UD. Fatiah Purnama,Jasa,45046077,9744753,Terdaftar,1
288213200,UD. Indah Cerah,Perdagangan,23841604,7688279,Terdaftar,1
288213201,UD. Bayu Lintang,Jasa,40063889,7033179,Belum Terdaftar,0
288213202,UD. Rendi Asri,Perdagangan,39752718,6530093,Belum Terdaftar,0
288213203,UD. Gerry Damai,Perdagangan,14934390,7958477,Belum Terdaftar,0
288213204,UD. Thariq Kencana,Perdagangan,34673112,1863829,Belum Terdaftar,0
288213205,UD. Fajar Adyatma Utami,Jasa,30502716,9203379,Belum Terdaftar,0
288213206,UD. Viona Wirajaya Celsi,Pendidikan,15547103,9679928,Terdaftar,1
288213207,UD. Wira Puri,Pendidikan,13329401,7740881,Terdaftar,1
288213208,UD. Rian Jaladara,Perdagangan,23465813,6273881,Terdaftar,1
288213209,UD. Zaki Adhi,Pendidikan,33275657,4801389,Belum Terdaftar,0
288213210,UD. Nando Nawasena,Kesehatan,48339964,1903300,Belum Terdaftar,0
288213211,UD. Desi Berkarya,Jasa,1939491,6552661,Belum Terdaftar,0
288213212,UD. Arman Nirbayu,Kesehatan,48462603,2058308,Belum Terdaftar,0
288213213,UD. Jaya Jayengpati,Perdagangan,2955517,9119337,Belum Terdaftar,0
288213214,UD. Isna Tengah,Kesehatan,11626062,3104041,Terdaftar,1
288213215,UD. Rian Reswara Sekar,Kesehatan,39984202,2352680,Terdaftar,1
288213216,UD. Ujang Kencana,Jasa,24694893,8240704,Belum Terdaftar,0
288213217,UD. Bagir Cerah,Pendidikan,49025047,598268,Belum Terdaftar,0
288213218,UD. Uci Radhitya,Pendidikan,20612030,8582938,Terdaftar,1
288213219,UD. Nazar Dharma,Jasa,32464845,3881567,Belum Terdaftar,0
288213220,UD. Uti Kalbu,Pendidikan,41625401,6194958,Belum Terdaftar,0
288213221,UD. Zera Persada,Kesehatan,19605095,1412935,Belum Terdaftar,0
288213222,UD. Kiki Wiratama,Jasa,26575661,5586169,Belum Terdaftar,0
288213223,UD. Dewi Arsana,Perdagangan,36803181,5060642,Terdaftar,1
288213224,UD. Marsya Saputrautama,Pendidikan,10175111,3975715,Terdaftar,1
288213225,UD. Nando Asri,Kesehatan,9074019,5279518,Terdaftar,1
288213226,UD. Dito Utama,Jasa,,5204150,Terdaftar,1
288213227,UD. Opik Hastinapura Rizki,Perdagangan,23130315,8447266,Terdaftar,1
288213228,UD. Prita Mardika Zidanar,Kesehatan,21849604,6857628,Belum Terdaftar,0
288213229,UD. Kurnia Praja,Jasa,10495116,1316376,Terdaftar,1
288213230,UD. Tomi Ranggalawe Fitri,Pendidikan,36245330,7750892,Belum Terdaftar,0
288213231,UD. Fadli Saputra,Kesehatan,49715413,3452338,Belum Terdaftar,0
288213232,UD. Monica Madya,Pendidikan,37417547,726597,Terdaftar,1
288213233,UD. Laila Bangun Karla,Perdagangan,15012703,8992535,Belum Terdaftar,0
288213234,UD. Indah Bima,Jasa,8486961,8046989,Terdaftar,1
288213235,UD. Uchie Cahaya Laras,Kesehatan,27549797,3088294,Terdaftar,1
288213236,UD. Nara Abadi,Pendidikan,13318928,9395943,Terdaftar,1
288213237,UD. Elyas Tengah,Pendidikan,35566105,7097220,Terdaftar,1
288213238,UD. Abdi Baswara,Jasa,20261949,1351571,Belum Terdaftar,0
288213239,UD. Alma Taruna Rafa,Jasa,45671823,8877035,Belum Terdaftar,0
288213240,UD. Mega Kawiswara,Kesehatan,21528173,958805,Terdaftar,1
288213241,UD. Cahya Lempung,Kesehatan,2879887,1922719,Belum Terdaftar,0
288213242,UD. Maudy Paningrat,Kesehatan,13654535,6255119,Belum Terdaftar,0
288213243,UD. Taufan Kalbu,Jasa,48216198,8156603,Belum Terdaftar,0
288213244,UD. Wahyu Manggala,Pendidikan,9009946,6443320,Belum Terdaftar,0
288213245,UD. Pandu Pusaka,Perdagangan,15293068,530554,Terdaftar,1
288213246,UD. Anisa Asri Suci,Pendidikan,38958882,5964782,Terdaftar,1
288213247,UD. Zidan Nirwana,Jasa,19750509,1744079,Terdaftar,1
288213248,UD. Ulil Dwijaputra,Jasa,45749712,4827803,Terdaftar,1
288213249,UD. Galih Lingga,Pendidikan,47182781,1254080,Belum Terdaftar,0
288213250,UD. Damar Sukarela,Kesehatan,21053448,9310987,Terdaftar,1
288213251,UD. Oniel Swargaloka,Pendidikan,35346953,8618441,Belum Terdaftar,0
288213252,UD. Winda Widjaja,Kesehatan,16851583,9929590,Terdaftar,1
288213253,UD. Jibril Hastinapura,Perdagangan,24945068,1506106,Terdaftar,1
288213254,UD. Nazar Pancasila,Jasa,3871420,7580165,Terdaftar,1
288213255,UD. Uli Abadi,Kesehatan,29769705,3842203,Terdaftar,1
288213256,UD. Vita Selaras,Perdagangan,31188406,797893,Belum Terdaftar,0
288213257,UD. Yora Yudhistira,Perdagangan,25240889,2682147,Terdaftar,1
288213258,UD. Tegar Agastya,Perdagangan,2263077,9925973,,0
288213259,UD. Jojo Sidarta,Pendidikan,11624052,3362908,Belum Terdaftar,0
288213260,UD. Harun Widhi,Pendidikan,46035661,,Terdaftar,1
288213261,UD. Tariq Ratu,Perdagangan,35324516,914968,Terdaftar,1
288213262,UD. Marsel Wira Riko,Kesehatan,5856332,3499916,Terdaftar,1
288213263,UD. Leni Kusumasari,Kesehatan,18513960,4068556,Belum Terdaftar,0
288213264,UD. Hana Anugerah,Perdagangan,35304819,9552945,Belum Terdaftar,0
288213265,UD. Diva Karang Veronika,Pendidikan,30444041,7001255,Terdaftar,1
288213266,UD. Tegar Bima Bayu,Kesehatan,21513683,4492604,Belum Terdaftar,0
288213267,UD. Fitri Gemilang,Kesehatan,43481874,3446534,Belum Terdaftar,0
288213268,UD. Vidi Galang,Pendidikan,24404732,5397589,Belum Terdaftar,0
288213269,UD. Widi Asri,Kesehatan,34904821,6059107,Terdaftar,1
288213270,UD. Zidan Selaras,Jasa,18489226,9129167,Belum Terdaftar,0
288213271,UD. Fanny Ranggalawe,Perdagangan,23736085,6386460,Belum Terdaftar,0
288213272,UD. Salsa Kusumajati,Kesehatan,14271543,7527004,Belum Terdaftar,0
288213273,UD. Mega Yudhistira,Kesehatan,15417060,2034131,Belum Terdaftar,0
288213274,UD. Yani Jayabaya Nibras,Kesehatan,34351362,8019086,Terdaftar,1
,UD. Mega Trisula,Jasa,43818640,8747168,Belum Terdaftar,0
288213276,UD. Damaris Cempaka,Pendidikan,37208879,6323892,Terdaftar,1
288213277,UD. Iqra Gatra,Pendidikan,17867323,1560024,Terdaftar,1
288213278,UD. Anisa Ranggalawe,Pendidikan,28110910,3012163,Belum Terdaftar,0
288213279,UD. Ulil Wijaya Zulkarnaen,Perdagangan,11695714,6150177,Terdaftar,1
288213280,UD. Mario Lempung,Perdagangan,21200359,4934619,Belum Terdaftar,0
288213281,UD. Putri Wira,Pendidikan,20716810,3406599,Belum Terdaftar,0
288213282,UD. Ovan Anindita,Jasa,35947222,1452521,Belum Terdaftar,0
288213283,UD. Juni Wijaya,Kesehatan,46618663,3294568,Terdaftar,1
288213284,UD. Wahyu Galuh Salsa,Jasa,2781004,5188092,Terdaftar,1
288213285,UD. Nayla Cahyaningrat Halimah,Kesehatan,30193263,2632599,Terdaftar,1
288213286,UD. Wira Anggrek,Jasa,19954801,9442395,Terdaftar,1
288213287,UD. Udin Langit,Kesehatan,5737487,8114172,Belum Terdaftar,0
288213288,UD. Pio Gandewa,Kesehatan,23094956,4888372,Terdaftar,1
288213289,UD. Bela Wijaya,,46684813,4239510,Belum Terdaftar,0
288213290,UD. Ari Mandala,Jasa,23611943,4070651,Terdaftar,1
288213291,UD. Yolanda Adyatma,Jasa,23722556,5145024,Belum Terdaftar,0
288213292,UD. Candra Segar,Pendidikan,43410337,2745103,Belum Terdaftar,0
288213293,UD. Gilangga Radhitya,Pendidikan,13672883,7810423,Belum Terdaftar,0
288213294,UD. Omar Kencana,Perdagangan,26875175,6261855,Belum Terdaftar,0
288213295,UD. Ilham Jaladara,Kesehatan,8773861,8005030,Terdaftar,1
288213296,UD. Miko Madusari,Jasa,5799052,9065229,Terdaftar,1
288213297,UD. Nindy Wisnu,Kesehatan,1223042,7733499,Terdaftar,1
288213298,UD. Yudi Suci,Kesehatan,38339844,6562340,Terdaftar,1
288213299,UD. Anisa Anindita,Jasa,25171322,6861965,Belum Terdaftar,0
288213300,UD. Lintang Asa,Pendidikan,31126927,6610220,Terdaftar,1
288213301,UD. Qisha Gandewa,Pendidikan,39351518,2785302,Belum Terdaftar,0
288213302,UD. Eni Damai Jay,Pendidikan,5253269,2072225,Terdaftar,1
288213303,UD. Jasmine Ratu Gisel,Pendidikan,46091652,4405014,Terdaftar,1
288213304,UD. Jasmine Paningrat,Jasa,6004482,7824243,Belum Terdaftar,0
288213305,UD. Jihan Cinta,Kesehatan,34418510,4104363,Belum Terdaftar,0
288213306,UD. Wulan Mardika,Jasa,17141978,7691201,Belum Terdaftar,0
288213307,UD. Omar Wetan,Kesehatan,44151948,9240500,Belum Terdaftar,0
288213308,UD. Reza Kayastha Harun,Perdagangan,7353917,4407259,Terdaftar,1
288213309,UD. Lana Ilir,Jasa,45848097,7166155,Terdaftar,1
288213310,UD. Mirna Suci,Perdagangan,10120913,812532,Belum Terdaftar,0
288213311,UD. Nando Sehat Odie,Kesehatan,45722185,8537327,Belum Terdaftar,0
288213312,UD. Febri Sasmita,Jasa,15384799,979029,Terdaftar,1
288213313,UD. Fadli Satria,,48120835,9810125,Belum Terdaftar,0
288213314,UD. Via Nawasena,Perdagangan,33160413,3299598,Belum Terdaftar,0
288213315,UD. Dora Gatra,Kesehatan,2774814,3727687,Belum Terdaftar,0
288213316,UD. Damar Brawijaya,Pendidikan,47476600,715191,Terdaftar,1
,UD. Icha Saputranegara,Pendidikan,20796653,3244633,Terdaftar,1
288213318,UD. Qamar Sunardi Bulan,Jasa,9189954,768062,Belum Terdaftar,0
288213319,UD. Guntur Darussalam,Kesehatan,28534142,7499546,Terdaftar,1
288213320,UD. Jaya Padi,Pendidikan,38445217,1438161,Belum Terdaftar,0
288213321,UD. Ciko Jagad,Jasa,36671501,2719091,Terdaftar,1
288213322,UD. Olla Tejakusuma Qanita,Kesehatan,25666422,3969330,Belum Terdaftar,0
288213323,UD. Alvino Utama,Pendidikan,14898758,874072,Belum Terdaftar,0
288213324,UD. Qanitah Gunawan,Jasa,8970510,7832111,Terdaftar,1
288213325,UD. Budi Cahaya,Perdagangan,49897810,1152597,Belum Terdaftar,0
288213326,UD. Ujang Trisula,Pendidikan,36322741,8619379,Terdaftar,1
288213327,UD. Qisha Mahkota,Jasa,43590639,6382693,Belum Terdaftar,0
288213328,UD. Qira Jayawarsa,Jasa,11323404,5794700,Terdaftar,1
288213329,UD. Prita Saputrautama Monica,Perdagangan,44169976,8487688,Belum Terdaftar,0
288213330,UD. Indah Taruna,Perdagangan,17068202,7433062,Belum Terdaftar,0
288213331,UD. Olivia Karya,Pendidikan,30431552,8896257,Terdaftar,1
288213332,UD. Candra Putra Evan,Pendidikan,23642967,8596142,Belum Terdaftar,0
288213333,UD. Tami Atma,Perdagangan,16200925,6895429,Belum Terdaftar,0
288213334,UD. Sari Wisesa,Pendidikan,32678141,7617952,Belum Terdaftar,0
288213335,UD. Elyas Saputrautama Irma,Jasa,21917146,5358485,Terdaftar,1
288213336,UD. Mario Indah,Kesehatan,18445698,6266148,Belum Terdaftar,0
288213337,UD. Eka Segar Qisya,Jasa,40220723,2790101,Terdaftar,1
288213338,UD. Ina Taruna,Jasa,43470004,5963636,Terdaftar,1
288213339,UD. Gusti Senopati,Kesehatan,40732943,9065052,Belum Terdaftar,0
288213340,UD. Zaki Segar,Kesehatan,37499459,9527149,Terdaftar,1
288213341,UD. Romi Asmaralaya,Jasa,30658540,7737520,Terdaftar,1
288213342,UD. Jibril Wibawa,Jasa,26633464,7666076,Belum Terdaftar,0
288213343,UD. Reza Darma,Jasa,8807871,8332858,Belum Terdaftar,0
288213344,UD. Prananda Anindita,Jasa,39090112,8410341,Belum Terdaftar,0
288213345,UD. Bella Pagi,Kesehatan,13239468,3268742,Terdaftar,1
288213346,UD. Haidar Widjaja Fahmi,Pendidikan,36186521,3460879,Belum Terdaftar,0
288213347,UD. Qila Tejakusuma,Kesehatan,33441190,1786936,Belum Terdaftar,0
288213348,UD. Lidya Sangga,Kesehatan,37653059,975482,Terdaftar,1
288213349,UD. Wito Manunggal,Pendidikan,19605984,7582924,Terdaftar,1
288213350,UD. Xenia Pramana,Kesehatan,47141873,unknown,,0
288213351,UD. Clarissa Sidarta,Pendidikan,36404932,6719103,Belum Terdaftar,0
288213352,UD. Ilmi Madya,Jasa,1911228,6934613,Terdaftar,1
288213353,UD. Melati Gemilang Mirna,Kesehatan,29932828,7415063,Belum Terdaftar,0
288213354,UD. Mega Utamaindah,Jasa,41612362,5131796,Terdaftar,1
288213355,UD. Harun Mahendra,Jasa,11800258,2627520,Belum Terdaftar,0
288213356,UD. Tari Santosa,Perdagangan,14547281,,Terdaftar,1
288213357,UD. Lina Ceria Zulkarnaen,Perdagangan,3985245,1354567,Belum Terdaftar,0
288213358,UD. Hesti Gunawan,Kesehatan,2136301,7987787,Terdaftar,1
288213359,UD. Laras Sari Anis,Perdagangan,15072925,6710487,Belum Terdaftar,0
288213360,UD. Rafif Persada Isna,Perdagangan,15762150,3873990,Terdaftar,1
288213361,UD. Zulkarnaen Prabawa,Perdagangan,35886735,3740844,Terdaftar,1
288213362,UD. Hanafi Galang Thariq,Kesehatan,44393902,7634179,Belum Terdaftar,0
288213363,UD. Zara Harapan,Pendidikan,45359233,1321334,Terdaftar,1
288213364,UD. Hanafi Kencana,Kesehatan,14155799,9926321,Terdaftar,1
288213365,UD. Zulfa Haji Nindy,Pendidikan,21555396,5972162,Belum Terdaftar,0
288213366,UD. Abel Puri,Jasa,31207651,6697805,Terdaftar,1
288213367,UD. Rosa Nirwana Sani,Pendidikan,14765890,8193501,Belum Terdaftar,0
288213368,UD. Damaris Purnama,Jasa,7606695,6433496,Belum Terdaftar,0
288213369,UD. Gisel Pancasila,Pendidikan,43674317,6565261,Terdaftar,1
288213370,UD. Rahmat Karya Elok,Perdagangan,12285925,3737717,Terdaftar,1
288213371,UD. Made Jagadmaya Tama,Jasa,16724522,7292859,Belum Terdaftar,0
288213372,UD. Celsi Pancasila,Jasa,16876068,3850659,Terdaftar,1
288213373,UD. Pipit Asa,Jasa,38123757,2176772,Terdaftar,1
288213374,UD. Yasir Utama,Perdagangan,26884855,8662215,Terdaftar,1
288213375,UD. Qori Jatinagara,Pendidikan,13504379,4908801,Belum Terdaftar,0
288213376,UD. Nina Abadi,Perdagangan,33360522,7797417,Terdaftar,1
288213377,UD. Vincent Karya,Pendidikan,22947142,7589013,Terdaftar,1
288213378,UD. Pandu Permai,Kesehatan,unknown,1088494,Terdaftar,1
288213379,UD. Lono Bratadikara,Jasa,15140056,506458,Terdaftar,1
288213380,UD. Naila Cahyaningrat,Pendidikan,48666161,4542521,Belum Terdaftar,0
288213381,UD. Farhan Senopati,Jasa,43021999,1711504,Belum Terdaftar,0
288213382,UD. Desi Tengah,Jasa,44616395,8702354,Terdaftar,1
288213383,UD. Wira Resaputra,Pendidikan,49298715,6150178,Belum Terdaftar,0
288213384,UD. Zahira Alam Ulfa,Kesehatan,48547662,1301612,Belum Terdaftar,0
288213385,UD. Riko Sangkala,Jasa,10411680,2592897,Terdaftar,1
288213386,UD. Utami Tunggal,Perdagangan,,6180878,Terdaftar,1
288213387,UD. Galih Langit,Pendidikan,1675592,6954288,Terdaftar,1
288213388,UD. Obed Ananta,Jasa,25580264,2927712,Belum Terdaftar,0
288213389,UD. Riyan Hastinapura,Pendidikan,35159186,5800091,Belum Terdaftar,0
288213390,UD. Marwan Sunardi,Jasa,18821645,9954390,Terdaftar,1
288213391,UD. Wesly Sumringah,Jasa,7920127,4177269,Belum Terdaftar,0
288213392,UD. Naila Malam Sari,Jasa,47772055,2464014,Terdaftar,1
288213393,UD. Khayla Mega,Jasa,2883720,3343240,Terdaftar,1
288213394,UD. Kurnia Trisakti,Jasa,41314836,839898,Belum Terdaftar,0
288213395,UD. Hasna Bagaskara,Jasa,10331748,4878141,Terdaftar,1
288213396,UD. Nadia Panembahan,Perdagangan,38891204,6430950,Terdaftar,1
288213397,UD. Riko Ratu,Perdagangan,29209336,1197663,Belum Terdaftar,0
288213398,UD. Viani Brawijaya,Kesehatan,43376339,2917089,Belum Terdaftar,0
288213399,UD. Bella Wijaya,Kesehatan,44574341,737217,Belum Terdaftar,0
288213400,UD. Mila Nirbayu,Perdagangan,46168509,8821974,Terdaftar,1
288213401,UD. Fatimah Galuh,Pendidikan,18952140,9209817,Belum Terdaftar,0
288213402,UD. Iqbal Anindita Qayla,Jasa,23758223,673311,Terdaftar,1
288213403,UD. Raka Jayengpati,Kesehatan,46353589,3179893,Terdaftar,1
288213404,UD. Widya Binasena,Perdagangan,11297002,5970080,Terdaftar,1
288213405,UD. Alya Kamajaya,Pendidikan,16552848,8379369,Belum Terdaftar,0
288213406,UD. Oki Mayang,Pendidikan,49244405,9078607,Terdaftar,1
288213407,UD. Uchie Kawiswara,Pendidikan,7315837,5410715,Terdaftar,1
288213408,UD. Bela Ranggalawe,Kesehatan,3362525,3074156,Belum Terdaftar,0
288213409,UD. Elva Terang Melati,Jasa,5619526,9917377,Belum Terdaftar,0
288213410,UD. Fajar Cahyaningrat,Pendidikan,23080184,8746945,Terdaftar,1
288213411,UD. Thariq Galang,Jasa,29451015,3919369,Terdaftar,1
288213412,UD. Salwa Jayaningrat,Jasa,12857471,1114775,Terdaftar,1
288213413,UD. Monica Raharja,Perdagangan,14298404,555883,Terdaftar,1
288213414,UD. Ayesha Kusuma,Pendidikan,15235247,671428,Terdaftar,1
288213415,UD. Widya Praja Wira,Pendidikan,27586624,9102256,Terdaftar,1
288213416,UD. Nando Anggara,Jasa,20342424,2294871,Terdaftar,1
288213417,UD. Bagas Alam,Perdagangan,1081337,3236053,Belum Terdaftar,0
288213418,UD. Carissa Madani,Kesehatan,10382747,8405230,Belum Terdaftar,0
288213419,UD. Eren Nusa,Pendidikan,6962454,1597612,Terdaftar,1
288213420,UD. Pipit Jayeng,Perdagangan,43329436,9426759,Terdaftar,1
288213421,UD. Via Jaya Fatimah,Jasa,12317653,5365801,Terdaftar,1
288213422,UD. Ilham Kayastha,Jasa,20314889,8404698,Terdaftar,1
288213423,UD. Olla Jayabaya,Kesehatan,36212688,2694318,Belum Terdaftar,0
288213424,UD. Budi Gandewa,Kesehatan,38515532,3524008,Terdaftar,1
288213425,UD. Qori Agung,Kesehatan,14910351,8818462,Terdaftar,1
288213426,UD. Wulan Baru,Perdagangan,48299450,2351465,Belum Terdaftar,0
288213427,UD. Rendi Kayastha Ulil,Jasa,16247730,9794602,Belum Terdaftar,0
288213428,UD. Lidya Terang,Pendidikan,21099311,657974,Terdaftar,1
288213429,UD. Jasmin Pamungkas Mario,Pendidikan,45898928,4293847,Terdaftar,1
288213430,UD. Tariq Dwijaputra,Perdagangan,25379086,4427033,Terdaftar,1
288213431,UD. Riyan Jati Zera,Jasa,45073766,4229045,Belum Terdaftar,0
288213432,UD. Valen Mega,Perdagangan,47872850,5944390,Terdaftar,1
288213433,UD. Qori Maju,Kesehatan,33686908,unknown,Belum Terdaftar,0
288213434,UD. Oki Ayodya,Jasa,32511647,6269860,Terdaftar,1
288213435,UD. Nazar Prajurit,Kesehatan,25393272,6039792,Terdaftar,1
288213436,UD. Qais Malam,Jasa,5535342,4104860,Belum Terdaftar,0
288213437,UD. Kirana Utama,Fashion,48336270,7403597,Belum Terdaftar,0
288213438,UD. Isna Prajurit,Jasa,36343519,2782430,Terdaftar,1
288213439,UD. Poppy Maju,Pendidikan,6975552,1816166,Belum Terdaftar,0
288213440,UD. Pasha Saputrautama,Kesehatan,6990094,4129263,Terdaftar,1
288213441,UD. Shinta Kencana,Jasa,34744930,3357835,Belum Terdaftar,0
288213442,UD. Zidan Mandala,Pendidikan,7095571,9193468,Terdaftar,1
288213443,UD. Jasmin Kalbu,Jasa,30889182,8879535,Belum Terdaftar,0
288213444,UD. Nazar Swargaloka,Jasa,3452371,5252486,Belum Terdaftar,0
288213445,UD. Lea Surapati,Pendidikan,41521518,2908344,Terdaftar,1
288213446,UD. Wulan Sentosa,Perdagangan,27126359,1786797,Terdaftar,1
288213447,UD. Zain Trisudira,Perdagangan,37071923,5851283,Belum Terdaftar,0
288213448,UD. Balqis Resaputra,Kesehatan,14163853,6340973,Terdaftar,1
288213449,UD. Nazar Haji,Perdagangan,41780280,9449794,Terdaftar,1
288213450,UD. Satria Utama,Kesehatan,6294840,6519687,Terdaftar,1
288213451,UD. Yaniar Widuri Qila,Perdagangan,,8550610,Belum Terdaftar,0
288213452,UD. Pardi Galang,Perdagangan,13929405,4391787,Belum Terdaftar,0
288213453,UD. Farhan Merdeka,Pendidikan,8227484,8323786,Terdaftar,1
288213454,UD. Raka Kelana,Perdagangan,8382216,2849012,Belum Terdaftar,0
288213455,UD. Nazar Kulon,Kesehatan,28642999,8214122,Terdaftar,1
288213456,UD. Jibril Utamaindah,Kesehatan,31055540,5933474,Terdaftar,1
288213457,UD. Sinta Praja,Kesehatan,31868412,6982376,Terdaftar,1
288213458,UD. Wira Padi,Pendidikan,24801345,3624330,Terdaftar,1
288213459,UD. Rendi Cempaka,Pendidikan,24094097,6302940,Belum Terdaftar,0
288213460,UD. Xenia Sumringah,Kesehatan,47121913,6956323,Terdaftar,1
288213461,UD. Fanny Selaras Gema,Jasa,46287780,3181049,Terdaftar,1
288213462,UD. Rendi Sanjaya,Pendidikan,49861175,5799034,Belum Terdaftar,0
288213463,UD. Odie Atma,Pendidikan,39573948,8972423,Belum Terdaftar,0
288213464,UD. Marwan Mahendra,Jasa,13905824,8682607,Belum Terdaftar,0
288213465,UD. Tasya Kulon Aldo,Perdagangan,37881443,5964349,Terdaftar,1
288213466,UD. Iman Bahagia Galih,Jasa,12601848,6565509,Belum Terdaftar,0
288213467,UD. Daffa Jayengprana,Perdagangan,45364247,5039808,Terdaftar,1
288213468,UD. Rendi Trisaktiatma,Pendidikan,19320216,683827,Belum Terdaftar,0
288213469,UD. Riko Kusen,Pendidikan,27208534,3725647,Belum Terdaftar,0
288213470,UD. Delia Dharma,Pendidikan,37867797,9828154,unknown,0
288213471,UD. Rafif Lempung Andi,Perdagangan,27718240,711939,Belum Terdaftar,0
288213472,UD. Nindy Bahagia,Jasa,3146990,8116280,Terdaftar,1
288213473,UD. Desi Ilir Jaya,Pendidikan,32242349,9652577,Terdaftar,1
288213474,UD. Dito Kusumasari,Perdagangan,20162585,9355533,Belum Terdaftar,0
288213475,UD. Elva Wangi Bayu,Perdagangan,26845333,7123461,Belum Terdaftar,0
288213476,UD. Satria Resmi Pasha,Jasa,6111234,1592822,Terdaftar,1
288213477,UD. Abdi Wijaksana,Jasa,21218976,4951059,Belum Terdaftar,0
288213478,UD. Gracia Damai,Kesehatan,18238474,9849732,Belum Terdaftar,0
288213479,UD. Aqila Wetan Fajar,Perdagangan,35708563,8151569,Terdaftar,1
288213480,UD. Lintang Jagad,Jasa,3256625,1302301,Terdaftar,1
288213481,UD. Qanitah Kusen,Pendidikan,43478719,3043407,Terdaftar,1
288213482,UD. Zulkarnaen Cahaya,Perdagangan,19416308,8380916,Terdaftar,1
288213483,UD. Winda Radhitya,Jasa,49406414,6823311,Terdaftar,1
288213484,UD. Elsa Setia,Kesehatan,22575128,4183530,Terdaftar,1
288213485,UD. Cahya Wiyata,Perdagangan,36964536,3452228,Belum Terdaftar,0
288213486,UD. Eka Darussalam,Pendidikan,16875344,6150051,Terdaftar,1
288213487,UD. Viera Pramudita,Kesehatan,4089301,3541724,Terdaftar,1
288213488,UD. Pardi Kawiswara,Jasa,27571169,5823078,Belum Terdaftar,0
288213489,UD. Ucup Jayeng Fatiah,Perusahaan,28683352,3505541,Belum Terdaftar,0
288213490,UD. Barokah Mulya,Perdagangan,48502861,,Belum Terdaftar,0
288213491,UD. Cipta Kusumasari,Kesehatan,34632561,4261098,Terdaftar,1
288213492,UD. Weni Galuh Cici,Pendidikan,7812701,769242,Belum Terdaftar,0
288213493,UD. Rosa Mega,Perdagangan,21266005,9143265,Terdaftar,1
288213494,UD. Yusuf Terang,Kesehatan,1933477,5926693,Belum Terdaftar,0
288213495,UD. Anisa Putri Vita,Perusahaan,6120071,6700354,Terdaftar,1
288213496,UD. Budi Mulyo,Kesehatan,17282879,1379854,Belum Terdaftar,0
288213497,UD. Owen Kusen,Kesehatan,30211110,7932780,Belum Terdaftar,0
288213498,UD. Gani Indah,Jasa,37502641,1328005,Belum Terdaftar,0
288213499,UD. Zidan Rejo,Perusahaan,22205531,8733537,Terdaftar,1
288213500,UD. Tasya Baru,Kesehatan,11595513,7429019,Terdaftar,1
288213501,UD. Isna Swargaloka Intan,Perusahaan,49740160,1561575,Terdaftar,1
288213502,UD. Rafif Pramudita,Pendidikan,37471546,1155009,Belum Terdaftar,0
288213503,UD. Valen Tunggul,Jasa,2569973,1155526,Belum Terdaftar,0
288213504,UD. Bella Warna,Perdagangan,42028490,9360630,Belum Terdaftar,0
288213505,UD. Livia Bangun,Jasa,32247503,4632011,Belum Terdaftar,0
288213506,UD. Tegar Jaya,Kesehatan,25466918,1843170,Belum Terdaftar,0
288213507,UD. Jodi Mandala,Fashion,5339917,7309844,Belum Terdaftar,0
288213508,UD. Marsya Wijaya Opik,Kesehatan,23696187,7853842,Belum Terdaftar,0
288213509,UD. Fadli Taruna,Kesehatan,8887296,6859343,Belum Terdaftar,0
288213510,UD. Gita Sakti,Perdagangan,39236331,3604017,Terdaftar,1
288213511,UD. Joko Kawiswara,Kesehatan,16560944,7269820,Belum Terdaftar,0
288213512,UD. Fadli Asa,Jasa,28794379,6535375,Belum Terdaftar,0
288213513,UD. Wira Siang,Pendidikan,49177488,7999403,Terdaftar,1
288213514,UD. Berlian Jayaningrat,Kesehatan,22839951,6190774,Terdaftar,1
288213515,UD. Viani Dewangga Kevin,Kesehatan,21761344,4775986,Terdaftar,1
288213516,UD. Jasmine Jatiwangi,Perdagangan,13782838,1129783,Terdaftar,1
288213517,UD. Binar Surya,Jasa,32726109,6008075,Terdaftar,1
288213518,UD. Suci Harapan,Jasa,35588794,9522763,Belum Terdaftar,0
288213519,UD. Fira Satriya Asep,Perdagangan,16788735,3946382,,0
288213520,UD. Anisa Dwijaputra,Kesehatan,6293988,2539357,Belum Terdaftar,0
288213521,UD. Binar Sudarsana,Perdagangan,13699492,708315,Belum Terdaftar,0
288213522,UD. Wira Bersemi,Pendidikan,12497047,7300255,Belum Terdaftar,0
288213523,UD. Panji Wiyata Adinda,Perdagangan,48848349,2688925,Belum Terdaftar,0
288213524,UD. Haidar Persada,Kesehatan,32730137,2941535,Belum Terdaftar,0
288213525,UD. Abel Mandala,Pendidikan,49943703,6268804,Terdaftar,1
288213526,UD. Jihan Alam,Jasa,45983134,3466195,Terdaftar,1
288213527,UD. Damaris Widjaja,Jasa,9923864,7674845,Belum Terdaftar,0
288213528,UD. Elen Yudhistira,Perusahaan,14684079,7989839,Terdaftar,1
288213529,UD. Opik Kawiswara,Perdagangan,3131030,3895423,Belum Terdaftar,0
288213530,UD. Fahmi Segar,Jasa,12087453,2565652,Belum Terdaftar,0
288213531,UD. Fadli Haji,Jasa,8676316,2449939,Terdaftar,1
288213532,UD. Zain Sangkala,Jasa,9673137,8678088,Terdaftar,1
288213533,UD. Vincent Panuluh,Pendidikan,46231529,6910972,Terdaftar,1
288213534,UD. Vino Asmaralaya,Jasa,4648193,5730388,Belum Terdaftar,0
288213535,UD. Baim Suryaatmaja Gisel,Pendidikan,45261710,3295607,Belum Terdaftar,0
288213536,UD. Iman Abdi,Pendidikan,17017404,1676637,Belum Terdaftar,0
288213537,UD. Leni Wetan,Jasa,43887175,4320070,Terdaftar,1
288213538,UD. Ilham Kamajaya,Kesehatan,35565671,5530481,Belum Terdaftar,0
288213539,UD. Odie Jayaningrat,Perdagangan,35969784,7950633,Terdaftar,1
288213540,UD. Jihan Wiratama,Pendidikan,30705972,3516686,Terdaftar,1
288213541,UD. Rosa Utamaindah,Pendidikan,41184404,5567831,Belum Terdaftar,0
288213542,UD. Baim Adiwangsa,Kesehatan,45433690,5123624,Terdaftar,1
288213543,UD. Livia Sarwono,Pendidikan,47229151,3074001,Belum Terdaftar,0
288213544,UD. Arman Asmaralaya,Jasa,7391247,2959594,Belum Terdaftar,0
288213545,UD. Lidya Panuluh,Kesehatan,40555995,6801145,Terdaftar,1
288213546,UD. Qira Kusumah,Jasa,15018427,4402480,Terdaftar,1
288213547,UD. Kiki Tri Elok,Kesehatan,19458742,1509698,Belum Terdaftar,0
288213548,UD. Lutfi Wiratama,Pendidikan,9083740,6084813,Belum Terdaftar,0
288213549,UD. Umar Nawasena,Jasa,22684978,6117346,Terdaftar,1
288213550,UD. Oki Asri,Perdagangan,3931875,568386,Belum Terdaftar,0
288213551,UD. Alif Paseban,Kesehatan,10709948,1784558,Belum Terdaftar,0
288213552,UD. Guntur Ayodya,,41007798,1487335,Belum Terdaftar,0
288213553,UD. Aqila Permai,Pendidikan,2327639,749823,Terdaftar,1
288213554,UD. Baim Alam,Jasa,40305556,3715649,Terdaftar,1
288213555,UD. Hanaura Senopati,Pendidikan,26649023,2678925,Terdaftar,1
288213556,UD. Qamar Radhitya,Pendidikan,44008903,7557282,Terdaftar,1
288213557,UD. Sani Adhi,Jasa,49553435,4784171,Belum Terdaftar,0
288213558,UD. Delia Mulyo,Kesehatan,28357009,7974037,Belum Terdaftar,0
288213559,UD. Pipit Ayodya,Perdagangan,47851538,9789906,Belum Terdaftar,0
288213560,UD. Zera Rejo,Kesehatan,30696146,6934536,Terdaftar,1
288213561,UD. Mega Baru,Kesehatan,16347365,2306955,Belum Terdaftar,0
288213562,UD. Rafa Arsana,Makanan & Minuman,32159577,2424282,Belum Terdaftar,0
288213563,UD. Grego Widjaja Yuli,Perdagangan,48189573,3973921,Terdaftar,1
288213564,UD. Abel Sanjaya,Perdagangan,35799341,5936161,Belum Terdaftar,0
288213565,UD. Melati Agung,Kesehatan,1843440,6042020,Belum Terdaftar,0
288213566,UD. Juli Pagi Oniel,Jasa,39291547,7875776,Terdaftar,1
288213567,UD. Naila Saprahan Candra,Jasa,16589279,851723,Terdaftar,1
288213568,UD. Tari Senopati,Perdagangan,37495777,6004441,Terdaftar,1
288213569,UD. Juni Panji Fadli,Kesehatan,45319916,7059373,Terdaftar,1
288213570,UD. Bambang Cempaka,Perdagangan,41210724,9486215,Belum Terdaftar,0
288213571,UD. Qyla Ranggalawe,Jasa,41245973,6337930,Terdaftar,1
288213572,UD. Vito Puri,Pendidikan,22264222,6748137,Terdaftar,1
288213573,UD. Pasha Raharja,Pendidikan,25801950,8249800,Belum Terdaftar,0
288213574,UD. Wulan Artha,Jasa,23386240,655278,Terdaftar,1
,UD. Via Mandiri,Kesehatan,49349287,8851043,Belum Terdaftar,0
288213576,UD. Fitri Jayengprana,Pendidikan,48694402,7210064,Belum Terdaftar,0
288213577,UD. Zara Satria,Jasa,23514601,4578686,Terdaftar,1
288213578,UD. Diva Sundawa,Pendidikan,17804996,8428823,Terdaftar,1
288213579,UD. Hilmi Harapan,Jasa,39058020,3052800,Terdaftar,1
288213580,UD. Halimah Trisula,Pendidikan,9361804,6352555,Terdaftar,1
288213581,UD. Wira Kusumajati Berlian,Jasa,22797916,6704206,Terdaftar,1
288213582,UD. Silvi Tirtayasa,Jasa,30680280,2235632,Terdaftar,1
288213583,UD. Kirana Arsana,Pendidikan,2835145,5738355,Belum Terdaftar,0
288213584,UD. Salsa Prima,Kesehatan,31286945,4625631,Terdaftar,1
288213585,UD. Vito Tunggal,Perdagangan,33689678,5504505,Terdaftar,1
288213586,UD. Barokah Senja,Pendidikan,29457885,3122378,Belum Terdaftar,0
288213587,UD. Dito Kulon,Jasa,23096076,7326404,Belum Terdaftar,0
288213588,UD. Laila Santosa,Jasa,16630052,2828755,Belum Terdaftar,0
288213589,UD. Via Langit,Perdagangan,49990394,8824349,Terdaftar,1
288213590,UD. Abel Segar,Perdagangan,37573424,7079195,Belum Terdaftar,0
288213591,UD. Zahra Dewangga,Perdagangan,49840132,5913249,Belum Terdaftar,0
288213592,UD. Uci Wening,Jasa,27656397,1567250,Belum Terdaftar,0
288213593,UD. Fauzan Nawasena,Jasa,28633865,2138319,Terdaftar,1
288213594,UD. Vincent Gita,Pendidikan,2473902,8165167,Belum Terdaftar,0
288213595,UD. Romi Pelangi Fani,Perdagangan,26343966,2699689,Terdaftar,1
288213596,UD. Zara Panembahan,Perdagangan,9154295,4481053,Belum Terdaftar,0
288213597,UD. Sekar Bratadikara,Pendidikan,23035772,8699374,Belum Terdaftar,0
288213598,UD. Omar Jayengpati,Kesehatan,20599108,5845115,Terdaftar,1
288213599,UD. Monica Terang,Jasa,8269125,8544801,Terdaftar,1
288213600,UD. Jihan Bahagia,Pendidikan,31267834,3776071,Terdaftar,1
288213601,UD. Wawan Baskara,Perdagangan,45522252,2519934,Belum Terdaftar,0
288213602,UD. Tama Galang,Pendidikan,25116064,1924024,Terdaftar,1
288213603,UD. Hanafi Kusumatmaja,Pendidikan,25928484,9385888,Terdaftar,1
288213604,UD. Yola Panuluh,Jasa,47768255,2014148,Belum Terdaftar,0
288213605,UD. Wito Mega,Jasa,31906006,5167752,Belum Terdaftar,0
288213606,UD. Rafa Mayang,Perdagangan,49545940,4416777,Terdaftar,1
288213607,UD. Muthia Kawiswara,Jasa,49193313,4051942,Belum Terdaftar,0
288213608,UD. Poppy Gita,Pendidikan,47741470,1218285,Belum Terdaftar,0
288213609,UD. Kanza Resmi,Pendidikan,27481694,4317841,Terdaftar,1
288213610,UD. Lando Sakti,Pendidikan,39824162,6610921,Belum Terdaftar,0
288213611,UD. Dewi Permai,Kesehatan,10975489,815565,Terdaftar,1
288213612,UD. Umar Trisakti Vito,Kesehatan,19619903,8061512,Terdaftar,1
288213613,UD. Wahyu Tirtayasa,,20815255,1745974,Belum Terdaftar,0
288213614,UD. Marsel Kulon,Jasa,42410942,590428,Belum Terdaftar,0
288213615,UD. Hasna Gita Teguh,Kesehatan,26241027,1543728,Belum Terdaftar,0
288213616,UD. Santi Sahaja,Jasa,35345369,9169916,Terdaftar,1
288213617,UD. Wira Jayengpati,Jasa,18311229,1171424,Terdaftar,1
288213618,UD. Zaki Sahaja Berlian,Kesehatan,39220781,9123618,Terdaftar,1
288213619,UD. Marsel Mandiri,Pendidikan,28240681,5873005,Terdaftar,1
288213620,UD. Tomi Arsana,Perdagangan,42286995,4675901,Belum Terdaftar,0
288213621,UD. Lana Trisaktiatma,Perdagangan,14469795,4234548,Terdaftar,1
288213622,UD. Lukman Wira,Perdagangan,24585944,3651597,Belum Terdaftar,0
288213623,UD. Mega Anindita,Pendidikan,13879206,9771867,Terdaftar,1
288213624,UD. Mira Tirtayasa,Pendidikan,13929353,1485714,Terdaftar,1
,UD. Hanafi Baru,Jasa,8698914,1862678,Belum Terdaftar,0
288213626,UD. Mario Maju Ilham,Pendidikan,46485247,552801,Belum Terdaftar,0
288213627,UD. Lono Widjaja Nisa,Kesehatan,2543236,9649337,Belum Terdaftar,0
288213628,UD. Gisel Sanjaya,Pendidikan,17164675,3398281,Belum Terdaftar,0
288213629,UD. Wulan Paningrat,Jasa,1951408,3130926,Terdaftar,1
288213630,UD. Lukman Surya,Perdagangan,45232083,9670518,Belum Terdaftar,0
288213631,UD. Ucup Terang,Kesehatan,29641661,5302622,Belum Terdaftar,0
288213632,UD. Qira Trisudira,Pendidikan,8257814,6597578,Belum Terdaftar,0
288213633,UD. Lukman Persada Winda,Pendidikan,17642436,2904346,Terdaftar,1
288213634,UD. Kirana Agung Marsya,Perdagangan,48363420,5945459,Terdaftar,1
288213635,UD. Ovan Tirtayasa,Pendidikan,48664875,9212265,Belum Terdaftar,0
288213636,UD. Fani Mahkota,Kesehatan,31949485,9769457,Terdaftar,1
288213637,UD. Andi Mulyo,Perdagangan,16352661,7401300,Terdaftar,1
288213638,UD. Mika Wibawa,Pendidikan,18360684,7176610,Terdaftar,1
288213639,UD. Eka Sunardi,Pendidikan,16962538,3312850,Belum Terdaftar,0
288213640,UD. Romi Trisudira,Pendidikan,5542197,9568044,Belum Terdaftar,0
288213641,UD. Zara Ananta,Perdagangan,37389227,4377814,Belum Terdaftar,0
288213642,UD. Damar Kinarya,Jasa,44823174,7604657,Belum Terdaftar,0
288213643,UD. Juli Satria,Perdagangan,43048040,2573629,Belum Terdaftar,0
288213644,UD. Hana Kawiswara,Perdagangan,25325945,5933383,Terdaftar,1
288213645,UD. Umar Anggara,Perdagangan,5502714,3329933,Belum Terdaftar,0
288213646,UD. Gracia Sukarela,Jasa,18314331,9727072,Belum Terdaftar,0
288213647,UD. Karim Madusari Uchie,Kesehatan,23899924,8390272,Terdaftar,1
288213648,UD. Ziva Praja,Perdagangan,11984242,6026539,Belum Terdaftar,0
288213649,UD. Halim Berkarya,Pendidikan,11509859,8261287,Belum Terdaftar,0
288213650,UD. Fira Abadi Krisna,Kesehatan,26853891,1566257,Terdaftar,1
288213651,UD. Vino Sunardi,Jasa,36256069,4750859,Terdaftar,1
288213652,UD. Lukman Wisnu,Jasa,17543442,4779872,Terdaftar,1
288213653,UD. Uli Dharma,Pendidikan,45721458,7637673,Belum Terdaftar,0
288213654,UD. Okta Jaladara,Kesehatan,13715897,2518340,Belum Terdaftar,0
288213655,UD. Nadia Satria,Pendidikan,33389172,4887100,Belum Terdaftar,0
288213656,UD. Elok Kencana,Perdagangan,4493514,7636941,Terdaftar,1
288213657,UD. Qayla Padi Binar,Kesehatan,17120497,3212279,Terdaftar,1
288213658,UD. Verdi Gita Chiko,Pendidikan,24316368,4980889,Belum Terdaftar,0
288213659,UD. Hanafi Hilir,Jasa,49454189,9387595,Belum Terdaftar,0
288213660,UD. Pasha Haji,Perdagangan,28015249,8346819,Belum Terdaftar,0
288213661,UD. Ucup Gunawan Lana,Pendidikan,6125293,1403758,Belum Terdaftar,0
288213662,UD. Harun Cendana,Jasa,24070540,5564607,Belum Terdaftar,0
288213663,UD. Damar Utama,Pendidikan,37120882,2067978,Terdaftar,1
288213664,UD. Oki Kelana,Jasa,3089982,1877811,Belum Terdaftar,0
288213665,UD. Qiana Reswara,Kesehatan,3893618,7932993,Terdaftar,1
288213666,UD. Ismail Reswara,Pendidikan,16207450,1376022,Terdaftar,1
288213667,UD. Veronika Senja,Kesehatan,16641136,7924273,Terdaftar,1
288213668,UD. Mila Jayengpati,Kesehatan,39345999,7263162,Belum Terdaftar,0
288213669,UD. Elva Dewangga,Perdagangan,2381681,6788094,Belum Terdaftar,0
288213670,UD. Wawan Trisudira,Jasa,6575566,7604411,Terdaftar,1
288213671,UD. Clarissa Kayastha Xenia,Pendidikan,38627317,8594862,Terdaftar,1
288213672,UD. Zera Agastya,Perdagangan,11578189,5282454,Belum Terdaftar,0
288213673,UD. Winda Kusumasari Qila,Kesehatan,19544078,6086488,Belum Terdaftar,0
288213674,UD. Galih Gandewa,Perdagangan,14945553,4053099,Belum Terdaftar,0
288213675,UD. Rian Resmi,Perdagangan,41807627,6190383,Belum Terdaftar,0
288213676,UD. Uti Maheswara,Jasa,22848857,9769131,Belum Terdaftar,0
288213677,UD. Nindy Asa Karla,Kesehatan,48158505,6409135,Belum Terdaftar,0
288213678,UD. Halimah Wijaksana,Jasa,38816565,949334,Belum Terdaftar,0
288213679,UD. Panji Atma,Perdagangan,3401809,7212110,Belum Terdaftar,0
288213680,UD. Wulan Cahaya,,11355189,6361448,Belum Terdaftar,0
288213681,UD. Ilmi Sulaksana,Kesehatan,11808429,9942402,Terdaftar,1
288213682,UD. Okta Nirbayu Winda,Perdagangan,36105536,7008938,Belum Terdaftar,0
288213683,UD. Carissa Manggala Guntur,Kesehatan,44870223,8287730,Terdaftar,1
288213684,UD. Pio Tunggul,Pendidikan,10399652,2267860,Terdaftar,1
288213685,UD. Nazar Agastya,Pendidikan,25565908,1551350,Belum Terdaftar,0
288213686,UD. Salsa Anggara,Kesehatan,27061767,7204149,Belum Terdaftar,0
288213687,UD. Qanitah Ilir Riko,Kesehatan,24062465,9529402,Terdaftar,1
288213688,UD. Febri Tri,Perdagangan,23497910,5965074,Belum Terdaftar,0
288213689,UD. Anang Pamungkas,Jasa,43773468,6205147,Belum Terdaftar,0
288213690,UD. Rahmat Agastya,Perdagangan,6171677,3554036,Belum Terdaftar,0
288213691,UD. Odie Mandala Qais,Kesehatan,22860226,4327148,Terdaftar,1
288213692,UD. Vega Tejakusuma,Jasa,45608775,4414980,Belum Terdaftar,0
288213693,UD. Fatiah Tengah,Jasa,16803643,7014208,Terdaftar,1
288213694,UD. Abel Gita,Perdagangan,29020241,7241384,Belum Terdaftar,0
288213695,UD. Maudy Darussalam Prita,Jasa,5597337,5080812,Terdaftar,1
288213696,UD. Alvino Ayodya,Pendidikan,49920007,2696761,Terdaftar,1
288213697,UD. Riyan Maju,Perdagangan,35811153,3773270,Terdaftar,1
288213698,UD. Clarissa Galuh,Perdagangan,48623191,5917326,Terdaftar,1
288213699,UD. Yusuf Baswara,Kesehatan,39882372,8872616,Terdaftar,1
288213700,UD. Harun Rejo,Kesehatan,6175705,8408302,Terdaftar,1
288213701,UD. Eren Kusumah Vito,Pendidikan,13664649,4873752,Belum Terdaftar,0
288213702,UD. Wulan Baswara,Perdagangan,1196618,2344536,Terdaftar,1
288213703,UD. Desta Cendana,Pendidikan,26583875,9335256,Belum Terdaftar,0
288213704,UD. Salsa Jayaningrat,Jasa,1715785,1679766,Belum Terdaftar,0
288213705,UD. Hana Wacana,Perdagangan,16201892,4792516,Terdaftar,1
288213706,UD. Joko Kayastha,Kesehatan,44490315,9827517,Terdaftar,1
288213707,UD. Pardi Gunawan,Pendidikan,8200388,972626,Terdaftar,1
288213708,UD. Tono Asmaralaya,Jasa,45305130,7193743,Belum Terdaftar,0
288213709,UD. Kamil Trisula,Jasa,14675610,5013875,Belum Terdaftar,0
288213710,UD. Chintya Persada,Perdagangan,46943263,8839893,Terdaftar,1
288213711,UD. Galih Reswara,Perdagangan,5268054,7871449,Terdaftar,1
288213712,UD. Putra Baruna Vera,Kesehatan,14413559,8634174,Belum Terdaftar,0
288213713,UD. Qanita Jayeng,Pendidikan,44829805,8964707,Belum Terdaftar,0
288213714,UD. Livia Surapati,Pendidikan,15941313,2126301,Belum Terdaftar,0
288213715,UD. Weni Sangga,Kesehatan,21898141,2258834,,0
288213716,UD. Inten Sulaksana,Kesehatan,41833024,9151730,Belum Terdaftar,0
288213717,UD. Fatiah Madya,Pendidikan,19742203,2343771,Terdaftar,1
288213718,UD. Ziva Bahagia,Perdagangan,46632291,3687108,Belum Terdaftar,0
288213719,UD. Tari Kusumatmaja,Kesehatan,45336189,8060448,Terdaftar,1
288213720,UD. Elsa Warna,Jasa,28965762,2891655,Terdaftar,1
288213721,UD. Marsya Wacana,Kesehatan,18033835,2229314,Belum Terdaftar,0
288213722,UD. Zidan Agastya,Jasa,,8121268,Belum Terdaftar,0
288213723,UD. Lono Sukarela,Pendidikan,31867879,9534006,Terdaftar,1
288213724,UD. Umar Kusumah Gadis,Kesehatan,3801397,7821571,Terdaftar,1
288213725,UD. Erlin Harapan,Pendidikan,10135407,5739038,Terdaftar,1
288213726,UD. Amir Nusa,Perdagangan,38887086,7701231,Belum Terdaftar,0
288213727,UD. Kinan Galang,Jasa,44366061,9601816,Terdaftar,1
288213728,UD. Arman Dwijaputra,Perdagangan,48573508,6043721,Terdaftar,1
288213729,UD. Qisya Gita,Jasa,13061080,9027261,Terdaftar,1
288213730,UD. Arman Praja,Kesehatan,22478181,3574219,Belum Terdaftar,0
288213731,UD. Bayu Wijaya,Kesehatan,42961141,4505862,Belum Terdaftar,0
288213732,UD. Oki Bahari Riyan,Jasa,8217628,1946118,Belum Terdaftar,0
288213733,UD. Ojan Santosa,Kesehatan,43760016,1399308,Belum Terdaftar,0
288213734,UD. Riko Mulya,Jasa,48253073,5563250,Belum Terdaftar,0
288213735,UD. Qamar Gatra,Perdagangan,38111243,2707753,Terdaftar,1
288213736,UD. Sekar Gandewa,Kesehatan,49714156,2381534,Belum Terdaftar,0
288213737,UD. Berlian Reswara,Jasa,37890736,9944247,Terdaftar,1
288213738,UD. Ida Adiwangsa,Pendidikan,28904166,5575322,Belum Terdaftar,0
288213739,UD. Gita Utama,Perdagangan,29149403,9599900,Belum Terdaftar,0
288213740,UD. Laras Sahaja Hilmi,Jasa,27525236,5797809,Belum Terdaftar,0
288213741,UD. Bela Dwijaputra,Jasa,41603923,9685781,Terdaftar,1
288213742,UD. Taufik Tengah,Perdagangan,25996327,4049030,Belum Terdaftar,0
288213743,UD. Yayan Jaya,Jasa,7125366,3076999,Belum Terdaftar,0
288213744,UD. Zain Tunggul,Pendidikan,28406272,8284487,Belum Terdaftar,0
288213745,UD. Budi Persada,Perdagangan,44454229,8474287,Belum Terdaftar,0
288213746,UD. Tiara Lempung Indah,Kesehatan,43129202,8902766,Belum Terdaftar,0
288213747,UD. Vita Adhi Naufal,Kesehatan,16855047,7393439,Terdaftar,1
288213748,UD. Vera Cendana,Kesehatan,5857995,3812999,Terdaftar,1
288213749,UD. Celsi Radhitya Owen,Kesehatan,34330362,4973541,Terdaftar,1
288213750,UD. Abel Ceria,Pendidikan,22746229,5231441,Belum Terdaftar,0
288213751,UD. Harun Prawira,Jasa,7553140,5593532,Belum Terdaftar,0
288213752,UD. Laila Senja,Jasa,14957207,9833689,Terdaftar,1
288213753,UD. Bayu Kinarya,Pendidikan,29146278,9821696,,0
288213754,UD. Ilham Madani,Kesehatan,42477467,5508132,Terdaftar,1
288213755,UD. Lando Nirbayu Ulfa,Pendidikan,23935691,6512665,Belum Terdaftar,0
288213756,UD. Jasmine Saputrautama,Perdagangan,35284773,6329799,Belum Terdaftar,0
288213757,UD. Budi Prabawa,Kesehatan,21595685,6976294,Belum Terdaftar,0
288213758,UD. Teguh Prajurit,Kesehatan,35808155,2225391,Belum Terdaftar,0
288213759,UD. Pio Indah,Kesehatan,1209864,5119812,Belum Terdaftar,0
288213760,UD. Uci Tunggul Yayan,Pendidikan,28867733,7402346,Terdaftar,1
288213761,UD. Jihan Mayang,Jasa,37792988,8899034,Terdaftar,1
288213762,UD. Juli Rejo,Jasa,14303678,7702353,Belum Terdaftar,0
288213763,UD. Ucup Cahaya,Kesehatan,49293244,3173526,Terdaftar,1
288213764,UD. Qila Dewangga,Kesehatan,22181428,6012671,Terdaftar,1
288213765,UD. Indah Binasena,Kesehatan,14277484,2240829,Terdaftar,1
288213766,UD. Budi Jatinagara,Perdagangan,20428745,2251443,Belum Terdaftar,0
288213767,UD. Naufal Bratadikara,Kesehatan,40151465,9209085,Belum Terdaftar,0
288213768,UD. Wahyu Nusa,Pendidikan,13425172,5420386,Terdaftar,1
288213769,UD. Wesly Dewangga,Perdagangan,15185091,3707740,Belum Terdaftar,0
288213770,UD. Yumna Permai Wawan,Perdagangan,48348503,7358027,Terdaftar,1
288213771,UD. Udin Saputra Wira,Jasa,4200084,4284782,Belum Terdaftar,0
288213772,UD. Qyla Abadi,Perdagangan,13539289,1651931,Terdaftar,1
288213773,UD. Chiko Buana,Jasa,32026103,908744,Terdaftar,1
288213774,UD. Olivia Utama,Pendidikan,14841223,3037255,Belum Terdaftar,0
288213775,UD. Mila Suci,Perdagangan,44019286,2903465,Terdaftar,1
288213776,UD. Khayla Baskara,Pendidikan,5187886,4970364,Terdaftar,1
288213777,UD. Utami Jatiwangi,Perdagangan,3177288,2643713,Belum Terdaftar,0
288213778,UD. Zara Kalbu Wulan,Perdagangan,16367192,5085442,Belum Terdaftar,0
288213779,UD. Uli Siang,Jasa,48999203,2869480,Belum Terdaftar,0
288213780,UD. Nisa Sentosa,Kesehatan,17734854,2518424,Belum Terdaftar,0
288213781,UD. Ismail Utama,Jasa,28988666,1432929,Belum Terdaftar,0
288213782,UD. Omar Prabawa,Kesehatan,43794938,3312953,Belum Terdaftar,0
288213783,UD. Wito Pramudita,Pendidikan,25693214,8482134,Belum Terdaftar,0
288213784,UD. Echa Satria,Pendidikan,33618301,2241448,Belum Terdaftar,0
288213785,UD. Erni Cahyaningrat,Pendidikan,48328418,8719671,Belum Terdaftar,0
288213786,UD. Rahmat Ranggalawe Hanaura,Jasa,10545557,8164403,Terdaftar,1
288213787,UD. Utami Haji,Jasa,49307646,1718621,Terdaftar,1
288213788,UD. Cakra Wijaya,Perdagangan,17764276,8052637,Belum Terdaftar,0
288213789,UD. Gracia Utamaindah,Jasa,33342642,1072749,Belum Terdaftar,0
288213790,UD. Prananda Selaras,Kesehatan,43820414,789843,Terdaftar,1
288213791,UD. Maudy Taruna,Kesehatan,16553745,3797578,Terdaftar,1
288213792,UD. Adinda Binasena,unknown,40569454,5632937,Belum Terdaftar,0
288213793,UD. Okta Dharma Novi,Pendidikan,30943054,807521,Belum Terdaftar,0
288213794,UD. Zara Asri,Jasa,42988215,5192294,Belum Terdaftar,0
288213795,UD. Yudi Panuluh,Pendidikan,1285913,3610848,Belum Terdaftar,0
288213796,UD. Fira Paseban Kinan,Perdagangan,5808684,3298180,Belum Terdaftar,0
288213797,UD. Jibril Utama,Pendidikan,12799338,2019630,Belum Terdaftar,0
288213798,UD. Jaya Kencana Karim,Kesehatan,18249240,2308714,Belum Terdaftar,0
288213799,UD. Jaya Pramudita,Kesehatan,2093304,4610931,Belum Terdaftar,0
288213800,UD. Lono Sunardi,Kesehatan,36494952,2437467,Belum Terdaftar,0
288213801,UD. Karla Trisudira,Kesehatan,43914866,894917,Terdaftar,1
288213802,UD. Ari Sanjaya,Perdagangan,4296828,7672563,Terdaftar,1
288213803,UD. Syana Pagi,Kesehatan,47957661,1077727,Belum Terdaftar,0
288213804,UD. Yumna Gandewa,Pendidikan,21152338,2058879,Belum Terdaftar,0
288213805,UD. Elsa Dewangga,Jasa,6955448,5250475,Terdaftar,1
288213806,UD. Joko Purnama,Pendidikan,13533268,4062041,Terdaftar,1
288213807,UD. Yudi Madusari,Jasa,7025807,3100968,Belum Terdaftar,0
288213808,UD. Vina Pancasila,Kesehatan,42103266,8393936,Belum Terdaftar,0
288213809,UD. Riko Ananta,Jasa,40733830,8776048,Belum Terdaftar,0
288213810,UD. Chintya Artha Zaki,Pendidikan,46775925,2848749,Terdaftar,1
288213811,UD. Monica Asri,Kesehatan,33664425,8436471,Belum Terdaftar,0
288213812,UD. Lutfi Tri,Pendidikan,28303762,5214088,Terdaftar,1
288213813,UD. Lana Mardika,Pendidikan,28724773,6192154,Terdaftar,1
288213814,UD. Qanitah Kencana,Perdagangan,32044264,2876108,Terdaftar,1
288213815,UD. Qisha Panji,Jasa,7516689,8097122,Belum Terdaftar,0
288213816,UD. Jaya Prima,Pendidikan,25050692,8405649,Belum Terdaftar,0
288213817,UD. Cici Mulya Via,Kesehatan,42168037,8151688,Belum Terdaftar,0
288213818,UD. Mika Tejakusuma Muthia,Pendidikan,19848849,4859697,Belum Terdaftar,0
288213819,UD. Uchie Sukadarma,Jasa,37500736,5832710,Belum Terdaftar,0
288213820,UD. Wira Utama,Jasa,17970314,2079185,Terdaftar,1
288213821,UD. Zainab Utama,Pendidikan,32091837,8860589,Terdaftar,1
288213822,UD. Karla Prawira,Jasa,39841935,1602473,Belum Terdaftar,0
288213823,UD. Qori Ilir,Kesehatan,41270169,9610274,Belum Terdaftar,0
288213824,UD. Owen Dwijaputra,,16010864,2990086,Terdaftar,1
288213825,UD. Kanza Panji,Pendidikan,33231907,5701784,Terdaftar,1
288213826,UD. Dito Wijaksana,Kesehatan,29458020,3883168,Terdaftar,1
288213827,UD. Vera Mandiri Fadli,Kesehatan,18741024,2198739,Belum Terdaftar,0
288213828,UD. Wulan Prajurit,Pendidikan,14300992,7419268,Terdaftar,1
288213829,UD. Obed Saputrautama,Jasa,10307428,3195711,Belum Terdaftar,0
288213830,UD. Kirana Sasmita,Pendidikan,37603154,8901816,Terdaftar,1
288213831,UD. Odie Maju,Pendidikan,44185662,6735557,Terdaftar,1
288213832,UD. Uli Utamaindah,Kesehatan,8343268,4279972,Terdaftar,1
288213833,UD. Tomi Sehat,Kesehatan,17380529,9009284,Belum Terdaftar,0
288213834,UD. Suci Ratu,Jasa,21181826,4915625,Terdaftar,1
288213835,UD. Zera Bangun,Kesehatan,45201690,6364628,Belum Terdaftar,0
288213836,UD. Opik Sangga,Pendidikan,34608648,8456178,Terdaftar,1
288213837,UD. Gilangga Saprahan,Pendidikan,34865811,9977537,Belum Terdaftar,0
288213838,UD. Yayan Panji,Kesehatan,33363801,9230527,Terdaftar,1
288213839,UD. Alya Pramana,Pendidikan,18246381,652202,Belum Terdaftar,0
288213840,UD. Deni Adiwangsa,Jasa,15392994,3650421,Terdaftar,1
288213841,UD. Tariq Saputra,Perdagangan,43361311,3291429,Belum Terdaftar,0
288213842,UD. Yudi Sejahtera,Makanan & Minuman,49733717,4316642,Belum Terdaftar,0
288213843,UD. Pardi Wisnu Hanaura,Jasa,12431053,2181465,Terdaftar,1
288213844,UD. Gani Yudhistira,Perdagangan,23598841,9369119,Terdaftar,1
288213845,UD. Ilmi Reswara,Jasa,2476368,1623195,Belum Terdaftar,0
288213846,UD. Farid Asmaralaya,Pendidikan,29661398,9426013,Terdaftar,1
288213847,UD. Fadli Terang,Kesehatan,32601210,704614,Belum Terdaftar,0
288213848,UD. Zaki Mulyo Rafif,Kesehatan,20255715,8039618,Terdaftar,1
288213849,UD. Echa Harapan,Kesehatan,10841240,8502730,Belum Terdaftar,0
288213850,UD. Miko Cinta,Perdagangan,15681553,3659556,Belum Terdaftar,0
288213851,UD. Taufan Paningrat,Jasa,32726394,8705439,Terdaftar,1
288213852,UD. Mika Baru Marsya,Jasa,28251535,8285517,Terdaftar,1
288213853,UD. Taufan Brawijaya,Kesehatan,30826649,1111106,Belum Terdaftar,0
288213854,UD. Rafi Anggrek Vidi,Pendidikan,3896139,8926753,Terdaftar,1
288213855,UD. Nina Bima,Jasa,33350985,561602,Belum Terdaftar,0
288213856,UD. Riyan Pelangi,Kesehatan,18050231,3548451,Belum Terdaftar,0
288213857,UD. Tomi Tunggul,Kesehatan,32558401,7683098,Belum Terdaftar,0
288213858,UD. Ojan Pusaka,Perdagangan,41630799,1423067,Terdaftar,1
288213859,UD. Nadia Suryaatmaja,Perdagangan,39661795,1029783,Belum Terdaftar,0
288213860,UD. Syana Gatra Yuli,Jasa,42607017,5154595,Terdaftar,1
288213861,UD. Sari Wetan,Pendidikan,39206128,1210341,Terdaftar,1
288213862,UD. Najwa Wiyata,Pendidikan,38664226,947747,Terdaftar,1
288213863,UD. Najwa Mulyo,Pendidikan,24537256,2919029,Terdaftar,1
288213864,UD. Umar Widjaja,Jasa,2977444,6771956,Belum Terdaftar,0
288213865,UD. Salwa Merdeka,Kesehatan,3387048,9718694,Terdaftar,1
288213866,UD. Wawan Segar,Jasa,29249836,1727695,Belum Terdaftar,0
288213867,UD. Fatiah Alam,Perdagangan,15368482,4271227,Belum Terdaftar,0
288213868,UD. Reza Bagaskara,Perdagangan,24910043,2724365,Belum Terdaftar,0
288213869,UD. Pipit Wiyata,Perdagangan,42726740,6203658,Belum Terdaftar,0
288213870,UD. Elen Cinta,Jasa,42001917,6680327,Terdaftar,1
288213871,UD. Nara Bagaskara,Kesehatan,22930603,6554732,Terdaftar,1
288213872,UD. Desi Kamajaya,Jasa,26573592,1289699,Terdaftar,1
288213873,UD. Icha Wijaksana Alma,Jasa,13959530,7267743,Belum Terdaftar,0
288213874,UD. Kanza Brata,Jasa,5504140,1958615,Belum Terdaftar,0
288213875,UD. Berlian Wijapranata,Jasa,15007175,6293048,Terdaftar,1
,UD. Galih Sukarela,Kesehatan,8669230,3747187,Belum Terdaftar,0
288213877,UD. Fajar Gita,Jasa,34197520,1203845,Belum Terdaftar,0
288213878,UD. Oki Suci,Perdagangan,26991756,2787778,Terdaftar,1
288213879,UD. Wahyu Ananta,Jasa,44677705,7562856,Terdaftar,1
288213880,UD. Livia Baru,Pendidikan,6570000,9273618,Terdaftar,1
288213881,UD. Uci Baru Mira,Kesehatan,15236161,2127741,Belum Terdaftar,0
288213882,UD. Bela Senopati,Kesehatan,23876718,1979050,Belum Terdaftar,0
288213883,UD. Hanafi Mulya,Perdagangan,7949978,4767086,Terdaftar,1
288213884,UD. Bagir Brawijaya,Jasa,33931410,655374,Terdaftar,1
288213885,UD. Zidan Maheswara,Jasa,19573585,8097845,Terdaftar,1
288213886,UD. Zainab Ranggalawe,Kesehatan,13444962,3489392,Terdaftar,1
288213887,UD. Bayu Madya,Perdagangan,6799288,2218190,Terdaftar,1
288213888,UD. Fitri Kencana Teguh,Jasa,4804221,8691243,Terdaftar,1
288213889,UD. Lea Tejakusuma,Pendidikan,39722072,9714194,Terdaftar,1
288213890,UD. Zidan Tunggul,Kesehatan,14800396,2561730,Belum Terdaftar,0
288213891,UD. Kevin Kusen,Kesehatan,39651498,9520664,Terdaftar,1
288213892,UD. Udin Jatiwangi,Perdagangan,23601884,1996223,Belum Terdaftar,0
288213893,UD. Cici Kelana,Kesehatan,43504050,4587191,Terdaftar,1
288213894,UD. Jaya Mandiri,Kesehatan,30385173,6661739,Terdaftar,1
288213895,UD. Tiara Setia,Pendidikan,47296655,6612162,Belum Terdaftar,0
288213896,UD. Berlian Nusa,Kesehatan,39533778,3228348,Belum Terdaftar,0
288213897,UD. Yolanda Trijaya,Pendidikan,39662859,1346736,Terdaftar,1
288213898,UD. Gilangga Utamajaya Iqbal,Pendidikan,11141556,9906619,Terdaftar,1
288213899,UD. Qory Sulaksana,Pendidikan,unknown,6050057,Terdaftar,1
288213900,UD. Jafar Sumringah,Jasa,9947405,957219,Belum Terdaftar,0
288213901,UD. Vega Widhi,Jasa,48001807,7599013,Terdaftar,1
288213902,UD. Pandu Satria,Jasa,2841906,5133751,Belum Terdaftar,0
288213903,UD. Indira Buana,Perdagangan,35833129,1694695,Belum Terdaftar,0
288213904,UD. Zera Panembahan,Jasa,14571783,9399574,Terdaftar,1
288213905,UD. Gilangga Ananta,Jasa,11272363,6404730,Terdaftar,1
288213906,UD. Pandu Jaya Fatiah,Jasa,33102168,4299678,Belum Terdaftar,0
288213907,UD. Zidanar Mayang Zara,Jasa,12943450,1175537,Terdaftar,1
288213908,UD. Pipit Suryaatmaja Fani,Kesehatan,35998716,6833236,Belum Terdaftar,0
288213909,UD. Cici Anggara,Pendidikan,11065417,9629173,Belum Terdaftar,0
288213910,UD. Fanny Wira,Kesehatan,49447014,4785303,Terdaftar,1
288213911,UD. Ayesha Lintang,Pendidikan,,1445923,Terdaftar,1
288213912,UD. Monica Resaputra,Jasa,23232433,2625029,Terdaftar,1
288213913,UD. Zidan Kusumatmaja,Perdagangan,16899276,4382667,Belum Terdaftar,0
288213914,UD. Gerry Satriya,Kesehatan,26405984,5994028,Belum Terdaftar,0
288213915,UD. Taufan Widhi,Perdagangan,37549569,4847013,Terdaftar,1
288213916,UD. Binar Pancasila,Jasa,30142420,7696871,Belum Terdaftar,0
288213917,UD. Tania Wicaksana,Perdagangan,14881048,6531267,Belum Terdaftar,0
288213918,UD. Eddy Utama,Pendidikan,23235691,6510019,Terdaftar,1
288213919,UD. Rian Sukma,Pendidikan,22602240,2529698,Terdaftar,1
288213920,UD. Yani Saprahan,Pendidikan,12881029,3154554,Terdaftar,1
288213921,UD. Vega Jati,Perdagangan,18488803,999933,,0
288213922,UD. Zidan Kusen,Jasa,22053885,3053895,Belum Terdaftar,0
288213923,UD. Naufal Haji,Jasa,38129968,9327301,Belum Terdaftar,0
288213924,UD. Yudi Jati,Kesehatan,5482217,1910003,Terdaftar,1
288213925,UD. Pardi Anggara,Jasa,12094980,5616093,Belum Terdaftar,0
288213926,UD. Kirana Putri,Pendidikan,39616499,7733487,Belum Terdaftar,0
288213927,UD. Adinda Trisaktiatma,Jasa,38342080,5195249,Belum Terdaftar,0
288213928,UD. Cahya Indah,Pendidikan,37874653,5823368,Belum Terdaftar,0
288213929,UD. Teguh Sanjaya,Kesehatan,17897152,7261054,Belum Terdaftar,0
288213930,UD. Ayesha Utama,Kesehatan,33281307,5254813,Belum Terdaftar,0
288213931,UD. Krisna Sukarela,Perdagangan,8166878,5496589,Terdaftar,1
288213932,UD. Rahmat Satria,Kesehatan,20606205,2369806,Terdaftar,1
288213933,UD. Hilmi Prima,Perdagangan,49939094,3461945,Belum Terdaftar,0
288213934,UD. Yusuf Asmaralaya,Perdagangan,34471110,6010116,Terdaftar,1
288213935,UD. Syifa Kusumasari,Jasa,47431635,4046336,Terdaftar,1
288213936,UD. Wulan Baskara,Pendidikan,41958035,3302442,Belum Terdaftar,0
288213937,UD. Priska Nirwasita,Pendidikan,2222046,9329034,Terdaftar,1
288213938,UD. Sari Karya,Kesehatan,5354824,3985601,Terdaftar,1
288213939,UD. Prita Swargaloka,Jasa,36965194,3433958,Belum Terdaftar,0
288213940,UD. Taufik Warna,Perdagangan,23238213,2793094,Terdaftar,1
288213941,UD. Qyla Utamaindah,Pendidikan,18447994,5115425,Terdaftar,1
288213942,UD. Chiko Sehat,Pendidikan,17225152,3044703,Belum Terdaftar,0
288213943,UD. Yayan Naraya,Jasa,26976875,3276815,Belum Terdaftar,0
288213944,UD. Kinan Terang,Perdagangan,41850592,4010658,Terdaftar,1
288213945,UD. Pasha Wiraatmaja,Kesehatan,36160386,6097566,Belum Terdaftar,0
288213946,UD. Hendra Tirtayasa,Kesehatan,2446124,7711108,Terdaftar,1
288213947,UD. Nindy Baswara Sekar,Kesehatan,27212964,5849852,Belum Terdaftar,0
,UD. Oniel Jayeng,Perdagangan,47314152,2076610,Terdaftar,1
288213949,UD. Udin Suryaputra Hasna,Perdagangan,6006607,7068569,Belum Terdaftar,0
288213950,UD. Zain Saputranegara Irma,Perdagangan,49494654,2130436,Terdaftar,1
288213951,UD. Jodi Reswara,Jasa,36988706,3304277,Terdaftar,1
288213952,UD. Zara Selaras,Perdagangan,7721881,1546203,Belum Terdaftar,0
288213953,UD. Melati Madya,Perdagangan,19309859,1531660,Belum Terdaftar,0
288213954,UD. Riko Panji,Perdagangan,34855316,1736253,Belum Terdaftar,0
288213955,UD. Chintya Dewangga,Perdagangan,5384739,5999265,Belum Terdaftar,0
288213956,UD. Baim Jayengpati,Jasa,21407250,7187183,Terdaftar,1
288213957,UD. Marwan Wicaksana,Perdagangan,40507208,6646764,Terdaftar,1
,UD. Febri Trisakti,Kesehatan,40584154,1610221,Terdaftar,1
288213959,UD. Willy Damai,Perdagangan,40111822,3105453,Terdaftar,1
288213960,UD. Yani Sarwono,Jasa,27569951,1644586,Belum Terdaftar,0
288213961,UD. Zulkarnaen Saputranegara,Pendidikan,8861148,7049769,Belum Terdaftar,0
288213962,UD. Berlian Senopati,Perdagangan,18245960,3626277,Belum Terdaftar,0
288213963,UD. Hilmiyah Lempung,Perdagangan,2033003,2875568,Belum Terdaftar,0
288213964,UD. Lukman Artha,Kesehatan,8354468,3689306,Terdaftar,1
288213965,UD. Jasmine Bintang,Pendidikan,41843472,1776718,Terdaftar,1
288213966,UD. Delia Adiwarna,Jasa,17228592,2966935,Terdaftar,1
288213967,UD. Vera Suci,Kesehatan,37257211,2980899,Belum Terdaftar,0
288213968,UD. Mila Surya,Perdagangan,45926285,5595961,Belum Terdaftar,0
288213969,UD. Opik Wirawati,Pendidikan,2098418,9878335,Belum Terdaftar,0
288213970,UD. Krisna Sumirat,Jasa,13893735,2483882,Terdaftar,1
288213971,UD. Willy Wirajaya,Perdagangan,23860533,7203989,Terdaftar,1
288213972,UD. Gita Trisakti,Pendidikan,43564670,7544915,Terdaftar,1
288213973,UD. Iqbal Mahkota,Perdagangan,41982149,3612092,Belum Terdaftar,0
288213974,UD. Ayesha Cahyaningrat Livia,Jasa,38381157,7185930,Belum Terdaftar,0
288213975,UD. Ulfa Mulya,Pendidikan,23660357,6803171,Belum Terdaftar,0
288213976,UD. Salsa Hilir,Pendidikan,23642802,5841151,Belum Terdaftar,0
288213977,UD. Wenny Yudhistira,Makanan & Minuman,9933685,5090640,Belum Terdaftar,0
288213978,UD. Heri Harapan Yoga,Jasa,,1096336,Terdaftar,1
288213979,UD. Raka Baruna,Perdagangan,29739568,9412400,Belum Terdaftar,0
288213980,UD. Qisha Jaya,Jasa,3542689,8117644,Terdaftar,1
288213981,UD. Karla Gita Qory,Jasa,33936267,6886783,Belum Terdaftar,0
288213982,UD. Viani Pagi,Jasa,12415944,1869586,Terdaftar,1
288213983,UD. Ovan Tri,Perdagangan,29829572,6666191,Terdaftar,1
288213984,UD. Vidi Ilir Nisa,Perdagangan,22941072,5907859,Belum Terdaftar,0
288213985,UD. Celsi Paseban,Perdagangan,18820017,2271133,Terdaftar,1
288213986,UD. Nina Cinta,Kesehatan,20395132,746144,Terdaftar,1
288213987,UD. Tania Brata Farhan,Kesehatan,13891349,6502291,Terdaftar,1
288213988,UD. Riko Jayawarsa Naufal,Makanan & Minuman,3085765,5798688,Terdaftar,1
288213989,UD. Ucup Tunggul,Jasa,49423601,6616175,Belum Terdaftar,0
288213990,UD. Poppy Makmur,Perdagangan,33089119,4731370,Terdaftar,1
288213991,UD. Gema Darussalam,Perdagangan,11586514,561263,Terdaftar,1
288213992,UD. Yolanda Senja,Jasa,13283251,2656875,Belum Terdaftar,0
288213993,UD. Zain Adhi,Perdagangan,17692793,5659659,Belum Terdaftar,0
288213994,UD. Amir Wiyata,Pendidikan,2910380,6651427,Terdaftar,1
288213995,UD. Jafar Kencana,Jasa,6806352,1504848,Terdaftar,1
288213996,UD. Heri Brawijaya,Makanan & Minuman,49680073,5511240,Belum Terdaftar,0
288213997,UD. Uci Adiwarna,Pendidikan,25728570,6067675,Terdaftar,1
288213998,UD. Chintya Senopati,Pendidikan,36060430,,Belum Terdaftar,0
288213999,UD. Alvino Gunawan,Jasa,26582950,2882612,Terdaftar,1
288214000,UD. Vidi Mayang,Perdagangan,33002671,2646343,Terdaftar,1
288214001,UD. Valen Asmaralaya,Jasa,10114580,4840679,Belum Terdaftar,0
288214002,UD. Niken Langit,Jasa,30623975,1309820,Belum Terdaftar,0
288214003,UD. Abdi Mulyo,,1317058,7915373,Terdaftar,1
288214004,UD. Anang Mulyo,Pendidikan,30842141,4114153,Belum Terdaftar,0
288214005,UD. Tami Sejahtera,Jasa,22556558,7630279,Terdaftar,1
288214006,UD. Chiko Prana,Kesehatan,34853786,6640148,Terdaftar,1
288214007,UD. Yessi Trisudira,Perdagangan,7892574,4767930,Belum Terdaftar,0
288214008,UD. Riyan Sundawa Ovan,Fashion,38086235,1558663,Belum Terdaftar,0
288214009,UD. Teguh Kusumasari,Perdagangan,22046436,6431490,Belum Terdaftar,0
288214010,UD. Ayesha Trisakti Qyla,Pendidikan,39634922,7721667,Terdaftar,1
288214011,UD. Rizki Prima,Kesehatan,34127371,3250540,Belum Terdaftar,0
288214012,UD. Gema Trisakti,Perdagangan,44324315,2209556,Belum Terdaftar,0
288214013,UD. Ulfa Setia,Jasa,21505414,9002763,Terdaftar,1
288214014,UD. Tasya Darma,Kesehatan,31607675,5702059,Terdaftar,1
288214015,UD. Sinta Padi Nando,Fashion,32662911,3420344,Belum Terdaftar,0
288214016,UD. Niken Satria,Kesehatan,34542971,1101051,Belum Terdaftar,0
288214017,UD. Iqra Prawira,Makanan & Minuman,16701027,2032734,Terdaftar,1
288214018,UD. Zahira Adiwarna,Perdagangan,21080558,3148438,Belum Terdaftar,0
288214019,UD. Hendra Buana,Makanan & Minuman,31793920,7958411,Terdaftar,1
288214020,UD. Alma Baskara,Kesehatan,9064033,903921,Terdaftar,1
288214021,UD. Willy Madya Zara,Perdagangan,13407445,3651362,Terdaftar,1
288214022,UD. Zidan Wiratama,Pendidikan,22024861,1421256,Belum Terdaftar,0
288214023,UD. Khayla Karang,Perdagangan,2192952,7167945,Belum Terdaftar,0
288214024,UD. Nando Malam,Fashion,7903763,988992,Terdaftar,1
288214025,UD. Dito Wiraatmaja,Perdagangan,4750578,1391717,Terdaftar,1
288214026,UD. Priska Winata,Pendidikan,45316460,1880829,Terdaftar,1
,UD. Iqbal Raharja,Makanan & Minuman,10163078,7493413,Terdaftar,1
288214028,UD. Yora Prajurit,Fashion,12084545,7238398,Terdaftar,1
288214029,UD. Leni Wijapranata,Fashion,32132043,909473,Belum Terdaftar,0
288214030,UD. Umar Sumirat,Kesehatan,27781673,7810489,Terdaftar,1
288214031,UD. Inten Tri,Pendidikan,5326245,7356415,Belum Terdaftar,0
288214032,UD. Kiki Manunggal,Perdagangan,37474650,3442776,Belum Terdaftar,0
288214033,UD. Hanafi Sehat,Perdagangan,16574113,9799117,Belum Terdaftar,0
288214034,UD. Delia Mandala,Fashion,4071818,3088079,Terdaftar,1
288214035,UD. Nara Suryaatmaja,Pendidikan,43253715,3984200,Belum Terdaftar,0
288214036,UD. Clarissa Arsana,Makanan & Minuman,27728925,1917322,Belum Terdaftar,0
288214037,UD. Elen Anggara,Fashion,3709418,5013295,Terdaftar,1
288214038,UD. Elsa Bagaskara,Makanan & Minuman,28823391,1832403,Terdaftar,1
288214039,UD. Chiko Saputranegara,Perdagangan,35899673,6843435,Belum Terdaftar,0
288214040,UD. Tari Kusumah,Pendidikan,25253590,8577668,Terdaftar,1
288214041,UD. Marsya Jagad,Kesehatan,21667944,6288368,Terdaftar,1
288214042,UD. Bayu Wijapranata,Kesehatan,34854465,2196669,Belum Terdaftar,0
288214043,UD. Binar Saprahan Gracia,Jasa,27309343,9279552,Terdaftar,1
288214044,UD. Yoga Wijaya,Kesehatan,34391672,5602529,,0
288214045,UD. Berlian Tirtaatmaja,Jasa,5284975,4806720,Terdaftar,1
288214046,UD. Kevin Sahaja,Perdagangan,43972366,9467923,Terdaftar,1
288214047,UD. Naila Prima,Perdagangan,17898693,3421256,Terdaftar,1
288214048,UD. Farhan Tirta,Jasa,28456399,8668510,Belum Terdaftar,0
288214049,UD. Qila Purnama,Pendidikan,32985546,5443266,Terdaftar,1
288214050,UD. Krisna Warna,Jasa,44569772,3050250,Terdaftar,1
288214051,UD. Zaki Gatra,Pendidikan,31804269,4284851,Belum Terdaftar,0
288214052,UD. Diva Pusaka,Perdagangan,39690872,9406572,Belum Terdaftar,0
288214053,UD. Ayesha Wicaksana,Pendidikan,27188038,8841982,Terdaftar,1
288214054,UD. Syifa Saprahan,Jasa,19054963,6285622,Belum Terdaftar,0
288214055,UD. Obed Abadi Qanita,Jasa,15239155,1615019,Belum Terdaftar,0
288214056,UD. Mika Selaras,Jasa,3407453,6155813,Belum Terdaftar,0
288214057,UD. Lea Gandewa,Kesehatan,46700867,4348919,Terdaftar,1
288214058,UD. Jodi Tejakusuma,Pendidikan,11075140,4019968,Belum Terdaftar,0
288214059,UD. Ujang Purnama,Kesehatan,14160341,7410470,Terdaftar,1
288214060,UD. Naufal Mahendra,Kesehatan,12657539,5003346,Terdaftar,1
288214061,UD. Romi Siang,Perdagangan,43142055,8235565,Terdaftar,1
288214062,UD. Teguh Wibawa Gisel,Jasa,40558275,618799,Terdaftar,1
288214063,UD. Chiko Sidarta Rafa,Kesehatan,47271146,8261645,Terdaftar,1
288214064,UD. Cici Radhitya,Pendidikan,40526252,7319089,Belum Terdaftar,0
288214065,UD. Iman Haji Rizki,Pendidikan,42605646,1013926,Belum Terdaftar,0
288214066,UD. Ida Tri,Pendidikan,14411707,6950456,Terdaftar,1
288214067,UD. Nayla Luhur Binar,Kesehatan,34432975,4959058,Terdaftar,1
288214068,UD. Taufan Madani,Pendidikan,15822633,3760182,Belum Terdaftar,0
288214069,UD. Elyas Trisudira Evan,Perdagangan,4599955,5119238,Terdaftar,1
288214070,UD. Halimah Trisudira,Kesehatan,13884665,3635380,Belum Terdaftar,0
288214071,UD. Rian Maju,Perdagangan,48010249,2162319,Terdaftar,1
288214072,UD. Wulan Purnama,Perdagangan,34368670,857364,Belum Terdaftar,0
288214073,UD. Qanitah Utama,Jasa,16276261,4559289,Terdaftar,1
288214074,UD. Ismail Wirawati,Kesehatan,40944427,6799705,Terdaftar,1
288214075,UD. Naila Yudhistira,Kesehatan,11383615,6613519,Terdaftar,1
288214076,UD. Anang Naraya,Perdagangan,49574400,5666342,Belum Terdaftar,0
288214077,UD. Nayla Taruna,Pendidikan,47850328,3063038,Terdaftar,1
288214078,UD. Farhan Purnama Citra,Jasa,8331096,4945414,Terdaftar,1
288214079,UD. Fanny Jati,Jasa,41898958,7465646,Terdaftar,1
288214080,UD. Viera Tengah Marwan,Jasa,17731075,1400161,Belum Terdaftar,0
288214081,UD. Dito Sudarsana,Jasa,26170466,3289356,Terdaftar,1
288214082,UD. Ghani Gandewa,Kesehatan,20338051,4419056,Terdaftar,1
288214083,UD. Odie Jayawarsa,Perdagangan,34406889,3975886,Belum Terdaftar,0
288214084,UD. Uti Lestari,Pendidikan,14648127,4368717,Terdaftar,1
288214085,UD. Viona Harmoni,Jasa,48675219,4442090,Terdaftar,1
288214086,UD. Widya Jayaningrat,Perdagangan,11021899,5390155,Belum Terdaftar,0
288214087,UD. Qasya Purnama,Perdagangan,37207197,1729894,Belum Terdaftar,0
288214088,UD. Karla Haji,Pendidikan,7886549,9308579,Belum Terdaftar,0
288214089,UD. Bayu Trisaktiatma,Pendidikan,32037859,8624796,,0
288214090,UD. Teguh Wijaya,Perdagangan,30229473,6494788,Terdaftar,1
288214091,UD. Icha Tejakencana Halimah,Pendidikan,13495322,3872648,Belum Terdaftar,0
288214092,UD. Zidan Arsana,Jasa,49326552,3011918,Terdaftar,1
288214093,UD. Rendi Sumringah,Kesehatan,17459723,7379261,Belum Terdaftar,0
288214094,UD. Bayu Nusa,Kesehatan,12066938,8027469,Belum Terdaftar,0
288214095,UD. Zulkarnaen Pamungkas,Jasa,49274379,6958191,Terdaftar,1
288214096,UD. Fira Manunggal,Kesehatan,44606449,6484014,Terdaftar,1
288214097,UD. Marwan Asih,Pendidikan,27648636,3280619,Terdaftar,1
288214098,UD. Citra Baru,Jasa,14686944,604444,Belum Terdaftar,0
288214099,UD. Monica Mulyo Obed,Kesehatan,28834758,3165342,Belum Terdaftar,0
288214100,UD. Nadia Pamungkas,Perdagangan,6975186,3708231,Belum Terdaftar,0
288214101,UD. Rian Binasena,Jasa,31903255,1424136,Belum Terdaftar,0
288214102,UD. Jihan Senopati,Perdagangan,29500972,2920832,Terdaftar,1
288214103,UD. Yuli Saputranegara Maudy,Pendidikan,26071251,3677071,Belum Terdaftar,0
288214104,UD. Tama Jatinagara,Pendidikan,20159172,1336107,Belum Terdaftar,0
288214105,UD. Uti Adyatma,Kesehatan,3671837,9500122,Belum Terdaftar,0
288214106,UD. Qory Wiyata,Pendidikan,36233542,6086691,Terdaftar,1
288214107,UD. Icha Resaputra,Perdagangan,45646062,2478394,Terdaftar,1
288214108,UD. Baim Sumirat,Jasa,45196560,5295492,Belum Terdaftar,0
288214109,UD. Hendra Utamajaya,Kesehatan,26920609,5948372,Belum Terdaftar,0
288214110,UD. Laila Sehat,Jasa,33616906,8353005,Terdaftar,1
288214111,UD. Yani Bagaskara Asep,Kesehatan,20453917,3202734,Terdaftar,1
288214112,UD. Miko Luhur,Perdagangan,2387347,2681394,Terdaftar,1
288214113,UD. Umar Kencana,Jasa,36805759,8598420,Terdaftar,1
288214114,UD. Uti Abadi,Kesehatan,43544449,549165,Belum Terdaftar,0
288214115,UD. Livia Langit,Kesehatan,19190426,3927654,Terdaftar,1
288214116,UD. Vino Putri,Pendidikan,49213774,6920357,Belum Terdaftar,0
288214117,UD. Qori Jaya,Pendidikan,19473298,5875905,Terdaftar,1
288214118,UD. Vito Pagi,Jasa,43259489,3763191,Terdaftar,1
288214119,UD. Dani Kencana Iqra,Pendidikan,38977921,3273784,Belum Terdaftar,0
288214120,UD. Wenda Kusumajati,Kesehatan,19481051,2404433,Terdaftar,1
288214121,UD. Kiki Indah,Jasa,43776257,6959502,Belum Terdaftar,0
288214122,UD. Qila Lestari,Kesehatan,18438986,8320969,Belum Terdaftar,0
288214123,UD. Diva Bagaskara,Pendidikan,26931973,6242914,Belum Terdaftar,0
288214124,UD. Vina Swargaloka,Perdagangan,18934263,4331451,Belum Terdaftar,0
288214125,UD. Echa Mulyo Nadia,Pendidikan,23461846,4284543,Terdaftar,1
288214126,UD. Isna Purnama,Pendidikan,9672749,2876550,Belum Terdaftar,0
288214127,UD. Bela Pagi,Perdagangan,34537943,8503800,Terdaftar,1
288214128,UD. Jibril Prawira,Perdagangan,15911931,5120800,Belum Terdaftar,0
288214129,UD. Koko Mandala,Perdagangan,4475035,3529398,Terdaftar,1
288214130,UD. Bayu Kusuma,Pendidikan,35003564,5508299,Belum Terdaftar,0
288214131,UD. Wenda Pramudita,Jasa,41153099,7506793,Belum Terdaftar,0
288214132,UD. Indira Mandiri,Jasa,35356344,3542248,Terdaftar,1
288214133,UD. Valen Winata,Kesehatan,25871643,4734272,Terdaftar,1
288214134,UD. Sekar Senopati,Kesehatan,4918340,9979355,Belum Terdaftar,0
288214135,UD. Gani Taruna,,24114514,1614906,Terdaftar,1
288214136,UD. Berlian Ayodya Vera,Jasa,24832903,3369098,Belum Terdaftar,0
288214137,UD. Galih Sumringah Halimah,Pendidikan,43141931,4434235,Belum Terdaftar,0
288214138,UD. Odie Raharja,Jasa,13888612,7404237,Terdaftar,1
288214139,UD. Anisa Purnama Qanitah,Pendidikan,13802347,2186561,Belum Terdaftar,0
288214140,UD. Juni Prajurit,Perdagangan,31298308,4060031,Belum Terdaftar,0
288214141,UD. Arman Wijaya,Jasa,22617479,7281054,Terdaftar,1
288214142,UD. Zain Kencana,Kesehatan,30108975,8659867,Belum Terdaftar,0
288214143,UD. Oniel Malam,Pendidikan,30304535,1074202,Belum Terdaftar,0
288214144,UD. Fikri Nirmala,Pendidikan,33795255,7666862,Terdaftar,1
288214145,UD. Candra Kencana,Perdagangan,24240034,3261417,Belum Terdaftar,0
288214146,UD. Wesly Kusumajati,Pendidikan,46285509,2138522,Terdaftar,1
288214147,UD. Bagas Pramana,Kesehatan,15801220,5236330,Terdaftar,1
288214148,UD. Rafi Adiwangsa Tiara,Kesehatan,17301001,7749991,Belum Terdaftar,0
288214149,UD. Gani Utama,Pendidikan,33279412,8491751,Terdaftar,1
288214150,UD. Cakra Rejo,Jasa,24971967,6079044,Terdaftar,1
288214151,UD. Odie Manik,Pendidikan,23652302,7409847,Belum Terdaftar,0
288214152,UD. Melati Gita Widya,Pendidikan,47921302,3503517,Terdaftar,1
288214153,UD. Lutfi Suci Raka,Kesehatan,49606782,8772884,Terdaftar,1
288214154,UD. Muthia Nawasena Wahyu,Perdagangan,5805492,1993260,Belum Terdaftar,0
288214155,UD. Vera Baskara,Perdagangan,17048627,5466261,Belum Terdaftar,0
288214156,UD. Khalid Trisakti,Pendidikan,32337379,7265798,Belum Terdaftar,0
288214157,UD. Qisha Puri,Jasa,2434630,7942746,Terdaftar,1
288214158,UD. Gita Madya,Kesehatan,21460800,1141924,Belum Terdaftar,0
288214159,UD. Widi Cahaya,Jasa,31653767,5266471,Belum Terdaftar,0
288214160,UD. Willy Wijapranata,Kesehatan,6845210,3104649,Terdaftar,1
288214161,UD. Qomar Wijaya,Kesehatan,2369008,9463543,Belum Terdaftar,0
288214162,UD. Putra Hastinapura,Pendidikan,3544277,9667834,Terdaftar,1
288214163,UD. Winda Terang,Kesehatan,4077982,9049490,Belum Terdaftar,0
288214164,UD. Ojan Asmaralaya,Jasa,31450218,4977946,Belum Terdaftar,0
288214165,UD. Abel Wijaksana,Jasa,1629450,9715998,Terdaftar,1
288214166,UD. Yayan Wibawa,Pendidikan,2138858,3492499,Terdaftar,1
288214167,UD. Halimah Luhur,Pendidikan,13522933,7478842,Terdaftar,1
288214168,UD. Novi Surapati Wawan,Pendidikan,8093908,7523230,Belum Terdaftar,0
288214169,UD. Heri Wiraatmaja,Jasa,2051764,2259746,Terdaftar,1
288214170,UD. Celsi Sehat,Perdagangan,23214491,609103,Terdaftar,1
288214171,UD. Qory Jayengpati,Pendidikan,36008165,8970245,Terdaftar,1
288214172,UD. Qomar Ratu Vito,Perdagangan,35592122,2279605,Belum Terdaftar,0
288214173,UD. Qamar Warna,Perdagangan,11049814,1133767,Belum Terdaftar,0
288214174,UD. Yaniar Madusari,Kesehatan,13141292,6637135,Terdaftar,1
288214175,UD. Inten Praja,Pendidikan,7753615,4160489,,0
288214176,UD. Galih Bangun,Jasa,14243158,4352304,Terdaftar,1
288214177,UD. Zahira Prana,Jasa,15122950,8284169,Belum Terdaftar,0
288214178,UD. Wahyu Putri,Pendidikan,33343409,6986186,Terdaftar,1
288214179,UD. Jihan Reswara Laila,Perdagangan,36958007,7128642,Terdaftar,1
288214180,UD. Taufan Dharma,Jasa,28636781,9238471,Belum Terdaftar,0
288214181,UD. Fajar Kelana Eni,Kesehatan,36895032,3510693,Terdaftar,1
288214182,UD. Wahyu Utama,Kesehatan,21001517,2635504,Terdaftar,1
288214183,UD. Odie Rejo,Pendidikan,43625117,3398470,Belum Terdaftar,0
288214184,UD. Ida Prana Umi,Pendidikan,3874172,9861952,Terdaftar,1
288214185,UD. Nara Trisula,Jasa,39357391,9367177,Belum Terdaftar,0
288214186,UD. Mario Dewangga,Perdagangan,30342779,8935862,Terdaftar,1
288214187,UD. Wenny Citra,Jasa,28845023,4503699,Belum Terdaftar,0
288214188,UD. Wesly Pamungkas,Pendidikan,27518971,3628909,Belum Terdaftar,0
288214189,UD. Sekar Satria,Kesehatan,32830269,8374018,Terdaftar,1
288214190,UD. Wahyu Darussalam,Perdagangan,5319683,3272829,Belum Terdaftar,0
288214191,UD. Daffa Madya,Jasa,13689926,4658534,Belum Terdaftar,0
288214192,UD. Kiki Lempung,Jasa,10249514,4828774,Belum Terdaftar,0
288214193,UD. Yasir Sukadarma,Kesehatan,1379205,7883785,Belum Terdaftar,0
,UD. Gusti Selaras,Jasa,29152083,7910394,Terdaftar,1
288214195,UD. Jaya Sukarela,Jasa,44242635,4044238,Terdaftar,1
288214196,UD. Lono Cempaka,Jasa,37990010,9805047,Belum Terdaftar,0
288214197,UD. Nadia Bersemi,Jasa,15929357,6075881,Terdaftar,1
288214198,UD. Qanita Cendana,Jasa,4034345,4549532,Terdaftar,1
288214199,UD. Berlian Asri,Kesehatan,39791841,6055150,Terdaftar,1
288214200,UD. Ulil Bagaskara,Pendidikan,42652467,8347101,Terdaftar,1
288214201,UD. Ony Surya,Perdagangan,4155755,7515065,Belum Terdaftar,0
288214202,UD. Oniel Wira,Kesehatan,3446928,7156503,Terdaftar,1
288214203,UD. Yana Binasena,Jasa,39401319,2816008,Belum Terdaftar,0
288214204,UD. Rendi Senopati Tegar,Jasa,13623827,2298070,Belum Terdaftar,0
288214205,UD. Jasmin Galang,Perdagangan,28351681,5217634,Terdaftar,1
288214206,UD. Gilangga Adiwangsa Pasha,Perdagangan,19858684,6712826,Terdaftar,1
288214207,UD. Yusuf Adhi,Pendidikan,15901780,8027400,Belum Terdaftar,0
288214208,UD. Kurnia Wijaksana Inten,Jasa,19707083,6749265,Terdaftar,1
288214209,UD. Veronika Jaladara,Kesehatan,41038909,4080598,Belum Terdaftar,0
288214210,UD. Mirna Kusen,Jasa,10838540,6900187,Terdaftar,1
288214211,UD. Wenda Kencana,Pendidikan,13953041,9187789,Belum Terdaftar,0
288214212,UD. Pasha Merdeka,Kesehatan,17277069,9844755,Belum Terdaftar,0
288214213,UD. Ulya Resmi,Jasa,30472990,2622895,Terdaftar,1
288214214,UD. Elsa Langit,Pendidikan,29873815,5524123,Terdaftar,1
288214215,UD. Sinta Asri,Perdagangan,41361099,3777034,Belum Terdaftar,0
288214216,UD. Wulan Jayengpati,Pendidikan,11709299,9653984,Terdaftar,1
288214217,UD. Rafa Damai,Kesehatan,28338456,2745423,Belum Terdaftar,0
288214218,UD. Budi Surapati,Kesehatan,49783075,7552677,Belum Terdaftar,0
288214219,UD. Qila Abdi,Kesehatan,10581069,2476270,Belum Terdaftar,0
288214220,UD. Valen Asih Naufal,Jasa,34909649,6857152,Belum Terdaftar,0
288214221,UD. Mira Reswara,Pendidikan,26156247,1173990,Belum Terdaftar,0
288214222,UD. Mira Sukadarma,Kesehatan,36517917,6218953,Terdaftar,1
288214223,UD. Mega Mandiri,Jasa,17372419,9254717,Belum Terdaftar,0
288214224,UD. Echa Wira,Pendidikan,25849983,7623462,Belum Terdaftar,0
288214225,UD. Ovan Nirwasita Chintya,Perdagangan,3191527,5360839,Belum Terdaftar,0
288214226,UD. Ari Padi,Jasa,35327196,9604876,Belum Terdaftar,0
288214227,UD. Sari Lintang,Kesehatan,5384913,1136092,Belum Terdaftar,0
288214228,UD. Vera Galang,Jasa,34911491,7109462,Terdaftar,1
288214229,UD. Umar Suryaatmaja,Pendidikan,15300474,8752226,Belum Terdaftar,0
288214230,UD. Bagir Panji,Pendidikan,4945082,2420427,Terdaftar,1
288214231,UD. Taufik Trisudira,Pendidikan,11269792,9580319,Terdaftar,1
288214232,UD. Salsa Dewangga,Kesehatan,14228471,7560734,Terdaftar,1
288214233,UD. Zaki Trisakti,Perdagangan,26410533,4695768,Terdaftar,1
288214234,UD. Qory Harmoni,Jasa,23996332,9581500,Terdaftar,1
288214235,UD. Reza Utama,Kesehatan,10891837,742852,Terdaftar,1
288214236,UD. Raka Utamajaya,Perdagangan,49564801,9252875,Belum Terdaftar,0
288214237,UD. Inten Yudhistira,Kesehatan,34787250,4989560,Terdaftar,1
288214238,UD. Nando Mayang Candra,Pendidikan,4589899,7477341,Belum Terdaftar,0
288214239,UD. Yaniar Trisaktiatma,Kesehatan,48830805,7292192,Terdaftar,1
288214240,UD. Gusti Wicaksana,Kesehatan,36312061,1267687,Terdaftar,1
288214241,UD. Sella Ratu,Kesehatan,29396173,3649428,Terdaftar,1
288214242,UD. Lutfi Putra,Perdagangan,7575880,9289816,Belum Terdaftar,0
288214243,UD. Baim Wirajaya Alif,Perdagangan,20788489,2409057,Belum Terdaftar,0
288214244,UD. Nando Cempaka,,25191238,6536304,Belum Terdaftar,0
288214245,UD. Asep Jayawarsa Fatimah,Jasa,37642664,6517015,Terdaftar,1
288214246,UD. Jaya Binasena,Perdagangan,39815150,4413020,Terdaftar,1
288214247,UD. Hana Alam,Kesehatan,2221305,8748314,Terdaftar,1
288214248,UD. Karla Pamungkas,Pendidikan,45120851,5255251,Belum Terdaftar,0
288214249,UD. Zidan Utama,Jasa,1656974,7141002,Belum Terdaftar,0
288214250,UD. Kinan Sukarela,,37380599,6667252,Belum Terdaftar,0
288214251,UD. Chiko Mulyo,Kesehatan,11010993,8346620,Belum Terdaftar,0
288214252,UD. Chintya Terang,Perdagangan,46258593,4685951,Terdaftar,1
288214253,UD. Gilang Harapan Livia,Perdagangan,35010043,5035295,Belum Terdaftar,0
288214254,UD. Omar Sejahtera,Pendidikan,17705715,9643993,Belum Terdaftar,0
288214255,UD. Shinta Kusumatmaja,Kesehatan,15040595,8760872,Belum Terdaftar,0
288214256,UD. Hilmi Darma,Kesehatan,43572920,7327089,Terdaftar,1
288214257,UD. Muthia Radhitya,Perdagangan,20815426,8969208,Belum Terdaftar,0
288214258,UD. Putra Citra,Perdagangan,31571566,8020431,Terdaftar,1
288214259,UD. Vino Mardika,Perdagangan,4362955,9489007,Belum Terdaftar,0
288214260,UD. Veronika Saprahan,Perdagangan,20985994,5984476,Terdaftar,1
288214261,UD. Jibril Mulyo,Pendidikan,44750992,8274931,Terdaftar,1
288214262,UD. Fitri Bersemi,Kesehatan,11121101,9615617,Terdaftar,1
288214263,UD. Gusti Abdi,Kesehatan,38222430,8120722,Terdaftar,1
288214264,UD. Kinan Wiraatmaja,Pendidikan,45229880,5905600,Terdaftar,1
288214265,UD. Nara Nirwana,Pendidikan,40482478,7306255,Belum Terdaftar,0
288214266,UD. Tono Anugerah,Pendidikan,23327611,3130953,Belum Terdaftar,0
288214267,UD. Shinta Prawira,Jasa,2754982,8564315,Belum Terdaftar,0
288214268,UD. Anisa Saputranegara,Jasa,8076813,7380643,Belum Terdaftar,0
288214269,UD. Berlian Brawijaya,Kesehatan,35147689,4292643,Belum Terdaftar,0
288214270,UD. Willy Utama Nibras,Kesehatan,13110515,,Belum Terdaftar,0
288214271,UD. Fahmi Putra,Perdagangan,49196142,7973484,Belum Terdaftar,0
288214272,UD. Qanita Ratu,Pendidikan,46861826,3717297,Belum Terdaftar,0
288214273,UD. Jasmine Panembahan,Pendidikan,28048586,6362515,Belum Terdaftar,0
288214274,UD. Thariq Wisesa Erlangga,Perdagangan,32316529,4862876,Belum Terdaftar,0
288214275,UD. Arman Kayastha,Kesehatan,30838552,5099786,Belum Terdaftar,0
288214276,UD. Febri Segar,Kesehatan,4740054,5285932,Belum Terdaftar,0
288214277,UD. Fani Atma Salsa,Pendidikan,33075197,2876166,Belum Terdaftar,0
288214278,UD. Riko Wiratama,Perdagangan,24962676,6474313,Belum Terdaftar,0
288214279,UD. Cinta Sukma,Jasa,26412237,,Terdaftar,1
288214280,UD. Nando Panembahan,Perdagangan,23677009,2492718,Belum Terdaftar,0
288214281,UD. Novi Yudhistira,Perdagangan,32155308,2033265,Terdaftar,1
288214282,UD. Dani Padi,Perdagangan,31671100,7081703,Belum Terdaftar,0
288214283,UD. Ghani Gita,Pendidikan,22796454,6949058,Belum Terdaftar,0
288214284,UD. Habib Artha,Perdagangan,20833750,1027131,Terdaftar,1
288214285,UD. Karim Atma,Pendidikan,22965918,6631950,Belum Terdaftar,0
288214286,UD. Zahra Wibawa,Kesehatan,1282043,1651597,Belum Terdaftar,0
288214287,UD. Yayan Yudhistira,Kesehatan,29556474,3002845,Terdaftar,1
288214288,UD. Iman Cahyaningrat,Kesehatan,41031575,6584151,Terdaftar,1
288214289,UD. Yaniar Mulya,Kesehatan,27966577,8653345,Belum Terdaftar,0
288214290,UD. Binar Karya Galang,Jasa,29502204,5268849,Belum Terdaftar,0
288214291,UD. Mario Abdi,Kesehatan,7146171,9060832,Belum Terdaftar,0
288214292,UD. Zidan Karang,Kesehatan,35534965,5594718,Belum Terdaftar,0
288214293,UD. Melati Adiwangsa,Perdagangan,45994394,1879692,Terdaftar,1
288214294,UD. Hasna Jayabaya,Perdagangan,38455624,2859148,Terdaftar,1
288214295,UD. Naila Sudarsana Tasya,Kesehatan,20280031,7455405,Belum Terdaftar,0
288214296,UD. Tomi Sasmita,Perdagangan,7946253,4277307,Terdaftar,1
288214297,UD. Grego Paningrat,Perdagangan,4225895,5298507,Terdaftar,1
288214298,UD. Najwa Cerah,Kesehatan,34267021,838808,Belum Terdaftar,0
288214299,UD. Willy Baruna,Perdagangan,3180343,9244379,Belum Terdaftar,0
288214300,UD. Zaki Dewangga,Pendidikan,35396315,1621684,Terdaftar,1
288214301,UD. Lando Prawira Qomar,Jasa,42335211,9718515,Belum Terdaftar,0
288214302,UD. Juni Tunggul Santi,Perdagangan,46823279,1208897,Terdaftar,1
288214303,UD. Zulfa Satya,Pendidikan,46158421,6626049,Belum Terdaftar,0
288214304,UD. Alvino Tengah,Kesehatan,28446119,8492685,Belum Terdaftar,0
288214305,UD. Zulkarnaen Pelangi,Kesehatan,6830884,9207509,Terdaftar,1
288214306,UD. Fira Tunggal,Jasa,unknown,6365638,Belum Terdaftar,0
288214307,UD. Syifa Nirmala,Kesehatan,35410562,1262115,Belum Terdaftar,0
288214308,UD. Odie Sumirat Ayesha,Perdagangan,45982765,1270794,Belum Terdaftar,0
288214309,UD. Utha Jayaningrat,Kesehatan,2691173,3075040,Terdaftar,1
288214310,UD. Balqis Makmur,Perdagangan,41172212,5405276,Belum Terdaftar,0
288214311,UD. Reza Sejahtera Santi,Pendidikan,27150502,9441883,Belum Terdaftar,0
288214312,UD. Fatimah Segar,Kesehatan,36339862,1200527,Belum Terdaftar,0
288214313,UD. Esa Damai,Perdagangan,16933445,1550398,Terdaftar,1
288214314,UD. Yusuf Trisaktiatma Reza,Pendidikan,41568461,5280022,Belum Terdaftar,0
288214315,UD. Irma Pusaka Gerry,Perdagangan,49355285,9528914,Belum Terdaftar,0
288214316,UD. Eni Siang Putra,Perdagangan,33892371,2242017,Belum Terdaftar,0
288214317,UD. Haidar Sentosa Tania,Perdagangan,42021417,8268841,Terdaftar,1
288214318,UD. Raka Saputrautama,Jasa,28453516,7468930,Terdaftar,1
288214319,UD. Qiana Kusen,Pendidikan,49794349,8807686,Terdaftar,1
288214320,UD. Sinta Tri,Kesehatan,20833900,5989961,Terdaftar,1
288214321,UD. Evan Asri,Kesehatan,42749874,8079378,Terdaftar,1
288214322,UD. Zara Bahagia,Pendidikan,41747464,7887089,unknown,0
288214323,UD. Ayesha Makmur,Perdagangan,40893928,6103351,Belum Terdaftar,0
288214324,UD. Qais Kusuma,Jasa,20285765,8813160,Terdaftar,1
288214325,UD. Fajar Tirtaatmaja,Jasa,46235309,6586059,Belum Terdaftar,0
288214326,UD. Tiara Swargaloka,Pendidikan,5841819,565420,Terdaftar,1
288214327,UD. Weni Dharma,Kesehatan,20940742,5095972,Belum Terdaftar,0
288214328,UD. Barokah Sidarta Arman,Jasa,35089310,4107255,Terdaftar,1
288214329,UD. Wira Sejahtera,Kesehatan,35061538,4838164,Terdaftar,1
288214330,UD. Alya Gandewa,Pendidikan,45071260,4831446,Terdaftar,1
288214331,UD. Via Lestari,Kesehatan,14042734,3294035,Belum Terdaftar,0
288214332,UD. Willy Kawiswara,Jasa,42084395,3835534,Belum Terdaftar,0
288214333,UD. Monica Maheswara,Perdagangan,46216160,7112103,Terdaftar,1
288214334,UD. Qanita Satya,Kesehatan,20578730,2372899,Terdaftar,1
288214335,UD. Putri Tengah,Jasa,12526677,5982488,Belum Terdaftar,0
288214336,UD. Sani Putra,Pendidikan,2124044,8932327,Terdaftar,1
288214337,UD. Sella Paningrat,Perdagangan,19920444,2582888,Terdaftar,1
288214338,UD. Khayla Sejahtera,Jasa,36148903,5764424,Belum Terdaftar,0
288214339,UD. Fanny Gemilang,Pendidikan,2136140,9877526,Terdaftar,1
288214340,UD. Nisa Mulyo,Kesehatan,28678007,2634110,Belum Terdaftar,0
288214341,UD. Novi Kulon Rosa,Perdagangan,39920268,8783590,Terdaftar,1
288214342,UD. Zidan Pagi Tami,Pendidikan,38906436,8617196,Terdaftar,1
288214343,UD. Zain Maju,Kesehatan,24464652,5342385,Belum Terdaftar,0
288214344,UD. Uli Jayawarsa,Kesehatan,14642166,1854566,Belum Terdaftar,0
288214345,UD. Kanza Suryaatmaja,Perdagangan,44288395,3358917,Belum Terdaftar,0
288214346,UD. Wulan Wisesa,Perdagangan,33172873,5535445,Terdaftar,1
288214347,UD. Tama Wijaya,Kesehatan,8601404,4510345,Belum Terdaftar,0
288214348,UD. Hesti Persada,Jasa,21080193,9072238,Terdaftar,1
288214349,UD. Melati Yudhistira,Jasa,40045413,4804887,unknown,0
288214350,UD. Qyla Asa,Pendidikan,8306959,8410188,Terdaftar,1
288214351,UD. Reza Rejo,Pendidikan,34738849,5797120,Belum Terdaftar,0
288214352,UD. Alma Mandiri,Perdagangan,35634806,1484115,Belum Terdaftar,0
288214353,UD. Halim Sundawa,Kesehatan,29776374,6758871,Terdaftar,1
288214354,UD. Ismail Trisula,Perdagangan,48252782,7043476,Belum Terdaftar,0
288214355,UD. Pandu Haji,Perdagangan,30083353,2952626,Terdaftar,1
288214356,UD. Pio Karang,Jasa,36439343,803227,Terdaftar,1
288214357,UD. Lukman Wijapranata,Pendidikan,12038716,7796611,Belum Terdaftar,0
288214358,UD. Hana Nawasena,Perdagangan,45101223,3229402,Belum Terdaftar,0
288214359,UD. Laras Kamajaya,Jasa,11096909,1128913,,0
288214360,UD. Mira Prawira,Jasa,28346935,3892165,Terdaftar,1
288214361,UD. Poppy Utama,Kesehatan,24042537,8172841,Terdaftar,1
288214362,UD. Uti Mulya,Kesehatan,36325582,7329218,Terdaftar,1
288214363,UD. Umi Wijaya,Pendidikan,33824293,3174221,Belum Terdaftar,0
288214364,UD. Damaris Adikara,Pendidikan,3682014,9655351,Terdaftar,1
288214365,UD. Hanafi Cinta,Jasa,29378824,7889793,Terdaftar,1
288214366,UD. Celsi Cendana,Jasa,21239622,5286802,Belum Terdaftar,0
288214367,UD. Desta Arya,Jasa,24234341,,Terdaftar,1
288214368,UD. Celsi Bijaksana,Jasa,34134585,3941358,Belum Terdaftar,0
288214369,UD. Halim Jaladara Krisna,Pendidikan,35531710,9716090,Belum Terdaftar,0
288214370,UD. Pasha Panembahan Marsya,Jasa,7209408,3711500,Belum Terdaftar,0
288214371,UD. Iman Sumirat,Perdagangan,10146582,4407098,Terdaftar,1
288214372,UD. Ilham Bintang,Kesehatan,31382605,1855408,Terdaftar,1
288214373,UD. Ony Raharja,Kesehatan,17232564,8321199,Belum Terdaftar,0
288214374,UD. Wulan Tirtayasa,Jasa,15900216,7783170,Terdaftar,1
288214375,UD. Wahyu Sejahtera,Pendidikan,4075463,9815993,Terdaftar,1
288214376,UD. Gilangga Persada,Perdagangan,5157863,2645873,Belum Terdaftar,0
288214377,UD. Zahra Wirawati Nando,Jasa,24534578,9343919,Terdaftar,1
288214378,UD. Verdi Widjaja,Perdagangan,15580243,2757875,Terdaftar,1
288214379,UD. Chiko Kinarya,Kesehatan,40915600,1190504,Belum Terdaftar,0
288214380,UD. Mega Cahyaningrat,Kesehatan,8604831,7097587,Terdaftar,1
288214381,UD. Widi Kawiswara,Perdagangan,36134630,3960954,Terdaftar,1
288214382,UD. Kevin Bangun,Pendidikan,28467401,4780486,Belum Terdaftar,0
288214383,UD. Wahyu Wangi Koko,Kesehatan,12662472,8504429,Belum Terdaftar,0
288214384,UD. Chiko Asih,Kesehatan,42343716,9298022,Belum Terdaftar,0
288214385,UD. Andi Purnama,Kesehatan,5095137,8474368,Belum Terdaftar,0
288214386,UD. Salwa Jayabaya,Perdagangan,49287436,568597,Terdaftar,1
288214387,UD. Gita Dharma,Jasa,24994954,2991059,Terdaftar,1
288214388,UD. Made Kusen,Jasa,7343517,6516801,Belum Terdaftar,0
,UD. Qila Suryaatmaja,Jasa,42768923,2719245,Terdaftar,1
288214390,UD. Satria Jatiwangi,Jasa,37372694,640635,Terdaftar,1
288214391,UD. Viona Bintang,Jasa,41435388,1405222,Belum Terdaftar,0
288214392,UD. Zainab Resmi,Perdagangan,8207630,3044813,Belum Terdaftar,0
288214393,UD. Qisya Merdeka,Jasa,23241133,4474259,Terdaftar,1
288214394,UD. Yudi Wiyata,Kesehatan,25873076,7443255,Belum Terdaftar,0
288214395,UD. Hilmi Bijaksana,Pendidikan,2122058,3888349,Belum Terdaftar,0
288214396,UD. Zidan Kusumasari,Perdagangan,47431756,5181545,Terdaftar,1
288214397,UD. Intan Damai,Jasa,12849691,6796744,Belum Terdaftar,0
288214398,UD. Ghani Mahkota,Kesehatan,17669553,8395196,Belum Terdaftar,0
288214399,UD. Rendi Bintang,Perdagangan,49644166,9689063,Belum Terdaftar,0
288214400,UD. Santi Jati,Pendidikan,46305072,2155273,Belum Terdaftar,0
288214401,UD. Bayu Wiratama,Kesehatan,13190349,765998,Belum Terdaftar,0
288214402,UD. Yani Karya,Pendidikan,41836638,4829475,Terdaftar,1
288214403,UD. Pasha Tejakusuma,Jasa,48477810,1629108,Terdaftar,1
288214404,UD. Laras Nusa,Kesehatan,9213890,8057677,Belum Terdaftar,0
288214405,UD. Haidar Sasmita,Kesehatan,24359376,9628659,Belum Terdaftar,0
288214406,UD. Zidan Arya,Jasa,37768787,3855016,Belum Terdaftar,0
288214407,UD. Prita Sudarsana,Pendidikan,22329030,7234850,Terdaftar,1
288214408,UD. Okta Indah,Jasa,44190073,872055,Terdaftar,1
288214409,UD. Qamar Jaya,Perdagangan,22886953,7318878,Terdaftar,1
288214410,UD. Icha Sudarsana,Kesehatan,8288561,2971797,Belum Terdaftar,0
288214411,UD. Sekar Satriya,Pendidikan,37236785,4073272,Belum Terdaftar,0
288214412,UD. Candra Winata,Kesehatan,11531482,7670406,Belum Terdaftar,0
288214413,UD. Gracia Abdi,Kesehatan,16504908,8592180,Belum Terdaftar,0
288214414,UD. Haidar Kusumasari,Kesehatan,49136708,3896238,Terdaftar,1
288214415,UD. Irma Sundawa,Pendidikan,40039040,6455297,Belum Terdaftar,0
288214416,UD. Diyan Surya,Kesehatan,27784400,1603816,Terdaftar,1
288214417,UD. Jodi Wiraatmaja,Pendidikan,44354276,2452252,Belum Terdaftar,0
288214418,UD. Oniel Manunggal,Jasa,29368783,6254380,Terdaftar,1
288214419,UD. Viera Raharja,Perdagangan,5552337,7036576,Terdaftar,1
288214420,UD. Yuli Baswara,Kesehatan,29105051,3913678,Terdaftar,1
288214421,UD. Yaniar Nirbayu,Perdagangan,6475586,2973209,Terdaftar,1
288214422,UD. Wawan Sanjaya,Perdagangan,32217553,8969558,Terdaftar,1
288214423,UD. Febri Sarwono,Kesehatan,23420095,8496359,Terdaftar,1
288214424,UD. Aqila Sunardi,Perdagangan,41114397,6502959,Belum Terdaftar,0
288214425,UD. Ony Setia,Jasa,11915551,9324763,Terdaftar,1
288214426,UD. Taufan Kusumatmaja Xenia,Perdagangan,21027981,6220491,Terdaftar,1
288214427,UD. Mika Dharma,Perdagangan,20668562,5904032,Belum Terdaftar,0
288214428,UD. Prita Galang,Kesehatan,26206588,8300682,Belum Terdaftar,0
288214429,UD. Eddy Suci,Jasa,19112174,4256381,Terdaftar,1
288214430,UD. Yolanda Maju,Perdagangan,41828231,2353790,Terdaftar,1
288214431,UD. Isna Jagad,Perdagangan,36523479,7595819,Terdaftar,1
288214432,UD. Lea Sangkala,Kesehatan,18942364,3338753,Terdaftar,1
288214433,UD. Wira Selaras,Pendidikan,5929520,4277190,Belum Terdaftar,0
288214434,UD. Cipta Sukarela,Pendidikan,36327993,6696575,Belum Terdaftar,0
288214435,UD. Elen Buana,Jasa,34436152,8711147,Terdaftar,1
288214436,UD. Jibril Sukma Ucup,Jasa,37475262,5661682,Terdaftar,1
288214437,UD. Syifa Langit Farhan,Perdagangan,48112010,8722615,Terdaftar,1
288214438,UD. Qasya Mardika Cipta,Pendidikan,4780095,9460915,Belum Terdaftar,0
288214439,UD. Via Yudhistira,Jasa,28316555,4375285,Terdaftar,1
288214440,UD. Fira Brata,Perdagangan,15679693,4317994,Terdaftar,1
288214441,UD. Romi Wetan,Perdagangan,24495494,3812923,Terdaftar,1
288214442,UD. Fadli Dwijaputra,Kesehatan,27090050,4915468,Belum Terdaftar,0
288214443,UD. Pipit Pancasila,Perdagangan,28874527,1942535,Belum Terdaftar,0
288214444,UD. Mila Sanjaya,Perdagangan,27469514,5906739,Belum Terdaftar,0
288214445,UD. Qamar Lingga,Pendidikan,36476225,5969938,Terdaftar,1
288214446,UD. Made Wacana,Perdagangan,12049641,8962270,Terdaftar,1
288214447,UD. Jasmine Saputranegara Panji,Perdagangan,7191929,6895300,Terdaftar,1
288214448,UD. Dora Taruna,Pendidikan,21627580,7064840,Terdaftar,1
288214449,UD. Diva Trisula,Jasa,33210133,8112491,Belum Terdaftar,0
288214450,UD. Berlian Gunawan,Pendidikan,14922604,5204802,Terdaftar,1
288214451,UD. Amir Wijaya,Jasa,12675952,9407370,Belum Terdaftar,0
288214452,UD. Andi Kusuma,Pendidikan,23324329,5367733,Belum Terdaftar,0
288214453,UD. Nando Naraya,Pendidikan,14085203,4877873,Terdaftar,1
288214454,UD. Elyas Citra,Pendidikan,17093294,5617368,Terdaftar,1
288214455,UD. Poppy Kawiswara,Pendidikan,15930100,832885,Belum Terdaftar,0
288214456,UD. Nando Sasmita,Perdagangan,27278544,5536577,Terdaftar,1
288214457,UD. Ina Jagadmaya,Jasa,39790791,2664168,Terdaftar,1
288214458,UD. Laila Ceria,Pendidikan,12774704,9133426,Belum Terdaftar,0
288214459,UD. Laras Jayawarsa,Perdagangan,36115172,8929157,Belum Terdaftar,0
288214460,UD. Berlian Satria,Pendidikan,33530915,2103080,Belum Terdaftar,0
288214461,UD. Marsya Jati,Perdagangan,26424176,7167058,Belum Terdaftar,0
288214462,UD. Lintang Sumringah,Kesehatan,41681923,5326651,Terdaftar,1
288214463,UD. Asep Madani Abdi,Pendidikan,38620765,6308349,Terdaftar,1
288214464,UD. Cici Sejahtera,Pendidikan,41625971,3636502,Belum Terdaftar,0
288214465,UD. Vidi Wacana,Kesehatan,3843445,2590202,Belum Terdaftar,0
288214466,UD. Willy Prajurit,Kesehatan,11167859,5057104,Belum Terdaftar,0
288214467,UD. Rendi Cinta Wulan,Pendidikan,21674644,8646969,Belum Terdaftar,0
288214468,UD. Yusuf Harmoni,Kesehatan,31397290,3564130,Belum Terdaftar,0
288214469,UD. Yusuf Sahaja,Kesehatan,9168617,6193428,Belum Terdaftar,0
288214470,UD. Adinda Prawira Prita,Perdagangan,20797658,9890708,Terdaftar,1
288214471,UD. Viani Kulon,Kesehatan,15151426,1645955,Belum Terdaftar,0
288214472,UD. Citra Tejakencana,Makanan & Minuman,29510558,1499177,Terdaftar,1
288214473,UD. Indah Tejakusuma,Kesehatan,29025359,3322636,Terdaftar,1
288214474,UD. Yolanda Satria Balqis,Kesehatan,36317452,2519321,Terdaftar,1
288214475,UD. Tariq Utama,Perdagangan,44152330,8400867,Belum Terdaftar,0
288214476,UD. Taufan Wiyata,Perdagangan,47527730,4292774,Terdaftar,1
288214477,UD. Yusuf Binasena Priska,Perdagangan,9690804,2751413,Terdaftar,1
288214478,UD. Dora Manik,Kesehatan,36614305,4869373,Terdaftar,1
288214479,UD. Chintya Jayawarsa,Kesehatan,37564521,1113845,Belum Terdaftar,0
288214480,UD. Zahira Anugerah Tama,Kesehatan,13732362,4915284,Belum Terdaftar,0
288214481,UD. Priska Gandewa,,5620921,2279594,Terdaftar,1
288214482,UD. Fikra Gunawan Tomi,Perdagangan,10059255,3465180,Terdaftar,1
288214483,UD. Wulan Brata,Pendidikan,24145580,8122455,Belum Terdaftar,0
288214484,UD. Hanafi Cahyaningrat,Kesehatan,49664051,1968293,Terdaftar,1
288214485,UD. Anisa Adikara,Kesehatan,19597152,6954308,Terdaftar,1
288214486,UD. Rizki Siang,Pendidikan,23804508,5265170,Terdaftar,1
288214487,UD. Cahya Agung,Kesehatan,24641201,1017962,Belum Terdaftar,0
288214488,UD. Qamar Alam,Kesehatan,41989534,7904000,Belum Terdaftar,0
288214489,UD. Bambang Wirawati Lono,Perdagangan,7736218,7330783,Terdaftar,1
288214490,UD. Iqra Mahendra,Pendidikan,5974310,6909568,Terdaftar,1
288214491,UD. Anis Utama,Perdagangan,16234567,7698127,Terdaftar,1
288214492,UD. Uchie Cinta,Pendidikan,14698602,798471,Belum Terdaftar,0
288214493,UD. Wahyu Tri,Pendidikan,44215278,4566961,Terdaftar,1
288214494,UD. Pardi Wicaksana,Pendidikan,46210379,1959317,Terdaftar,1
288214495,UD. Viani Bijaksana,Jasa,45675111,2359487,Terdaftar,1
288214496,UD. Fauzan Sumringah,Kesehatan,28450372,5664268,Terdaftar,1
288214497,UD. Gisel Adikara,Perdagangan,20835319,9134088,Terdaftar,1
288214498,UD. Fikri Mandiri Tania,Perdagangan,35639335,2521118,Belum Terdaftar,0
288214499,UD. Wenny Praja,,38711160,4287842,Belum Terdaftar,0
288214500,UD. Sari Anggrek,Perdagangan,3503628,3429759,Belum Terdaftar,0
288214501,UD. Zidan Mega,Jasa,22659245,5607471,Terdaftar,1
288214502,UD. Najwa Lingga,Kesehatan,1219501,4509668,Belum Terdaftar,0
288214503,UD. Halimah Mahendra Melati,Kesehatan,12646208,4004317,Belum Terdaftar,0
288214504,UD. Jodi Praja,Jasa,13587680,6766316,Belum Terdaftar,0
288214505,UD. Fajar Gunawan Alma,Perdagangan,41716475,1715636,Terdaftar,1
288214506,UD. Chika Sanjaya,Pendidikan,2166566,3645532,Terdaftar,1
288214507,UD. Xenia Kinarya,Kesehatan,39068257,8993768,Terdaftar,1
288214508,UD. Yasir Tejakencana,unknown,24965155,3079540,Belum Terdaftar,0
288214509,UD. Vino Prawira,Jasa,22937719,5264872,Belum Terdaftar,0
288214510,UD. Alif Sumringah Naufal,Pendidikan,9334691,2196777,Terdaftar,1
288214511,UD. Leni Lestari,Jasa,14594194,8147723,Belum Terdaftar,0
288214512,UD. Fikra Sukma,Jasa,23406374,669930,Belum Terdaftar,0
288214513,UD. Riyan Satya,Jasa,19332128,9880051,Belum Terdaftar,0
288214514,UD. Uchie Kencana Lintang,Perdagangan,7822378,5945105,Belum Terdaftar,0
288214515,UD. Wira Mahkota Clarissa,Jasa,29655299,6668959,Belum Terdaftar,0
288214516,UD. Putri Tri,Kesehatan,38858027,5304006,Belum Terdaftar,0
288214517,UD. Zaki Kulon,Perdagangan,15000304,7762560,Belum Terdaftar,0
288214518,UD. Balqis Utama,Jasa,1783370,3907046,Terdaftar,1
288214519,UD. Naufal Harapan,Pendidikan,11527354,2897100,,0
288214520,UD. Tariq Naraya,unknown,49994521,5730252,Terdaftar,1
288214521,UD. Tania Trisakti,Jasa,1881796,3881959,Belum Terdaftar,0
288214522,UD. Salwa Adiwangsa,Perdagangan,46946427,4906845,Terdaftar,1
288214523,UD. Damar Saprahan,Jasa,14104285,3012428,Terdaftar,1
288214524,UD. Yolanda Sanjaya,Perdagangan,43687041,3651230,Belum Terdaftar,0
288214525,UD. Putri Bangun,Kesehatan,30074903,8449680,Terdaftar,1
288214526,UD. Intan Kelana Omar,Perdagangan,48474831,5289070,Belum Terdaftar,0
288214527,UD. Bambang Rejo,Kesehatan,,4396204,Belum Terdaftar,0
288214528,UD. Mila Hilir Echa,Perdagangan,29743769,1478711,Belum Terdaftar,0
288214529,UD. Yora Sudharmo Lea,Jasa,18946947,8985894,Belum Terdaftar,0
288214530,UD. Sinta Adiwarna Vita,Perdagangan,19168346,3667973,Belum Terdaftar,0
288214531,UD. Prita Bijaksana,Pendidikan,38145430,7860377,Terdaftar,1
288214532,UD. Indira Ratu,Pendidikan,20965103,6281879,Terdaftar,1
288214533,UD. Bela Padi,Jasa,28973601,2618922,Terdaftar,1
288214534,UD. Mika Puri,Perdagangan,8889964,3589854,Belum Terdaftar,0
288214535,UD. Muthia Wibawa,Jasa,21837066,3788286,Terdaftar,1
288214536,UD. Bella Widjaja,Jasa,1807554,3988930,Terdaftar,1
288214537,UD. Desta Mahendra,Perdagangan,42113037,7024545,Terdaftar,1
288214538,UD. Qais Ilir Gani,Jasa,47263884,746432,Terdaftar,1
288214539,UD. Khalid Haji Uci,Pendidikan,2140892,6798836,Belum Terdaftar,0
288214540,UD. Zidan Ranggalawe Vita,Kesehatan,12802784,6796495,Terdaftar,1
288214541,UD. Kirana Sarwono,Kesehatan,29890640,4932472,Terdaftar,1
288214542,UD. Yumna Cerah,Jasa,7503417,5856438,Terdaftar,1
288214543,UD. Zainab Prabawa,Kesehatan,32508408,4997766,Terdaftar,1
288214544,UD. Mario Wiyata,Perdagangan,1086794,5076008,Belum Terdaftar,0
288214545,UD. Priska Berkarya Dea,Jasa,45392257,6918245,Terdaftar,1
288214546,UD. Ilmi Mega,Jasa,32829793,5433330,Terdaftar,1
288214547,UD. Elsa Ayodya,unknown,46158622,1364845,Terdaftar,1
288214548,UD. Rahmat Arya,Perdagangan,10812879,3728930,Terdaftar,1
288214549,UD. Mirna Manik,Jasa,45461803,7933733,Terdaftar,1
288214550,UD. Hanafi Wibawa,Pendidikan,32113128,891120,Terdaftar,1
288214551,UD. Evan Sukarela,Jasa,12119396,7363267,Belum Terdaftar,0
288214552,UD. Vina Wirawati,Kesehatan,15300309,748628,Belum Terdaftar,0
288214553,UD. Nazar Kusuma,Pendidikan,6537197,3412387,Terdaftar,1
288214554,UD. Aqila Jayeng Silvi,Kesehatan,9630818,6203177,Terdaftar,1
288214555,UD. Rahmat Madusari,Jasa,37802438,7520014,Terdaftar,1
288214556,UD. Rafa Sukadarma,Jasa,7191921,7198995,Terdaftar,1
288214557,UD. Isna Rejo,Jasa,35458892,1730896,Belum Terdaftar,0
288214558,UD. Gilangga Wijaksana,Perdagangan,46768220,1809708,Belum Terdaftar,0
288214559,UD. Raka Brata,Jasa,13555569,6592141,Belum Terdaftar,0
288214560,UD. Miko Satria,Perdagangan,14013007,8686613,Belum Terdaftar,0
288214561,UD. Wenda Trisula,Perdagangan,5973601,2273925,Belum Terdaftar,0
288214562,UD. Zainab Sidarta,Perdagangan,34050977,7272911,Terdaftar,1
288214563,UD. Cinta Wening,Jasa,18091551,8889418,Terdaftar,1
288214564,UD. Jay Lestari,Kesehatan,22967975,8666046,Terdaftar,1
288214565,UD. Daffa Permai,Pendidikan,28243808,2192466,Belum Terdaftar,0
288214566,UD. Inten Kalbu,Pendidikan,33063630,8678326,Belum Terdaftar,0
288214567,UD. Salwa Mega,Kesehatan,29230608,1926865,Belum Terdaftar,0
288214568,UD. Qanita Saprahan Aldo,Jasa,21183737,3173837,Terdaftar,1
288214569,UD. Zainab Naraya,Pendidikan,8881040,6326344,Terdaftar,1
288214570,UD. Verdi Saprahan,Pendidikan,36677986,1166825,Belum Terdaftar,0
288214571,UD. Taufik Agastya,Jasa,45225204,1150830,Terdaftar,1
288214572,UD. Deni Baruna,Jasa,19446393,4682351,Terdaftar,1
288214573,UD. Lono Kencana,Perdagangan,4917796,1634054,Belum Terdaftar,0
288214574,UD. Cipta Brawijaya,Makanan & Minuman,7808140,9955517,Terdaftar,1
288214575,UD. Syifa Sakti,Perdagangan,5046484,5459340,Belum Terdaftar,0
288214576,UD. Hilmiyah Sudharmo Suci,unknown,47437414,921753,Belum Terdaftar,0
288214577,UD. Tami Jagad Leni,Jasa,36915264,4270923,Terdaftar,1
288214578,UD. Jafar Prana Barokah,Kesehatan,21652592,,Terdaftar,1
288214579,UD. Oki Baruna,Kesehatan,14952332,765975,Belum Terdaftar,0
288214580,UD. Melati Sumirat,Jasa,1244592,4114955,Terdaftar,1
288214581,UD. Bela Sidarta,Jasa,49005463,1836890,Terdaftar,1
288214582,UD. Ghani Kawiswara,Pendidikan,48990115,1451469,Belum Terdaftar,0
288214583,UD. Zulkarnaen Winata,Jasa,30780868,9700924,Terdaftar,1
288214584,UD. Chintya Jagad,Kesehatan,4740598,5431334,Belum Terdaftar,0
288214585,UD. Eddy Tejakusuma,Jasa,49399181,5581641,Terdaftar,1
288214586,UD. Gisel Jayeng Pardi,Perdagangan,42266561,4588574,Belum Terdaftar,0
288214587,UD. Elen Widhi Wenda,Pendidikan,1569708,7436393,Belum Terdaftar,0
288214588,UD. Ilmi Ranggalawe,Kesehatan,6760246,7943029,Terdaftar,1
288214589,UD. Monica Dwijaputra,Perdagangan,29795377,1537328,Belum Terdaftar,0
288214590,UD. Prita Persada,Jasa,37393795,7705101,Terdaftar,1
288214591,UD. Zahra Cahyaningrat,Kesehatan,14538366,8875940,Belum Terdaftar,0
288214592,UD. Syifa Radhitya,Perdagangan,22105507,926704,Belum Terdaftar,0
288214593,UD. Uchie Prima,Pendidikan,32673338,7800961,Belum Terdaftar,0
288214594,UD. Wenda Suryaatmaja,Perdagangan,18229396,1473507,Terdaftar,1
288214595,UD. Maudy Haji Qanita,Perdagangan,23555728,7511399,Belum Terdaftar,0
288214596,UD. Owen Tunggul,Kesehatan,21143170,5839161,Belum Terdaftar,0
288214597,UD. Iman Bahagia,Kesehatan,1166487,936312,Terdaftar,1
288214598,UD. Dora Darussalam,Perdagangan,17899013,8042243,Terdaftar,1
288214599,UD. Silvi Harapan,Kesehatan,24065938,1397258,Terdaftar,1
288214600,UD. Marsya Ratu,Pendidikan,45688481,7413858,Belum Terdaftar,0
288214601,UD. Baim Ananta,Jasa,44294202,5634007,Belum Terdaftar,0
288214602,UD. Zulfa Abdi,Pendidikan,44185645,5185272,Belum Terdaftar,0
288214603,UD. Ari Hilir,Jasa,41659210,9987244,Terdaftar,1
288214604,UD. Oki Lingga,Jasa,1845535,957474,Belum Terdaftar,0
288214605,UD. Tasya Sulaksana Viera,Pendidikan,10704733,2458682,Terdaftar,1
288214606,UD. Wira Wisnu,Perdagangan,30317937,2086716,Belum Terdaftar,0
288214607,UD. Aqila Saputrautama,Kesehatan,21227555,8905834,Belum Terdaftar,0
288214608,UD. Vito Sakti,Jasa,1821826,667198,Belum Terdaftar,0
288214609,UD. Fikri Putri,Perdagangan,3657967,3135593,Belum Terdaftar,0
288214610,UD. Owen Brata Winda,Pendidikan,26554535,845150,Belum Terdaftar,0
288214611,UD. Tomi Purnama,Perdagangan,19872035,9290604,Terdaftar,1
288214612,UD. Vina Sidarta,Perdagangan,13035343,3935407,Belum Terdaftar,0
288214613,UD. Rafi Resaputra,Kesehatan,22185695,1570227,Terdaftar,1
288214614,UD. Nindy Kalbu,Perdagangan,28824995,5211609,Belum Terdaftar,0
288214615,UD. Karim Abadi,Jasa,37391141,1137515,Terdaftar,1
288214616,UD. Indira Tunggal,Perdagangan,49265941,2749536,Terdaftar,1
288214617,UD. Vera Tri,Jasa,39514277,,Belum Terdaftar,0
,UD. Yolanda Puri,Jasa,44408331,4275648,Terdaftar,1
288214619,UD. Budi Baruna,Perdagangan,36023053,1614868,Belum Terdaftar,0
288214620,UD. Iqra Wijapranata,Jasa,41216935,6836105,Belum Terdaftar,0
288214621,UD. Irma Gandewa,Jasa,22640586,728669,Terdaftar,1
288214622,UD. Chiko Saputra,Jasa,21052464,2263272,Terdaftar,1
288214623,UD. Yolanda Widhi,Pendidikan,34645445,1250916,Terdaftar,1
288214624,UD. Verdi Wijaya,Perdagangan,47084248,8070549,Belum Terdaftar,0
288214625,UD. Daffa Malam,Jasa,46473412,6703597,Belum Terdaftar,0
288214626,UD. Pipit Siang,Perdagangan,31588420,8005611,Terdaftar,1
288214627,UD. Wahyu Bima Sekar,Jasa,45216629,2803183,Belum Terdaftar,0
288214628,UD. Kevin Wiyata,Kesehatan,41267202,3192399,Belum Terdaftar,0
288214629,UD. Wesly Abdi Qila,Perdagangan,48182275,6803538,Belum Terdaftar,0
288214630,UD. Olivia Mulya,Jasa,14273355,991380,Belum Terdaftar,0
288214631,UD. Utha Gatra,Jasa,43433753,3355831,Terdaftar,1
288214632,UD. Jay Tunggul,Kesehatan,19383749,4140761,Terdaftar,1
288214633,UD. Lono Arya,Pendidikan,49814836,615539,Terdaftar,1
288214634,UD. Hendra Karya,Kesehatan,14629274,3050002,Belum Terdaftar,0
288214635,UD. Kamil Pramudita,Perdagangan,42279847,2906633,Terdaftar,1
288214636,UD. Elva Kencana,Kesehatan,46188208,1097418,Belum Terdaftar,0
288214637,UD. Qori Jagad,Pendidikan,27948901,2438820,Terdaftar,1
288214638,UD. Mega Widuri,Jasa,43397597,1747951,,0
288214639,UD. Hana Sahaja,Jasa,45962980,9536434,Belum Terdaftar,0
288214640,UD. Jihan Sasmita Pipit,Perdagangan,30491707,6576826,Terdaftar,1
288214641,UD. Bagas Gita,Pendidikan,42086697,8360697,Belum Terdaftar,0
288214642,UD. Thariq Kusumatmaja Hasna,Perdagangan,25237208,6118417,Terdaftar,1
288214643,UD. Utami Widuri,Pendidikan,17266299,618561,Belum Terdaftar,0
288214644,UD. Cahya Bratadikara,Kesehatan,20898434,5865780,Belum Terdaftar,0
288214645,UD. Marsya Anggrek,Perdagangan,36113240,9895881,Terdaftar,1
288214646,UD. Umi Adikara,Pendidikan,9176647,6606216,Terdaftar,1
288214647,UD. Dea Kencana,Jasa,49383256,3653372,Terdaftar,1
288214648,UD. Agus Wiyata,Perdagangan,40007773,4149260,Belum Terdaftar,0
288214649,UD. Lidya Abdi,Kesehatan,19228850,2417460,Terdaftar,1
288214650,UD. Ina Utamaindah,Kesehatan,38466446,4700139,Terdaftar,1
288214651,UD. Hana Adyatma,Kesehatan,35803899,6840587,Terdaftar,1
288214652,UD. Melati Sidarta Icha,Kesehatan,31364460,7602934,Belum Terdaftar,0
288214653,UD. Fani Maheswara Romi,Perdagangan,3918116,3247054,Terdaftar,1
288214654,UD. Joko Tri,Perdagangan,45318148,8633310,Belum Terdaftar,0
288214655,UD. Jihan Madani,Pendidikan,2706025,5954646,Belum Terdaftar,0
288214656,UD. Jafar Sari,Kesehatan,8118851,7355610,Belum Terdaftar,0
288214657,UD. Nina Gita,Kesehatan,6878069,5139517,Belum Terdaftar,0
288214658,UD. Marsya Santosa,Pendidikan,5469534,8358342,Terdaftar,1
288214659,UD. Tami Tunggul,Perdagangan,4445839,1446041,Terdaftar,1
288214660,UD. Ida Swargaloka,Jasa,25131644,8702621,Terdaftar,1
288214661,UD. Wira Ceria,Pendidikan,24447929,7177271,Belum Terdaftar,0
288214662,UD. Tono Sahaja,Perdagangan,39403504,3910565,Terdaftar,1
288214663,UD. Gani Terang,Kesehatan,28326978,972839,Terdaftar,1
288214664,UD. Esa Terang,Perdagangan,21480476,1183150,Terdaftar,1
288214665,UD. Yusuf Jaladara,Pendidikan,28302946,7723353,Belum Terdaftar,0
288214666,UD. Dora Cendana,Perdagangan,43746164,9802324,Terdaftar,1
288214667,UD. Pio Trijaya,Jasa,37185487,2827448,Belum Terdaftar,0
288214668,UD. Halim Mayang,Jasa,13967287,4390620,Terdaftar,1
288214669,UD. Ismail Trijaya,Jasa,10858226,4744591,Terdaftar,1
288214670,UD. Jihan Naraya Khayla,Kesehatan,18420965,5631800,Terdaftar,1
288214671,UD. Poppy Wira,Kesehatan,34743090,4342857,Terdaftar,1
288214672,UD. Candra Sunardi,Pendidikan,44370772,9794927,Belum Terdaftar,0
288214673,UD. Lintang Baswara,Jasa,1123560,7944631,Belum Terdaftar,0
288214674,UD. Pio Persada Rahmat,Perdagangan,16383953,3793603,Belum Terdaftar,0
288214675,UD. Guntur Warna,Perdagangan,22345503,8167843,Belum Terdaftar,0
288214676,UD. Tegar Luhur,Jasa,23943315,7798481,Belum Terdaftar,0
288214677,UD. Yumna Bahari,Perdagangan,10273358,9011543,Terdaftar,1
288214678,UD. Abel Wirajaya,Jasa,45911809,730319,Terdaftar,1
288214679,UD. Barokah Putri,Kesehatan,9037117,9007426,Terdaftar,1
288214680,UD. Elen Lempung,Kesehatan,28030557,1488817,Belum Terdaftar,0
288214681,UD. Qory Maheswara,Pendidikan,18625547,1978922,Terdaftar,1
288214682,UD. Galih Merdeka,Jasa,37635455,5092861,Belum Terdaftar,0
288214683,UD. Zidan Baruna,Pendidikan,39206698,9369276,Belum Terdaftar,0
288214684,UD. Kamil Wibawa,Perdagangan,1872120,764790,Belum Terdaftar,0
288214685,UD. Rizki Hilir,Perdagangan,12020606,2651009,Terdaftar,1
288214686,UD. Mirna Mulyo,Perdagangan,24033862,2274034,Belum Terdaftar,0
288214687,UD. Yessi Pagi Halim,Kesehatan,25088661,9415461,Terdaftar,1
288214688,UD. Qila Mahendra,Perdagangan,36575111,3682824,Belum Terdaftar,0
288214689,UD. Yolanda Kayastha,Kesehatan,38658838,716604,Belum Terdaftar,0
288214690,UD. Fikra Mulyo,Kesehatan,40968759,4998623,Belum Terdaftar,0
288214691,UD. Fajar Adiwangsa,Pendidikan,26586507,6843401,Belum Terdaftar,0
288214692,UD. Gisel Kalbu,Jasa,10066757,2181262,,0
288214693,UD. Niken Ilir,Jasa,12152057,4000261,Belum Terdaftar,0
288214694,UD. Syana Sehat,Perdagangan,29035332,5136279,Belum Terdaftar,0
288214695,UD. Omar Sanjaya,Pendidikan,23335427,3389171,Belum Terdaftar,0
288214696,UD. Taufik Kawiswara Esa,Jasa,30880375,7320664,Terdaftar,1
288214697,UD. Jihan Haji,Pendidikan,16923832,836895,Belum Terdaftar,0
288214698,UD. Poppy Baru,Jasa,32941117,6719728,Belum Terdaftar,0
288214699,UD. Lintang Jayaningrat Teguh,Kesehatan,32540888,985042,Terdaftar,1
288214700,UD. Zidanar Tirta Shinta,Jasa,43341507,7359476,Terdaftar,1
288214701,UD. Fauzan Terang,Perdagangan,8223836,9852731,Belum Terdaftar,0
288214702,UD. Teguh Pelangi,Jasa,45750568,6897590,Belum Terdaftar,0
288214703,UD. Iqbal Artha Wawan,Pendidikan,36973742,1567132,Belum Terdaftar,0
288214704,UD. Elsa Taruna Satria,Perdagangan,10827953,9637492,unknown,0
288214705,UD. Hendra Sejahtera,Perdagangan,46125594,6030480,Terdaftar,1
288214706,UD. Opik Galang,Jasa,29343711,1215095,Belum Terdaftar,0
288214707,UD. Ucup Tunggal,Perdagangan,19115903,4684262,Terdaftar,1
288214708,UD. Satria Manik,Kesehatan,27379631,6071746,Terdaftar,1
288214709,UD. Dewi Manik,Pendidikan,41147498,4435757,Belum Terdaftar,0
288214710,UD. Uti Panuluh,Jasa,48001955,5751255,Terdaftar,1
288214711,UD. Cahya Gatra,Perdagangan,15364573,3646635,Belum Terdaftar,0
288214712,UD. Jaya Maju,Jasa,27139451,4617693,Terdaftar,1
288214713,UD. Fadli Merdeka,Perdagangan,16155676,5014421,Belum Terdaftar,0
288214714,UD. Jasmin Jati,Perdagangan,44152027,4624376,Belum Terdaftar,0
288214715,UD. Delia Pagi,Kesehatan,17680999,9433909,Terdaftar,1
288214716,UD. Esa Nusa Yora,Pendidikan,31116826,3833732,Belum Terdaftar,0
288214717,UD. Iman Wirajaya,Pendidikan,36163092,1384167,Belum Terdaftar,0
288214718,UD. Pandu Wangi,Kesehatan,35705722,3301226,Belum Terdaftar,0
288214719,UD. Kinan Panuluh,Jasa,32721235,9943677,Belum Terdaftar,0
288214720,UD. Wito Lempung,Perdagangan,41522174,5319642,Terdaftar,1
288214721,UD. Leni Reswara,Kesehatan,25259272,3535662,Terdaftar,1
288214722,UD. Fadli Kencana,Jasa,23171961,1554296,Terdaftar,1
288214723,UD. Lukita Wirawati Ziva,Jasa,6740408,8179820,Belum Terdaftar,0
288214724,UD. Mega Wicaksana,Pendidikan,20052090,5585254,Terdaftar,1
288214725,UD. Mila Adikara,Kesehatan,22046132,7324048,Terdaftar,1
288214726,UD. Inten Radhitya Jihan,Kesehatan,37833940,6671089,Terdaftar,1
288214727,UD. Rian Satya,Pendidikan,29214570,2368604,Belum Terdaftar,0
288214728,UD. Rafi Nirmala,Kesehatan,28868392,1920057,Belum Terdaftar,0
288214729,UD. Mila Mulya,Kesehatan,38123882,5156035,Belum Terdaftar,0
288214730,UD. Marwan Kencana,Kesehatan,44542743,5617252,Belum Terdaftar,0
288214731,UD. Hilmiyah Persada,Kesehatan,37509030,9918710,Belum Terdaftar,0
288214732,UD. Uti Utama,Jasa,3984064,6231730,Belum Terdaftar,0
288214733,UD. Zera Putra,Kesehatan,33101549,8970177,Belum Terdaftar,0
288214734,UD. Krisna Utama,Jasa,40927658,7523354,Terdaftar,1
288214735,UD. Lintang Mulya,Pendidikan,6507646,1108893,Belum Terdaftar,0
288214736,UD. Fahmi Cempaka,Perdagangan,1943533,1336848,Belum Terdaftar,0
288214737,UD. Wawan Berkarya Candra,Jasa,7141928,9962392,Belum Terdaftar,0
288214738,UD. Kamil Jaya,Kesehatan,5353067,9493872,Terdaftar,1
288214739,UD. Fahmi Dewangga,Perdagangan,7178989,8276078,Terdaftar,1
288214740,UD. Olivia Adiwangsa,Kesehatan,2202748,7170630,Terdaftar,1
288214741,UD. Diva Gandewa,Kesehatan,14851787,2043704,Terdaftar,1
288214742,UD. Gema Putra,Kesehatan,39696162,1529173,Terdaftar,1
288214743,UD. Evan Senopati Lutfi,Jasa,32821071,1701153,Terdaftar,1
288214744,UD. Ina Manunggal,,38166484,7478581,Belum Terdaftar,0
288214745,UD. Monica Wirawati,Perdagangan,22417946,512453,Belum Terdaftar,0
288214746,UD. Erlin Utamaindah,Pendidikan,28055220,8241556,Belum Terdaftar,0
288214747,UD. Marsel Damai,Pendidikan,47583999,1805350,Belum Terdaftar,0
,UD. Tomi Tirta,Jasa,21423089,5614198,Terdaftar,1
288214749,UD. Utami Mardika,Perdagangan,4827839,2697057,Terdaftar,1
288214750,UD. Celsi Sukadarma,Pendidikan,48773191,3362963,Belum Terdaftar,0
288214751,UD. Iqra Adikara Monica,Pendidikan,33892343,6161009,Belum Terdaftar,0
288214752,UD. Kurnia Pusaka,Jasa,7922423,2454936,Belum Terdaftar,0
unknown,UD. Haidar Mandala,Kesehatan,7414471,2000011,Belum Terdaftar,0
288214754,UD. Vera Tengah,Kesehatan,30416662,4308390,Terdaftar,1
288214755,UD. Olla Senja,Perdagangan,10908908,unknown,Terdaftar,1
288214756,UD. Tami Kalbu,Jasa,10044321,6956586,Terdaftar,1
288214757,UD. Intan Saputra,Perdagangan,43546327,1937835,Belum Terdaftar,0
288214758,UD. Ismail Warna,Kesehatan,6959700,3694812,Belum Terdaftar,0
288214759,UD. Rizki Kalbu,Perdagangan,45806578,698644,Terdaftar,1
288214760,UD. Qomar Bahagia,Perdagangan,25257539,3158560,Belum Terdaftar,0
288214761,UD. Hendra Dwijaputra Eddy,Pendidikan,35240220,7865402,Belum Terdaftar,0
288214762,UD. Omar Cahyaningrat,Pendidikan,13502971,8831510,Belum Terdaftar,0
288214763,UD. Tomi Winata,Jasa,15864067,4785000,Belum Terdaftar,0
288214764,UD. Naila Pamungkas,Jasa,6131924,7295712,Terdaftar,1
288214765,UD. Taufik Pelangi,Pendidikan,36216280,1326687,Terdaftar,1
288214766,UD. Rafi Arsana,Jasa,9924500,7071960,Terdaftar,1
288214767,UD. Erlangga Darma,Pendidikan,9038719,4092360,Belum Terdaftar,0
288214768,UD. Ucup Sumringah,Pendidikan,21854808,6250678,Belum Terdaftar,0
288214769,UD. Farid Ilir,Kesehatan,3117031,9411394,Terdaftar,1
288214770,UD. Gerry Utama,Pendidikan,32756806,9940847,Belum Terdaftar,0
288214771,UD. Tiara Kusumasari,Pendidikan,47163837,3106383,Terdaftar,1
288214772,UD. Chiko Taruna,Kesehatan,20081900,7334631,Terdaftar,1
288214773,UD. Tama Prajurit,Pendidikan,17791044,7719951,Terdaftar,1
288214774,UD. Nando Saputra,Kesehatan,5230951,856101,Belum Terdaftar,0
288214775,UD. Tama Berkarya,Perdagangan,29537108,4679294,Belum Terdaftar,0
288214776,UD. Lono Trisula Ulya,Kesehatan,46054625,1981307,Terdaftar,1
288214777,UD. Heri Sakti,Perdagangan,2956271,2873922,Belum Terdaftar,0
288214778,UD. Juni Baswara Pasha,Jasa,28068506,2114510,Belum Terdaftar,0
288214779,UD. Esa Jati,Jasa,18170417,9845309,Terdaftar,1
288214780,UD. Marsel Taruna,Pendidikan,31568137,2074920,Belum Terdaftar,0
288214781,UD. Binar Prima,Kesehatan,39326248,6526006,Terdaftar,1
288214782,UD. Jihan Prawira,Perdagangan,25363342,1781068,Terdaftar,1
288214783,UD. Owen Kencana,Kesehatan,35200450,3753387,Terdaftar,1
288214784,UD. Jay Citra Bulan,Perdagangan,28030126,3267184,Terdaftar,1
288214785,UD. Nayla Praja,Perdagangan,31473689,3240896,Terdaftar,1
288214786,UD. Qyla Merdeka,Jasa,45689463,2823465,Belum Terdaftar,0
288214787,UD. Mirna Sangga,Pendidikan,18990848,8449657,Terdaftar,1
288214788,UD. Santi Warna Zulkarnaen,Perdagangan,10956206,2551288,Terdaftar,1
288214789,UD. Utami Asmaralaya,Kesehatan,18721928,7253774,Terdaftar,1
288214790,UD. Verdi Anggara,Kesehatan,31610086,3013178,Belum Terdaftar,0
288214791,UD. Barokah Tirtaatmaja,unknown,23467609,4754454,Belum Terdaftar,0
288214792,UD. Kirana Binasena,Jasa,36016007,7580085,Terdaftar,1
288214793,UD. Livia Setia,Pendidikan,6240846,5397944,Terdaftar,1
288214794,UD. Erni Sukadarma,Perdagangan,26061165,2370813,Belum Terdaftar,0
288214795,UD. Lukman Kusumah,Perdagangan,1596245,7012402,Terdaftar,1
288214796,UD. Vina Jayeng Ujang,Jasa,5891557,5052127,Terdaftar,1
288214797,UD. Wenda Utamajaya,Kesehatan,23787587,1602758,Belum Terdaftar,0
288214798,UD. Tami Trisakti Agus,Perusahaan,29682260,679829,Belum Terdaftar,0
288214799,UD. Putri Mandiri Qanita,Perdagangan,41373199,847025,Belum Terdaftar,0
288214800,UD. Rafi Baskara Barokah,Pendidikan,26129005,6051518,Belum Terdaftar,0
288214801,UD. Fajar Dwijaputra,Kesehatan,35293848,9214045,Terdaftar,1
288214802,UD. Fitri Pamungkas,Kesehatan,17109334,4203028,Belum Terdaftar,0
288214803,UD. Qasya Baswara,Jasa,43652155,7831848,Terdaftar,1
288214804,UD. Niken Satya,Kesehatan,21011280,9450238,Terdaftar,1
288214805,UD. Qayla Tunggul,Jasa,12103297,3828021,Belum Terdaftar,0
288214806,UD. Yuli Bersemi,Kesehatan,3052992,8034388,Belum Terdaftar,0
288214807,UD. Owen Jatinagara Maudy,Kesehatan,49331502,7437506,Terdaftar,1
288214808,UD. Marsel Sangkala,Jasa,30296584,5829319,Terdaftar,1
288214809,UD. Khalid Kusen,Pendidikan,12023852,2086257,Belum Terdaftar,0
288214810,UD. Chiko Karya,Pendidikan,18473753,7091034,Terdaftar,1
288214811,UD. Kirana Bahagia,Perdagangan,38532962,9340022,Belum Terdaftar,0
288214812,UD. Owen Sangga,Jasa,unknown,7456530,Belum Terdaftar,0
288214813,UD. Yasir Arsana,Kesehatan,41598389,5475827,Terdaftar,1
288214814,UD. Aldo Harapan,Perdagangan,45536403,4475349,Belum Terdaftar,0
288214815,UD. Naufal Adiwangsa,Jasa,7599600,1658863,Terdaftar,1
288214816,UD. Niken Ratu,Perdagangan,17738841,6010936,Belum Terdaftar,0
288214817,UD. Heri Tejakencana Jojo,Jasa,28384040,1401528,Terdaftar,1
288214818,UD. Qori Pusaka,Jasa,22875438,9220869,Terdaftar,1
288214819,UD. Silvi Pancasila,Kesehatan,24549513,9568973,Terdaftar,1
288214820,UD. Sinta Bratadikara,Jasa,43850525,7056277,Belum Terdaftar,0
288214821,UD. Satria Sukarela,Perdagangan,14174019,7378202,Terdaftar,1
288214822,UD. Tama Surya Nadia,Jasa,22547233,7312766,Belum Terdaftar,0
288214823,UD. Pasha Radhitya,Pendidikan,1737348,1363232,Belum Terdaftar,0
288214824,UD. Gilangga Kelana,Pendidikan,6523433,7065267,Belum Terdaftar,0
288214825,UD. Asep Bahari,Kesehatan,4842056,9814032,Terdaftar,1
288214826,UD. Miko Kusumajati Bambang,Kesehatan,49645671,2127577,Belum Terdaftar,0
288214827,UD. Prananda Tri,Perdagangan,47617794,,Terdaftar,1
288214828,UD. Jasmin Abadi,Kesehatan,25453426,5275872,Terdaftar,1
288214829,UD. Tania Brawijaya,Perdagangan,29135288,8363671,Terdaftar,1
288214830,UD. Elsa Cerah,Perdagangan,26378961,7245628,Terdaftar,1
288214831,UD. Anisa Lingga,Perdagangan,1672186,4145897,Belum Terdaftar,0
288214832,UD. Qyla Bima,Pendidikan,10174986,4111613,Terdaftar,1
288214833,UD. Icha Mandala,Perdagangan,18796950,565246,Belum Terdaftar,0
288214834,UD. Yani Cendana,Kesehatan,22445818,5007543,Belum Terdaftar,0
288214835,UD. Yasir Manik,Kesehatan,41657204,7839378,Belum Terdaftar,0
288214836,UD. Gisel Trisula,Perdagangan,31650849,8667232,Terdaftar,1
288214837,UD. Diva Sangga,Jasa,47726958,1301689,Terdaftar,1
unknown,UD. Winda Dwijaputra,Jasa,12310652,7783895,Belum Terdaftar,0
288214839,UD. Sani Darussalam,Pendidikan,43662129,1421107,Terdaftar,1
288214840,UD. Gita Kelana,Jasa,17752367,4912448,Terdaftar,1
288214841,UD. Yuli Jayawarsa Evan,Jasa,21886860,7478990,Terdaftar,1
288214842,UD. Yoga Asa,Perdagangan,5283795,1539557,Belum Terdaftar,0
288214843,UD. Widi Bahagia,Pendidikan,29267078,4158446,Terdaftar,1
288214844,UD. Jafar Mahendra Kamil,Pendidikan,2789896,7850583,Terdaftar,1
288214845,UD. Qanitah Resaputra,Pendidikan,27315122,7066210,Belum Terdaftar,0
288214846,UD. Yasir Merdeka,Kesehatan,20483297,8812660,Belum Terdaftar,0
288214847,UD. Prananda Wibawa,Jasa,39547509,733050,Terdaftar,1
288214848,UD. Intan Sehat Yusuf,Jasa,4040500,5870245,Belum Terdaftar,0
288214849,UD. Bagir Senja,Kesehatan,15680263,9860266,Belum Terdaftar,0
288214850,UD. Niken Binasena,Perdagangan,14294002,2304515,Belum Terdaftar,0
288214851,UD. Andi Kulon,Pendidikan,10731880,9132823,Terdaftar,1
288214852,UD. Olivia Setia,Kesehatan,22521792,1673679,Belum Terdaftar,0
288214853,UD. Ulya Wisesa,Jasa,26071344,1715708,Terdaftar,1
288214854,UD. Zaki Utamajaya,Jasa,48993395,6787781,Belum Terdaftar,0
288214855,UD. Wenny Satya,Kesehatan,23368080,2399813,Belum Terdaftar,0
288214856,UD. Kiki Dharma,Kesehatan,24172166,2532944,Terdaftar,1
unknown,UD. Yora Radhitya,Perdagangan,19141666,4709894,Belum Terdaftar,0
288214858,UD. Pasha Warna,Pendidikan,37803215,5065867,Belum Terdaftar,0
288214859,UD. Naufal Asa,Jasa,42344788,3661115,Belum Terdaftar,0
288214860,UD. Fatimah Nirmala,Kesehatan,15711108,5265613,Terdaftar,1
288214861,UD. Zahra Sentosa,Jasa,30433860,8528461,Belum Terdaftar,0
288214862,UD. Maudy Nirwasita Eren,Pendidikan,2558088,2770880,Belum Terdaftar,0
288214863,UD. Mirna Wangi,Perdagangan,25071662,3651244,Belum Terdaftar,0
288214864,UD. Xenia Wiraatmaja,Kesehatan,25511412,7423941,Terdaftar,1
288214865,UD. Kanza Tirtaatmaja,Jasa,5924410,8194144,Terdaftar,1
288214866,UD. Maudy Sasmita,Perdagangan,45733679,9857784,Terdaftar,1
288214867,UD. Elsa Binasena,Kesehatan,13833982,2091168,Terdaftar,1
288214868,UD. Ulya Tejakusuma Galih,Kesehatan,9967173,3984848,Terdaftar,1
288214869,UD. Sani Ilir,Pendidikan,2845146,2155314,Terdaftar,1
288214870,UD. Fanny Paningrat,Kesehatan,13002800,1106717,Terdaftar,1
288214871,UD. Farhan Bersemi Kevin,Pendidikan,36318709,1556166,Terdaftar,1
288214872,UD. Kiki Kelana,Perdagangan,18515533,545608,Belum Terdaftar,0
288214873,UD. Jihan Wiyata,Jasa,15849231,9592243,Belum Terdaftar,0
288214874,UD. Andi Jatinagara,Jasa,18150353,2428862,Terdaftar,1
288214875,UD. Jordi Langit,unknown,13984849,3244929,Terdaftar,1
288214876,UD. Baim Resaputra Qamar,Jasa,45045049,7926667,Terdaftar,1
288214877,UD. Jihan Kulon Okta,Perdagangan,36211345,9413207,Belum Terdaftar,0
288214878,UD. Syifa Sejahtera,Kesehatan,1850770,1722930,Belum Terdaftar,0
288214879,UD. Marsya Agung,Perdagangan,19436888,1215888,Terdaftar,1
288214880,UD. Balqis Wiraatmaja,Perdagangan,1097670,5449825,Terdaftar,1
288214881,UD. Rangga Gandewa Qomar,Kesehatan,12121208,8190561,Belum Terdaftar,0
288214882,UD. Qila Ilir,Perdagangan,6060043,5423685,Terdaftar,1
288214883,UD. Marsel Prima,Jasa,37587317,unknown,Terdaftar,1
288214884,UD. Odie Mulyo Ziva,Perdagangan,40153167,7569211,Terdaftar,1
288214885,UD. Prita Trisula,Jasa,12868062,unknown,Belum Terdaftar,0
,UD. Habib Dharma,Kesehatan,6966615,7707444,Belum Terdaftar,0
288214887,UD. Zidanar Wirawati,Perdagangan,18610879,7293884,Terdaftar,1
288214888,UD. Melati Trisakti,Pendidikan,38272638,9923869,Belum Terdaftar,0
288214889,UD. Pasha Tirta Livia,Pendidikan,20112363,2872137,Belum Terdaftar,0
288214890,UD. Umi Abdi,Jasa,41649047,7027627,Belum Terdaftar,0
288214891,UD. Ujang Kusumatmaja,Kesehatan,23518863,8603937,Terdaftar,1
288214892,UD. Tania Widuri,Kesehatan,16863406,9195847,Belum Terdaftar,0
288214893,UD. Yusuf Manunggal Qanita,Pendidikan,48025318,4177285,Belum Terdaftar,0
288214894,UD. Fanny Resmi Jojo,Perdagangan,1963355,4637278,Belum Terdaftar,0
288214895,UD. Desta Luhur,Jasa,16141498,2773952,Belum Terdaftar,0
288214896,UD. Dewi Adiwangsa,Kesehatan,4290884,8891532,Belum Terdaftar,0
288214897,UD. Marsya Nirmala,Pendidikan,49706252,8319752,Terdaftar,1
288214898,UD. Jordi Adiwangsa,Perdagangan,33412686,7974036,Terdaftar,1
288214899,UD. Satria Setia,Perdagangan,28950640,9545251,Belum Terdaftar,0
288214900,UD. Lutfi Indah,Perdagangan,40198467,2835323,Belum Terdaftar,0
288214901,UD. Hilmiyah Jati,Kesehatan,33708109,7244308,Terdaftar,1
288214902,UD. Khayla Wirajaya,Kesehatan,49312538,4356900,Terdaftar,1
288214903,UD. Ujang Wirajaya,Pendidikan,44816329,7917927,Belum Terdaftar,0
288214904,UD. Bagas Galuh,Jasa,40004758,8831389,Belum Terdaftar,0
288214905,UD. Zulkarnaen Wacana,Pendidikan,32529316,732628,Terdaftar,1
288214906,UD. Dewi Gatra,Pendidikan,37545243,6967606,Terdaftar,1
288214907,UD. Baim Sundawa,Jasa,2206092,4481973,Terdaftar,1
288214908,UD. Vidi Pancasila,Jasa,48382691,4198031,Terdaftar,1
288214909,UD. Qiana Sasmita,Jasa,19412415,8667540,Belum Terdaftar,0
288214910,UD. Salwa Widjaja,Jasa,6440954,8104154,Belum Terdaftar,0
288214911,UD. Uchie Suryaatmaja,Jasa,6411487,8637537,Belum Terdaftar,0
288214912,UD. Marsel Jayaningrat,Pendidikan,12146604,8176579,Belum Terdaftar,0
288214913,UD. Andi Saprahan,Jasa,48329252,2980706,Terdaftar,1
288214914,UD. Viona Senopati,Perdagangan,5844288,8968507,Terdaftar,1
288214915,UD. Jasmine Suci Santi,Jasa,29562555,5790219,Terdaftar,1
288214916,UD. Ulfa Resmi,Jasa,7448337,1553128,Belum Terdaftar,0
288214917,UD. Eni Winata Krisna,Perdagangan,45767308,1406194,Terdaftar,1
288214918,UD. Ovan Jayengprana,Perdagangan,12991768,6096653,Belum Terdaftar,0
288214919,UD. Cici Prabawa,Jasa,unknown,3658216,Terdaftar,1
288214920,UD. Yana Trijaya,Jasa,35376360,2191879,Terdaftar,1
288214921,UD. Ismail Ananta Putri,Kesehatan,23692136,6066048,Terdaftar,1
288214922,UD. Zulkarnaen Tri Vincent,Jasa,49565257,997813,Terdaftar,1
288214923,UD. Qamar Buana,Pendidikan,9964212,5116131,Terdaftar,1
288214924,UD. Kurnia Sukadarma,Kesehatan,4475331,,Terdaftar,1
288214925,UD. Febri Anindita,Jasa,5933828,6782093,Terdaftar,1
288214926,UD. Ulfa Wiraatmaja,Kesehatan,3274987,4859606,Belum Terdaftar,0
288214927,UD. Rosa Utama,Kesehatan,45755130,7355203,Terdaftar,1
288214928,UD. Mirna Tunggul,Jasa,34358501,2239548,Terdaftar,1
288214929,UD. Ari Elok,Jasa,31338277,5618561,Belum Terdaftar,0
288214930,UD. Oki Tri,Pendidikan,20345047,8698776,Belum Terdaftar,0
288214931,UD. Jibril Kencana,Jasa,38942503,7416541,Terdaftar,1
288214932,UD. Dewi Sangkala,Pendidikan,19021203,4118308,Terdaftar,1
288214933,UD. Febri Sudarsana,Perdagangan,41422515,7099686,Belum Terdaftar,0
288214934,UD. Nindy Resaputra,Perdagangan,14742043,9679650,Belum Terdaftar,0
288214935,UD. Hasna Cahyaningrat,Perdagangan,7200906,9254830,Belum Terdaftar,0
288214936,UD. Livia Saputrautama,Perdagangan,28285370,6284146,Belum Terdaftar,0
288214937,UD. Diyan Pramudita,Perdagangan,37983382,5591184,Belum Terdaftar,0
288214938,UD. Thariq Baswara,Jasa,8456334,4604531,Belum Terdaftar,0
288214939,UD. Tegar Padi,Kesehatan,18441891,3429998,Belum Terdaftar,0
288214940,UD. Evan Baruna,Kesehatan,29537609,7197573,Terdaftar,1
288214941,UD. Mika Sahaja,Pendidikan,3206522,1621482,Terdaftar,1
288214942,UD. Naila Bagaskara,Jasa,47447204,8770221,Belum Terdaftar,0
288214943,UD. Deni Manik,Perdagangan,31828410,5349667,Belum Terdaftar,0
288214944,UD. Carissa Purnama,Kesehatan,33360223,4654018,Belum Terdaftar,0
288214945,UD. Laras Artha,Pendidikan,23470064,8203629,Terdaftar,1
288214946,UD. Asep Bima,Perdagangan,17607526,2044875,Terdaftar,1
288214947,UD. Koko Wiyata,Jasa,14562350,7020383,Belum Terdaftar,0
288214948,UD. Salwa Kusumasari,Pendidikan,6060239,1658911,Terdaftar,1
288214949,UD. Kevin Reswara Ciko,Pendidikan,10802022,1816918,Belum Terdaftar,0
288214950,UD. Elen Sundawa,Perdagangan,47890884,2070802,Terdaftar,1
288214951,UD. Nindy Kusumajati Fatiah,Jasa,24193113,,Terdaftar,1
288214952,UD. Via Adikara,Pendidikan,12769906,3744371,Terdaftar,1
288214953,UD. Fikri Sidarta,Kesehatan,3702949,533842,Belum Terdaftar,0
288214954,UD. Juni Kencana Karim,Kesehatan,19547309,8584827,Terdaftar,1
288214955,UD. Utha Madusari,Perdagangan,45219545,9452812,,0
288214956,UD. Obed Pancasila,Jasa,30374668,3491480,Terdaftar,1
288214957,UD. Satria Nirwana,Kesehatan,1031725,6393238,Belum Terdaftar,0
288214958,UD. Jay Kusumasari,Perdagangan,28056198,4338415,Terdaftar,1
288214959,UD. Lukman Wijaya Livia,Jasa,15303383,9751375,Belum Terdaftar,0
288214960,UD. Damaris Wiratama,unknown,7530626,4332218,Belum Terdaftar,0
288214961,UD. Asep Reswara,Jasa,41881013,7061383,Belum Terdaftar,0
288214962,UD. Salsa Ilir,Kesehatan,7844917,3855547,Terdaftar,1
288214963,UD. Bagas Binasena,Jasa,5999183,3271617,Terdaftar,1
288214964,UD. Tomi Senja,Pendidikan,12913888,4206953,Terdaftar,1
288214965,UD. Wahyu Cendana,Kesehatan,27892977,9078352,Belum Terdaftar,0
288214966,UD. Bambang Sidarta,Perdagangan,9407411,9620551,Belum Terdaftar,0
288214967,UD. Qisha Jatinagara,Pendidikan,37098031,9839130,Belum Terdaftar,0
288214968,UD. Bayu Jayengpati,Pendidikan,39891096,720484,Terdaftar,1
288214969,UD. Lea Terang Sinta,Perdagangan,12738486,9759074,Belum Terdaftar,0
288214970,UD. Yaniar Asih,Jasa,28323385,7654470,Terdaftar,1
288214971,UD. Viona Sulaksana,Pendidikan,34692033,7349534,Belum Terdaftar,0
288214972,UD. Wesly Baswara Evan,Pendidikan,19121274,7954220,Belum Terdaftar,0
288214973,UD. Utami Agastya,Jasa,3093352,8100728,Belum Terdaftar,0
288214974,UD. Qais Kusumajati,Kesehatan,23428620,,Terdaftar,1
288214975,UD. Zahra Elok,Perdagangan,4828926,2229998,Terdaftar,1
288214976,UD. Cici Agung Cipta,Jasa,46043665,4505137,Terdaftar,1
288214977,UD. Budi Pelangi,Pendidikan,35934077,6532729,Belum Terdaftar,0
288214978,UD. Uli Padi,Kesehatan,1106579,4618301,Belum Terdaftar,0
288214979,UD. Silvi Arsana,Perdagangan,23101766,505543,Terdaftar,1
288214980,UD. Fatiah Kulon Tono,Pendidikan,31800509,7098036,Terdaftar,1
288214981,UD. Erlin Senopati,Pendidikan,12665781,2790367,Belum Terdaftar,0
288214982,UD. Pipit Anggara,Pendidikan,7183116,708645,Terdaftar,1
288214983,UD. Livia Bima,Kesehatan,18097351,1535865,Terdaftar,1
288214984,UD. Uti Yudhistira,Jasa,26142530,4395491,Terdaftar,1
288214985,UD. Marsel Kusumah,Jasa,17524173,2322521,Belum Terdaftar,0
288214986,UD. Elsa Utamajaya,Pendidikan,36678550,1220154,Terdaftar,1
288214987,UD. Vita Sahaja,Pendidikan,16965511,4435403,Belum Terdaftar,0
288214988,UD. Erlin Persada,Perdagangan,32081504,6317703,Belum Terdaftar,0
288214989,UD. Jihan Tunggal,Jasa,1231066,9223197,Belum Terdaftar,0
288214990,UD. Hasna Darma,Jasa,26970442,962890,Terdaftar,1
288214991,UD. Cici Nirmala,Perdagangan,22272416,8213779,Terdaftar,1
288214992,UD. Sari Cendana,Pendidikan,49593893,4543389,Terdaftar,1
288214993,UD. Najwa Wiratama,Kesehatan,3146907,2659589,Belum Terdaftar,0
288214994,UD. Livia Madya,Perdagangan,15078809,6855253,Belum Terdaftar,0
288214995,UD. Zulfa Asri,Pendidikan,45946781,2690724,Belum Terdaftar,0
288214996,UD. Udin Anindita,Pendidikan,25253513,3853316,Terdaftar,1
288214997,UD. Qasya Mega,Kesehatan,49017065,1430148,Belum Terdaftar,0
288214998,UD. Damaris Pagi,Jasa,13479263,3159478,Belum Terdaftar,0
288214999,UD. Livia Lingga,Kesehatan,3518563,7097561,Terdaftar,1
288215000,UD. Andi Prabawa,Pendidikan,12709321,2463206,Terdaftar,1
288215001,UD. Rafif Tejakencana,Jasa,6819604,unknown,Belum Terdaftar,0
,UD. Ulil Abadi Berlian,Jasa,23663026,9873611,Terdaftar,1
288215003,UD. Elyas Agung Intan,Perdagangan,11919478,5852170,Terdaftar,1
288215004,UD. Oniel Puri,Jasa,1302534,3947190,Belum Terdaftar,0
288215005,UD. Poppy Mayang,Kesehatan,21938356,8816985,Belum Terdaftar,0
288215006,UD. Bambang Suryaputra,Kesehatan,15663704,4835947,Belum Terdaftar,0
288215007,UD. Dea Swargaloka,Perdagangan,25135101,2383336,Terdaftar,1
288215008,UD. Candra Buana Galih,Pendidikan,44875745,9963459,Terdaftar,1
288215009,UD. Lina Anindita,,18686023,5078784,Belum Terdaftar,0
288215010,UD. Mirna Padi Berlian,Perdagangan,3730036,3532632,Terdaftar,1
288215011,UD. Oki Madani,Perdagangan,29193250,4338571,,0
288215012,UD. Anisa Saputrautama,Jasa,2605867,8016440,Terdaftar,1
288215013,UD. Poppy Cahaya,Kesehatan,39874587,4833708,Belum Terdaftar,0
288215014,UD. Berlian Binasena,Perdagangan,23640137,6001594,Belum Terdaftar,0
288215015,UD. Utami Dewangga,Jasa,31025293,3608580,Terdaftar,1
288215016,UD. Alvino Asri,Jasa,11645852,8204208,Belum Terdaftar,0
288215017,UD. Lukita Anindita,Kesehatan,19904192,1262034,Terdaftar,1
288215018,UD. Fani Senopati,Perdagangan,10166521,6671137,Belum Terdaftar,0
288215019,UD. Alif Ananta,Pendidikan,47104466,5070267,Belum Terdaftar,0
288215020,UD. Abdi Manggala,Perdagangan,22032397,2682105,Belum Terdaftar,0
288215021,UD. Nindy Satria,Kesehatan,42984787,6857995,Belum Terdaftar,0
288215022,UD. Fani Tunggal,Jasa,35458085,8615358,Terdaftar,1
288215023,UD. Iman Padi,Pendidikan,24072227,9754251,Terdaftar,1
288215024,UD. Halim Jaya,Jasa,12292904,7264986,Terdaftar,1
288215025,UD. Romi Utamaindah,Pendidikan,2821437,8278048,Belum Terdaftar,0
288215026,UD. Grego Indah,Kesehatan,18354021,5780096,Terdaftar,1
288215027,UD. Umar Kusumatmaja,Kesehatan,30141161,809152,Terdaftar,1
288215028,UD. Fira Pamungkas,Pendidikan,49887035,3527499,Belum Terdaftar,0
,UD. Kirana Gatra,Pendidikan,40485446,2173956,Belum Terdaftar,0
288215030,UD. Uti Wicaksana,Pendidikan,21522986,6843854,Terdaftar,1
288215031,UD. Joko Asih,Perdagangan,36379140,7717870,Belum Terdaftar,0
288215032,UD. Fitri Utama,Perdagangan,49017352,9781244,Belum Terdaftar,0
288215033,UD. Wenny Galuh Miko,Kesehatan,10118739,4463368,Terdaftar,1
288215034,UD. Winda Tirtaatmaja,Kesehatan,27902451,3396468,Terdaftar,1
288215035,UD. Livia Ranggalawe,Perdagangan,39450264,9803085,Belum Terdaftar,0
288215036,UD. Nina Arya,Jasa,16246391,9040150,Terdaftar,1
288215037,UD. Putri Adyatma,Jasa,45529349,8167418,Terdaftar,1
288215038,UD. Cipta Sentosa,Perdagangan,46599971,2783131,Terdaftar,1
288215039,UD. Vita Trisudira,Perdagangan,34965439,1546862,Belum Terdaftar,0
288215040,UD. Citra Trisakti,Perdagangan,14635005,1374939,Terdaftar,1
288215041,UD. Khalid Prana Cahya,Jasa,9229667,5028238,Terdaftar,1
288215042,UD. Eddy Wirajaya,Jasa,36403539,2075688,Belum Terdaftar,0
288215043,UD. Iman Tirtayasa,Pendidikan,41913389,9763899,Terdaftar,1
288215044,UD. Syifa Santosa,Perdagangan,23257041,6344692,Belum Terdaftar,0
288215045,UD. Iman Arya Syana,Perdagangan,21496839,4209791,Belum Terdaftar,0
288215046,UD. Mila Baru,Pendidikan,8022106,6511599,Terdaftar,1
288215047,UD. Joko Jagadmaya,Kesehatan,8650180,4498366,Terdaftar,1
288215048,UD. Gusti Alam,Jasa,20301726,4157406,Belum Terdaftar,0
288215049,UD. Ulya Lintang Rendi,Jasa,47964141,1308250,Belum Terdaftar,0
288215050,UD. Iqbal Dewangga Esa,Kesehatan,22475412,3484585,Terdaftar,1
288215051,UD. Cakra Reswara,Jasa,31025267,780423,Belum Terdaftar,0
288215052,UD. Cinta Cempaka,Jasa,21258178,4781379,Terdaftar,1
288215053,UD. Yudi Pagi,Kesehatan,48658297,3209550,Terdaftar,1
288215054,UD. Indah Kamajaya,Pendidikan,22431641,8345865,Terdaftar,1
288215055,UD. Lintang Madusari,Jasa,38109712,2629643,Terdaftar,1
288215056,UD. Taufik Sumirat,Kesehatan,25685054,5640014,Belum Terdaftar,0
288215057,UD. Alya Segar,Perdagangan,36934970,9418624,Terdaftar,1
288215058,UD. Ida Rejo,Perdagangan,11361309,4912647,Terdaftar,1
288215059,UD. Olivia Gunawan Erlin,Pendidikan,16235798,4547254,Terdaftar,1
288215060,UD. Nindy Reswara Rian,Jasa,40171992,2236827,Terdaftar,1
288215061,UD. Qayla Trisula,Perdagangan,27988968,1261525,Terdaftar,1
288215062,UD. Cipta Wetan,Kesehatan,30000637,4302275,Terdaftar,1
288215063,UD. Utami Baswara,Pendidikan,11590437,1548745,Belum Terdaftar,0
288215064,UD. Fira Madani,Jasa,27968017,6438137,Belum Terdaftar,0
288215065,UD. Joko Anindita,Jasa,7104352,1907070,Terdaftar,1
288215066,UD. Karim Saputra,Pendidikan,2192675,3434063,Terdaftar,1
288215067,UD. Fikra Yudhistira,Pendidikan,36790885,6592595,Belum Terdaftar,0
288215068,UD. Lea Nawasena,Kesehatan,21901009,3536255,Terdaftar,1
288215069,UD. Udin Jati Yayan,Jasa,31214581,1471451,Terdaftar,1
288215070,UD. Elyas Mandiri,Kesehatan,23307888,8434967,Terdaftar,1
288215071,UD. Kurnia Wiyata,Pendidikan,6705020,1151396,Belum Terdaftar,0
288215072,UD. Vina Wiyata,Perdagangan,13255759,7831321,Terdaftar,1
288215073,UD. Rendi Trisudira,Jasa,47594261,7149820,Terdaftar,1
288215074,UD. Putra Sunardi,Kesehatan,44889236,9617759,Belum Terdaftar,0
288215075,UD. Najwa Jayaningrat Koko,Kesehatan,23937329,7914694,Terdaftar,1
288215076,UD. Farid Wirawati,Kesehatan,39892331,7807633,Belum Terdaftar,0
288215077,UD. Rosa Jayabaya,Pendidikan,49686622,2137167,Belum Terdaftar,0
288215078,UD. Kiki Radhitya,Jasa,15629982,1604928,Terdaftar,1
288215079,UD. Bayu Persada Delia,Perdagangan,6372570,8051104,Belum Terdaftar,0
288215080,UD. Syifa Gemilang,Kesehatan,21850163,7156417,Terdaftar,1
288215081,UD. Uti Arsana,Perdagangan,41620712,3126076,Belum Terdaftar,0
288215082,UD. Qomar Jaladara,Pendidikan,34224305,6604770,Terdaftar,1
288215083,UD. Jasmine Sudharmo,Perdagangan,32484900,9623184,Terdaftar,1
288215084,UD. Karla Wicaksana,Jasa,10549570,3885313,Belum Terdaftar,0
288215085,UD. Fatimah Kamajaya,Pendidikan,32903393,2854753,Terdaftar,1
288215086,UD. Sari Agastya,Pendidikan,5668119,2653030,Belum Terdaftar,0
288215087,UD. Nara Sakti Berlian,Jasa,11489993,7660668,Terdaftar,1
288215088,UD. Diva Kelana,Kesehatan,3309176,9332572,Belum Terdaftar,0
288215089,UD. Zulkarnaen Trisaktiatma,Jasa,33973724,8900884,Terdaftar,1
288215090,UD. Abel Elok,Kesehatan,22506213,2165908,Belum Terdaftar,0
288215091,UD. Gadis Nirwasita,Perdagangan,27171596,4254072,Terdaftar,1
288215092,UD. Tania Sangkala,Pendidikan,34491942,1918450,Terdaftar,1
288215093,UD. Jaya Reswara,Pendidikan,14361010,5043458,Belum Terdaftar,0
288215094,UD. Citra Surya,Jasa,34024141,9861602,Terdaftar,1
288215095,UD. Priska Madya Hilmiyah,Pendidikan,49544477,9004542,Terdaftar,1
288215096,UD. Mario Cinta,Jasa,27505958,699793,Belum Terdaftar,0
288215097,UD. Nayla Jayaningrat,Pendidikan,26054960,8778322,Terdaftar,1
288215098,UD. Eka Saputra,Kesehatan,20341187,7878113,Terdaftar,1
288215099,UD. Sari Tirtayasa,Perdagangan,40770075,727268,Terdaftar,1
288215100,UD. Ina Utama,Jasa,18407782,505643,Terdaftar,1
288215101,UD. Halimah Tejakusuma,Jasa,33669695,6459272,Terdaftar,1
288215102,UD. Hanafi Dwijaputra,Kesehatan,2765065,6020600,Terdaftar,1
288215103,UD. Novi Wisesa,Perdagangan,28363481,5070751,Terdaftar,1
288215104,UD. Fikra Surapati,Jasa,4279073,8775627,Terdaftar,1
288215105,UD. Hilmiyah Lingga,Perdagangan,2022236,8843852,Belum Terdaftar,0
288215106,UD. Esa Tri,Pendidikan,48347079,1489228,Belum Terdaftar,0
288215107,UD. Tama Setia,Jasa,2288870,7254937,Terdaftar,1
288215108,UD. Pandu Sudharmo,Perdagangan,44169169,4448082,Belum Terdaftar,0
288215109,UD. Indah Saputranegara,Pendidikan,44810504,9885363,Terdaftar,1
288215110,UD. Koko Sejahtera Priska,Jasa,2637141,6422652,Terdaftar,1
288215111,UD. Hasna Sudarsana,Jasa,16923857,5216885,Terdaftar,1
288215112,UD. Ari Manggala,Pendidikan,10714340,9209195,Belum Terdaftar,0
288215113,UD. Dani Sidarta,Pendidikan,47427296,8376163,Terdaftar,1
288215114,UD. Putra Lempung,Kesehatan,8738287,9593892,Terdaftar,1
288215115,UD. Salwa Kawiswara,Perdagangan,5957932,5422739,Belum Terdaftar,0
288215116,UD. Alvino Sulaksana,Jasa,19180143,1849497,Belum Terdaftar,0
288215117,UD. Tama Nirmala,Jasa,14037953,5985757,Belum Terdaftar,0
288215118,UD. Barokah Kayastha,Kesehatan,30376760,5685920,Terdaftar,1
288215119,UD. Deni Sangkala,Pendidikan,17261145,9092073,Belum Terdaftar,0
288215120,UD. Yudi Adiwarna,Kesehatan,18722512,2858862,Belum Terdaftar,0
288215121,UD. Kevin Suryaputra,Pendidikan,,1126804,Terdaftar,1
288215122,UD. Zera Haji,Kesehatan,11024201,5315568,Terdaftar,1
288215123,UD. Fatimah Jatiwangi,Pendidikan,12073776,2706923,Terdaftar,1
288215124,UD. Indah Brata,Pendidikan,27322244,2803748,Terdaftar,1
288215125,UD. Binar Asih,Pendidikan,22882789,6618117,Belum Terdaftar,0
288215126,UD. Ismail Mega,Jasa,41941360,1053903,Belum Terdaftar,0
288215127,UD. Pio Adiwangsa,Jasa,1417319,1499142,Terdaftar,1
288215128,UD. Elen Lestari,Jasa,21211888,8384082,Belum Terdaftar,0
288215129,UD. Marsel Wirawati,,2093077,9479280,Terdaftar,1
288215130,UD. Vega Kusuma,Jasa,2548818,2123708,Terdaftar,1
288215131,UD. Evan Malam Omar,Perdagangan,37141280,6080713,Belum Terdaftar,0
288215132,UD. Nando Pagi,Kesehatan,42786160,5898419,Terdaftar,1
288215133,UD. Laila Tunggal,Perdagangan,39080901,2897430,Terdaftar,1
288215134,UD. Grego Tirta,Kesehatan,18541152,9343374,Terdaftar,1
288215135,UD. Salsa Mulyo,Perdagangan,25599056,9075834,Terdaftar,1
288215136,UD. Made Setia,Perdagangan,24593536,7121627,Belum Terdaftar,0
288215137,UD. Zahira Baskara,Jasa,41999678,7122322,Terdaftar,1
288215138,UD. Udin Kinarya,Perdagangan,13220363,8246598,Terdaftar,1
288215139,UD. Nisa Radhitya,Jasa,25297644,8412895,Belum Terdaftar,0
288215140,UD. Adinda Darussalam,Pendidikan,13095575,5456371,Terdaftar,1
288215141,UD. Zulfa Madani,Jasa,43713320,9593812,Terdaftar,1
288215142,UD. Zera Asih,Pendidikan,48799023,3948487,Terdaftar,1
288215143,UD. Qanita Wijapranata,Perdagangan,10988132,4685322,Belum Terdaftar,0
288215144,UD. Elsa Manggala,Pendidikan,45291419,4002602,Belum Terdaftar,0
288215145,UD. Qori Tunggal,Perdagangan,49392474,7029307,Terdaftar,1
288215146,UD. Bambang Surya,Jasa,18800105,7740095,Belum Terdaftar,0
288215147,UD. Sari Jayaningrat,Kesehatan,27338200,8574317,Terdaftar,1
288215148,UD. Umar Bangun Eka,Perdagangan,33443499,4109936,Terdaftar,1
288215149,UD. Deni Wisnu,Perdagangan,23369349,1650123,Belum Terdaftar,0
288215150,UD. Zara Wacana,Jasa,22825202,8821670,Terdaftar,1
288215151,UD. Mira Kamajaya,Jasa,45852333,3303039,Terdaftar,1
288215152,UD. Zainab Hastinapura,Jasa,8552461,8565935,Terdaftar,1
288215153,UD. Juli Satriya,Kesehatan,10399657,4054497,Belum Terdaftar,0
288215154,UD. Desta Surya Rafif,Perdagangan,35806318,1329897,Belum Terdaftar,0
288215155,UD. Jaya Gemilang,Perdagangan,26727662,6852387,Belum Terdaftar,0
288215156,UD. Lana Anindita,Pendidikan,43969371,3919199,Belum Terdaftar,0
288215157,UD. Erni Panuluh,Kesehatan,,8109604,Belum Terdaftar,0
288215158,UD. Zera Sidarta,Kesehatan,26873199,4178310,Belum Terdaftar,0
288215159,UD. Nando Baruna,Jasa,10726657,2951609,Belum Terdaftar,0
288215160,UD. Syifa Nirbayu,Jasa,46471668,3656637,Terdaftar,1
288215161,UD. Ayesha Suryaatmaja Zulkarnaen,Kesehatan,7162478,3388577,Terdaftar,1
288215162,UD. Taufik Prajurit,Perdagangan,,9698962,Terdaftar,1
288215163,UD. Alif Panembahan,Kesehatan,30113472,2447910,Terdaftar,1
288215164,UD. Esa Atma,Jasa,7432961,6746253,Terdaftar,1
288215165,UD. Erlangga Wetan,Pendidikan,,7608182,Belum Terdaftar,0
288215166,UD. Fira Harapan,Jasa,46640310,5326104,Terdaftar,1
288215167,UD. Erlangga Adiwangsa,Pendidikan,2451483,877491,Belum Terdaftar,0
288215168,UD. Tama Citra,Perdagangan,3503190,6681646,Belum Terdaftar,0
288215169,UD. Karla Cahaya Esa,Pendidikan,8734163,2159827,Belum Terdaftar,0
288215170,UD. Wito Naraya,Kesehatan,28863456,9370773,Terdaftar,1
288215171,UD. Kiki Pagi,Jasa,32735645,2208699,Belum Terdaftar,0
288215172,UD. Qira Utama,Perdagangan,11228965,7293151,Terdaftar,1
288215173,UD. Viona Sakti,Kesehatan,41953903,1886818,,0
288215174,UD. Rafif Jati,Pendidikan,41529509,2586072,Terdaftar,1
288215175,UD. Pasha Prajurit,Perdagangan,11680317,7614806,Belum Terdaftar,0
288215176,UD. Gusti Nawasena Gusti,Jasa,13026350,8887979,Belum Terdaftar,0
288215177,UD. Nindy Wijaya,Perdagangan,20709946,2388959,Belum Terdaftar,0
288215178,UD. Riyan Dharma Echa,Jasa,29168614,670375,Terdaftar,1
288215179,UD. Cinta Adiwangsa,Jasa,25187014,2260008,Terdaftar,1
288215180,UD. Gisel Adyatma,Pendidikan,49724285,2304962,Belum Terdaftar,0
288215181,UD. Kiki Lestari,Pendidikan,14106016,3991197,Terdaftar,1
288215182,UD. Carissa Trisaktiatma,Kesehatan,32712993,2526967,Belum Terdaftar,0
288215183,UD. Zain Senopati,Pendidikan,17086352,1570498,Terdaftar,1
288215184,UD. Leni Widjaja,Jasa,2764272,1571242,Belum Terdaftar,0
288215185,UD. Vita Gatra,Kesehatan,48284327,8462999,Belum Terdaftar,0
288215186,UD. Made Wijaya,Jasa,40489027,7164192,Belum Terdaftar,0
288215187,UD. Lono Jayengpati,Pendidikan,7409612,1593384,Terdaftar,1
288215188,UD. Uci Tunggul,Perdagangan,13265311,1434428,Belum Terdaftar,0
288215189,UD. Anang Brata Oki,Jasa,8114154,9475149,Belum Terdaftar,0
288215190,UD. Udin Ilir,Pendidikan,47307211,3667519,Belum Terdaftar,0
288215191,UD. Amir Bahagia,Perdagangan,23595447,3090937,Belum Terdaftar,0
288215192,UD. Gerry Adiwangsa,Kesehatan,21535245,6250631,Belum Terdaftar,0
288215193,UD. Leni Ayodya,Pendidikan,44607124,9698039,Belum Terdaftar,0
288215194,UD. Utha Wacana Vita,Pendidikan,45022760,6870166,Terdaftar,1
288215195,UD. Dea Pelangi,Pendidikan,1641798,3473445,Belum Terdaftar,0
288215196,UD. Yudi Abdi Pardi,Jasa,2269546,7238588,Belum Terdaftar,0
288215197,UD. Utha Agung,Jasa,,3400879,Belum Terdaftar,0
288215198,UD. Cakra Agastya,Pendidikan,5086489,4766476,Belum Terdaftar,0
288215199,UD. Indah Galuh,Jasa,41768153,6125703,Belum Terdaftar,0
288215200,UD. Olla Wiyata,Kesehatan,25847802,1940510,Belum Terdaftar,0
288215201,UD. Umi Sukma,Jasa,47027379,5441447,Belum Terdaftar,0
288215202,UD. Jodi Agung,Pendidikan,39556343,5534343,Terdaftar,1
288215203,UD. Bella Rejo,Jasa,12779751,9272416,Belum Terdaftar,0
288215204,UD. Fatimah Putra,Kesehatan,34368129,1400970,Belum Terdaftar,0
288215205,UD. Khalid Ilir,Kesehatan,49024679,2058564,Terdaftar,1
288215206,UD. Iman Bagaskara,Jasa,44449998,7622518,Terdaftar,1
288215207,UD. Yusuf Cendana,Perdagangan,18023019,9564861,Belum Terdaftar,0
,UD. Jordi Ranggalawe,Perdagangan,4204830,3438076,Belum Terdaftar,0
288215209,UD. Ari Mahendra,Perdagangan,19212794,5172968,Terdaftar,1
288215210,UD. Yana Adikara,Jasa,45297060,9147850,Terdaftar,1
288215211,UD. Fadli Wisesa Halim,Kesehatan,10389473,5141930,Belum Terdaftar,0
288215212,UD. Jihan Panji,Pendidikan,31041227,8299886,Belum Terdaftar,0
288215213,UD. Miko Senopati,Jasa,33820357,4646364,Terdaftar,1
288215214,UD. Riyan Praja,Jasa,26749114,6429579,Belum Terdaftar,0
288215215,UD. Gani Wibawa,unknown,19927079,9871757,Belum Terdaftar,0
288215216,UD. Alif Winata,,37626655,3503685,Terdaftar,1
288215217,UD. Fadli Saputranegara,Pendidikan,22205071,9559503,Terdaftar,1
288215218,UD. Kirana Bijaksana,Jasa,46704600,3625657,Terdaftar,1
288215219,UD. Lana Paningrat,Kesehatan,43046941,8478348,Terdaftar,1
288215220,UD. Gadis Asih,Pendidikan,38213735,5442820,Terdaftar,1
288215221,UD. Tari Tejakencana,Pendidikan,47532527,902455,Belum Terdaftar,0
288215222,UD. Dewi Brata,Jasa,35884582,9171445,Belum Terdaftar,0
288215223,UD. Qisya Harmoni,Kesehatan,27035639,3094641,Belum Terdaftar,0
288215224,UD. Odie Gandewa,Jasa,11473579,4535144,Belum Terdaftar,0
288215225,UD. Elva Karang,Kesehatan,34962886,5388927,Terdaftar,1
288215226,UD. Winda Rejo,Perdagangan,48345776,5201288,Terdaftar,1
288215227,UD. Iqra Damai,Jasa,25577915,4213680,Belum Terdaftar,0
288215228,UD. Yayan Terang,Kesehatan,20303949,4324792,Terdaftar,1
288215229,UD. Yolanda Gandewa,Kesehatan,2705828,,Belum Terdaftar,0
288215230,UD. Iqra Sundawa,Perdagangan,7572161,5486636,Terdaftar,1
288215231,UD. Erni Asih,Perdagangan,41558270,1224428,Terdaftar,1
288215232,UD. Najwa Bratadikara,Perdagangan,44725636,1035430,Belum Terdaftar,0
288215233,UD. Laila Harmoni Qira,Jasa,20515493,2686125,Terdaftar,1
288215234,UD. Lina Bima Kinan,Pendidikan,9242413,4720027,Terdaftar,1
288215235,UD. Shinta Baruna,Jasa,39816021,588324,Terdaftar,1
288215236,UD. Arman Brawijaya,Kesehatan,,2038060,Belum Terdaftar,0
288215237,UD. Eddy Kamajaya,Jasa,35419500,5179670,Belum Terdaftar,0
288215238,UD. Fatimah Taruna,Kesehatan,30175793,8437051,Belum Terdaftar,0
288215239,UD. Chiko Sahaja,Jasa,49608227,4054930,Terdaftar,1
288215240,UD. Pio Bangun,Pendidikan,43616580,3292654,Belum Terdaftar,0
288215241,UD. Via Kusen,Jasa,29966553,6809286,Belum Terdaftar,0
288215242,UD. Hesti Pramana,Perdagangan,25356443,1930032,Terdaftar,1
288215243,UD. Yana Widjaja,Pendidikan,8628334,1095653,Terdaftar,1
288215244,UD. Taufan Kusumah,Kesehatan,19822721,8298765,Terdaftar,1
288215245,UD. Iman Cendana,Pendidikan,23649831,7034765,Belum Terdaftar,0
288215246,UD. Wesly Wicaksana,Perdagangan,24313649,3023154,Terdaftar,1
288215247,UD. Yana Harapan,Pendidikan,15859924,9256255,Terdaftar,1
288215248,UD. Haidar Tri,Kesehatan,2060216,9474601,Terdaftar,1
288215249,UD. Berlian Warna,Perdagangan,7742268,9928523,Terdaftar,1
288215250,UD. Sella Sahaja,Kesehatan,43059585,8596244,Belum Terdaftar,0
288215251,UD. Harun Asa,Kesehatan,15067457,9185781,Terdaftar,1
288215252,UD. Alif Utama Nibras,Perdagangan,35573542,5273818,Terdaftar,1
288215253,UD. Verdi Cahaya,Kesehatan,12715373,3961377,Terdaftar,1
288215254,UD. Vega Prana,Pendidikan,27094276,1927723,Belum Terdaftar,0
288215255,UD. Willy Saputrautama,Perdagangan,24784200,6977909,Terdaftar,1
288215256,UD. Dina Prajurit,Kesehatan,24949965,5296145,Terdaftar,1
288215257,UD. Hanaura Widhi,Jasa,36790403,1897323,Belum Terdaftar,0
288215258,UD. Qiana Berkarya,Perdagangan,1838336,842014,Terdaftar,1
288215259,UD. Halim Anugerah,Jasa,49260391,4520803,unknown,0
288215260,UD. Alma Alam,Kesehatan,30506197,4144176,Terdaftar,1
288215261,UD. Yora Putra,Perdagangan,28174719,6608340,Terdaftar,1
288215262,UD. Viona Saprahan,Pendidikan,45275890,4512271,Terdaftar,1
288215263,UD. Novi Arsana,Jasa,42610665,1297305,Terdaftar,1
288215264,UD. Qamar Surya Nazar,Kesehatan,36607766,2721440,Belum Terdaftar,0
288215265,UD. Fanny Sumringah,Jasa,1270992,9336624,Belum Terdaftar,0
288215266,UD. Juni Wiyata,Kesehatan,19485921,7464193,Belum Terdaftar,0
288215267,UD. Qiana Anindita,Kesehatan,29545988,1305098,Belum Terdaftar,0
288215268,UD. Made Jatiwangi,Kesehatan,5780078,5481689,Terdaftar,1
288215269,UD. Zain Manggala,Perdagangan,34559209,7572198,Terdaftar,1
288215270,UD. Hanaura Wijapranata Kamil,Jasa,24174705,3626688,Belum Terdaftar,0
288215271,UD. Dewi Cerah,Pendidikan,2487351,4645989,Belum Terdaftar,0
288215272,UD. Zidan Adiwangsa,Pendidikan,44106412,9674277,Terdaftar,1
288215273,UD. Chika Madusari,Jasa,27985652,8808068,Belum Terdaftar,0
288215274,UD. Gracia Atma,Jasa,30625309,7978079,Terdaftar,1
288215275,UD. Jojo Manggala,Kesehatan,37812813,4582524,Terdaftar,1
288215276,UD. Diva Adiwarna Taufan,Perdagangan,9520258,8129930,Terdaftar,1
288215277,UD. Qori Santosa,Kesehatan,9919269,2899709,Terdaftar,1
288215278,UD. Lukita Jatiwangi,Pendidikan,33197139,9928804,Terdaftar,1
288215279,UD. Joko Lestari,Jasa,40638460,2755836,Belum Terdaftar,0
288215280,UD. Viona Wijaksana,Kesehatan,1929942,9434273,Belum Terdaftar,0
288215281,UD. Gita Jagadmaya,Pendidikan,13081686,4616937,Belum Terdaftar,0
288215282,UD. Kamil Wicaksana,Kesehatan,5001684,5274957,Terdaftar,1
288215283,UD. Made Ayodya,Perdagangan,37010923,7683827,Belum Terdaftar,0
288215284,UD. Alma Prana,Jasa,38365753,9457942,unknown,0
288215285,UD. Qisya Raharja,Jasa,35710916,6377693,Belum Terdaftar,0
288215286,UD. Clarissa Kawiswara,Kesehatan,27349107,7044116,Belum Terdaftar,0
288215287,UD. Miko Sahaja,Pendidikan,26961672,6502129,Terdaftar,1
288215288,UD. Esa Elok,Perdagangan,45130214,1546396,Belum Terdaftar,0
288215289,UD. Indira Puri,Pendidikan,6529109,5373745,Terdaftar,1
288215290,UD. Wulan Abadi Cinta,Jasa,23282450,7443243,Belum Terdaftar,0
288215291,UD. Ulya Suryaputra,Pendidikan,21718148,9623441,Belum Terdaftar,0
288215292,UD. Lutfi Ananta,Jasa,18170068,590541,Belum Terdaftar,0
288215293,UD. Hilmiyah Saputranegara,Jasa,39474193,6759928,Belum Terdaftar,0
288215294,UD. Taufik Pancasila,Pendidikan,33273028,1752323,Terdaftar,1
288215295,UD. Gema Saputranegara,Jasa,35512316,4161183,Terdaftar,1
288215296,UD. Tomi Kencana,Pendidikan,1028902,5272841,Belum Terdaftar,0
288215297,UD. Omar Abdi Delia,Perdagangan,44772492,859464,Terdaftar,1
288215298,UD. Nindy Surya,Jasa,9069373,3668884,Belum Terdaftar,0
288215299,UD. Rizki Brata,Perdagangan,20049177,8347955,Belum Terdaftar,0
288215300,UD. Ina Prajurit,Perdagangan,32987323,5720975,Terdaftar,1
288215301,UD. Hasna Trisula,Perdagangan,15424586,9544682,Terdaftar,1
288215302,UD. Hana Kelana Hilmi,Pendidikan,14336642,2159027,Belum Terdaftar,0
288215303,UD. Anis Tejakencana,Pendidikan,38452091,9999711,Terdaftar,1
288215304,UD. Ulfa Bratadikara,Pendidikan,28257644,2542664,Terdaftar,1
288215305,UD. Fitri Wibawa Budi,Kesehatan,20346875,9226222,Terdaftar,1
288215306,UD. Qira Sukarela,Kesehatan,39295097,9915428,Terdaftar,1
288215307,UD. Aqila Lestari,Perdagangan,4250869,1490884,Terdaftar,1
288215308,UD. Dewi Damai,Kesehatan,10219980,6073918,Belum Terdaftar,0
288215309,UD. Zara Madusari,Jasa,9008426,5105694,Belum Terdaftar,0
288215310,UD. Zainab Asa,Kesehatan,44703529,2396970,Belum Terdaftar,0
288215311,UD. Jordi Bijaksana,Kesehatan,24981844,7063701,Belum Terdaftar,0
288215312,UD. Putra Suci,Jasa,18968026,1664258,Terdaftar,1
288215313,UD. Vincent Sukma Yusuf,Jasa,29974916,5275144,Terdaftar,1
288215314,UD. Tono Adikara,Jasa,6709904,3332757,Belum Terdaftar,0
288215315,UD. Ulya Mahendra,Jasa,36215670,5619957,Terdaftar,1
288215316,UD. Qais Lempung,Perdagangan,13164692,9361988,Terdaftar,1
288215317,UD. Bulan Kayastha,Kesehatan,42006528,9421626,Belum Terdaftar,0
288215318,UD. Zainab Tirtaatmaja Eddy,Pendidikan,17591887,3999008,Terdaftar,1
288215319,UD. Xenia Utamaindah,Jasa,32325589,9765598,Belum Terdaftar,0
288215320,UD. Hana Bintang,Kesehatan,5366719,5932964,Belum Terdaftar,0
288215321,UD. Asep Pamungkas,Perdagangan,41471879,8092672,Terdaftar,1
288215322,UD. Wira Trisaktiatma,Perdagangan,22360429,2079431,Terdaftar,1
288215323,UD. Anisa Hilir,Kesehatan,28720496,5445435,Terdaftar,1
288215324,UD. Wenda Utama,Jasa,2856872,874927,Terdaftar,1
288215325,UD. Vito Utamaindah,Kesehatan,35966117,5007520,Terdaftar,1
288215326,UD. Prita Widjaja,Kesehatan,45977652,892647,Terdaftar,1
288215327,UD. Joko Ananta,Jasa,25360513,2190627,Terdaftar,1
288215328,UD. Sekar Cahaya,Jasa,47814910,6873938,Terdaftar,1
288215329,UD. Valen Taruna,Perdagangan,29848287,9503089,Belum Terdaftar,0
288215330,UD. Dewi Dwijaputra,Jasa,34709522,8595442,Terdaftar,1
288215331,UD. Qisya Kayastha,Kesehatan,22096716,9005160,Terdaftar,1
288215332,UD. Priska Adhi,Pendidikan,7208471,9964449,Terdaftar,1
288215333,UD. Vita Sasmita,Kesehatan,44100937,7919330,Belum Terdaftar,0
288215334,UD. Santi Sunardi,Kesehatan,29064964,2445644,Belum Terdaftar,0
288215335,UD. Zidan Wangi,Kesehatan,8280858,7649074,Belum Terdaftar,0
288215336,UD. Iman Makmur,Perdagangan,38848507,9207194,Terdaftar,1
288215337,UD. Ghani Wetan,Jasa,34818044,8923912,Belum Terdaftar,0
288215338,UD. Vina Mandala,Pendidikan,3411065,8384044,Terdaftar,1
288215339,UD. Ida Mandala,unknown,15559481,680791,Belum Terdaftar,0
288215340,UD. Diyan Jayaningrat,Pendidikan,40656984,5609616,Belum Terdaftar,0
288215341,UD. Bella Maheswara,Pendidikan,28631174,7068045,Terdaftar,1
288215342,UD. Bagas Malam,Perdagangan,22347900,9041996,Terdaftar,1
288215343,UD. Sani Satriya,Pendidikan,24307948,8805878,Belum Terdaftar,0
288215344,UD. Fahmi Trisakti,Jasa,10341978,6637499,Terdaftar,1
288215345,UD. Viona Asih,Perdagangan,33986931,5872278,Belum Terdaftar,0
288215346,UD. Hilmi Widuri Pandu,Jasa,40048378,9482369,Belum Terdaftar,0
288215347,UD. Dea Sundawa,Perdagangan,18279956,4785720,Terdaftar,1
288215348,UD. Yaniar Tejakusuma,Perdagangan,11010785,6815880,Terdaftar,1
288215349,UD. Fani Naraya,Perdagangan,29343380,8546459,Terdaftar,1
288215350,UD. Raka Pamungkas Abdi,Kesehatan,11713134,1797216,Belum Terdaftar,0
288215351,UD. Galang Resmi,Kesehatan,41669978,4013460,Terdaftar,1
288215352,UD. Qayla Warna Vidi,Perdagangan,23941454,1429947,Terdaftar,1
288215353,UD. Isna Asa,Kesehatan,18563634,668272,Belum Terdaftar,0
288215354,UD. Damaris Madusari,Perdagangan,12649540,4176026,Terdaftar,1
288215355,UD. Abel Praja,Jasa,14872447,8923535,Terdaftar,1
288215356,UD. Livia Swargaloka,Perdagangan,2103928,6852512,Terdaftar,1
288215357,UD. Silvi Manggala Via,Perdagangan,,6461827,Terdaftar,1
288215358,UD. Yolanda Lingga,Kesehatan,32191790,9472689,Terdaftar,1
288215359,UD. Binar Praja,Kesehatan,44596119,4874112,Belum Terdaftar,0
288215360,UD. Nazar Satya,Jasa,8238527,6814095,Terdaftar,1
288215361,UD. Balqis Trijaya,Perdagangan,36453329,3524620,Terdaftar,1
288215362,UD. Odie Jayengprana Vidi,Perdagangan,12494897,1741146,Terdaftar,1
288215363,UD. Hilmiyah Nirwana,Jasa,27744814,8111654,Terdaftar,1
288215364,UD. Gita Kencana,Perdagangan,8416105,6203868,Terdaftar,1
288215365,UD. Yumna Wicaksana,Kesehatan,32562692,5583517,Belum Terdaftar,0
288215366,UD. Mila Ratu,Pendidikan,31781071,1945520,Belum Terdaftar,0
288215367,UD. Rahmat Sahaja,Kesehatan,17467028,3740644,Terdaftar,1
288215368,UD. Olivia Trisudira,Kesehatan,42352907,3960454,Belum Terdaftar,0
288215369,UD. Kirana Asmaralaya,Perdagangan,49905104,2225669,Belum Terdaftar,0
288215370,UD. Lando Galang,Jasa,10210795,4417251,Belum Terdaftar,0
288215371,UD. Esa Anggara,Perdagangan,37334880,7459832,Belum Terdaftar,0
288215372,UD. Zera Saprahan,Kesehatan,11916746,1168126,Terdaftar,1
288215373,UD. Bayu Maju,Pendidikan,2142951,7664046,Terdaftar,1
288215374,UD. Uchie Sudarsana,Perdagangan,8362122,3824344,Terdaftar,1
288215375,UD. Ilham Damai,Pendidikan,13747291,9772511,Belum Terdaftar,0
288215376,UD. Chika Mayang Evan,Perdagangan,10550954,7206934,Terdaftar,1
288215377,UD. Lea Wijaksana,Kesehatan,49227149,5964284,Terdaftar,1
288215378,UD. Wahyu Baru Novi,Pendidikan,39952562,4456858,Belum Terdaftar,0
288215379,UD. Khayla Wiraatmaja,Jasa,20143594,8631716,Belum Terdaftar,0
288215380,UD. Hanafi Malam,Jasa,12414618,1452489,Belum Terdaftar,0
288215381,UD. Indira Panuluh,Kesehatan,13459260,8736051,Belum Terdaftar,0
288215382,UD. Diyan Purnama,Perdagangan,29029793,2094965,Terdaftar,1
288215383,UD. Eddy Manik,Pendidikan,42972487,4237511,Terdaftar,1
288215384,UD. Desta Manunggal,Pendidikan,42542186,9946675,Belum Terdaftar,0
288215385,UD. Suci Utamaindah,Perdagangan,10358112,6348099,Terdaftar,1
288215386,UD. Zidan Tirta,Kesehatan,32136740,9314703,Terdaftar,1
288215387,UD. Yessi Satria,Perdagangan,26337398,3388557,Belum Terdaftar,0
288215388,UD. Umar Tunggal,Kesehatan,13788537,4200290,Belum Terdaftar,0
288215389,UD. Pipit Nawasena Hana,Kesehatan,47618132,4814106,Terdaftar,1
288215390,UD. Isna Nirmala Ojan,Kesehatan,21924722,1111527,Belum Terdaftar,0
288215391,UD. Chika Kencana,Perdagangan,4303836,839078,Belum Terdaftar,0
288215392,UD. Tomi Adiwangsa,Kesehatan,13936515,3901849,Terdaftar,1
288215393,UD. Prita Hastinapura,Pendidikan,41334680,8621608,Terdaftar,1
288215394,UD. Nina Kelana,Jasa,3635332,3103720,Terdaftar,1
288215395,UD. Ujang Sari,Perdagangan,33682130,8070035,Terdaftar,1
288215396,UD. Veronika Kusumasari,Pendidikan,3297450,2496299,Terdaftar,1
288215397,UD. Widya Jayawarsa,Pendidikan,10413286,7653660,Terdaftar,1
288215398,UD. Fatiah Anugerah,Jasa,38281605,6417251,Terdaftar,1
288215399,UD. Ulfa Purnama,Kesehatan,39322717,8903728,Terdaftar,1
288215400,UD. Hendra Manik,Jasa,5718526,1874621,Belum Terdaftar,0
288215401,UD. Ilmi Kelana,Perdagangan,23567692,7715550,Belum Terdaftar,0
288215402,UD. Thariq Widhi,Pendidikan,24652078,,Belum Terdaftar,0
288215403,UD. Vincent Utamaindah,Perdagangan,26346114,8511281,Terdaftar,1
288215404,UD. Cahya Maju,Jasa,46003321,3162804,Terdaftar,1
288215405,UD. Hanafi Trisula,Kesehatan,49489442,1142256,Belum Terdaftar,0
288215406,UD. Lutfi Mandala,Jasa,7066684,2870210,Belum Terdaftar,0
288215407,UD. Jasmin Karang,Pendidikan,44092803,3305136,Belum Terdaftar,0
288215408,UD. Riko Anggrek Grego,Pendidikan,7985138,8893909,Terdaftar,1
288215409,UD. Deni Prana,Kesehatan,17686848,5401015,Terdaftar,1
288215410,UD. Anis Karya Oki,Pendidikan,36381248,512628,Terdaftar,1
288215411,UD. Yuli Wetan,Kesehatan,26911174,8351259,Belum Terdaftar,0
288215412,UD. Ismail Tirtayasa Eni,Kesehatan,31135887,8080888,Terdaftar,1
288215413,UD. Tania Winata Bambang,Jasa,16292931,9711166,Terdaftar,1
288215414,UD. Hesti Suci,Jasa,10219343,2947459,Belum Terdaftar,0
288215415,UD. Livia Saputra,Perdagangan,47567793,1573103,Belum Terdaftar,0
288215416,UD. Aqila Pelangi,Perdagangan,46694862,5887321,Terdaftar,1
288215417,UD. Qayla Merdeka,Pendidikan,20194248,2524956,Belum Terdaftar,0
288215418,UD. Fatimah Selaras,Perdagangan,7821642,9870299,Terdaftar,1
288215419,UD. Alma Saputra,Pendidikan,30081798,1987708,Terdaftar,1
288215420,UD. Cipta Binasena,Kesehatan,41948788,,Terdaftar,1
288215421,UD. Qisya Bintang,Pendidikan,30642710,9122900,Belum Terdaftar,0
288215422,UD. Panji Pelangi,Perdagangan,22748422,6524484,Terdaftar,1
288215423,UD. Melati Gandewa,Jasa,34045387,6108194,Belum Terdaftar,0
288215424,UD. Ulil Lingga Owen,Kesehatan,6464578,6908260,Belum Terdaftar,0
288215425,UD. Erlin Rejo,Perdagangan,1486726,8510376,Terdaftar,1
288215426,UD. Wulan Bima,Pendidikan,25673302,3993002,Belum Terdaftar,0
288215427,UD. Vincent Winata,Kesehatan,11091429,7232920,Terdaftar,1
288215428,UD. Riko Terang,Pendidikan,25808662,8450237,Belum Terdaftar,0
288215429,UD. Halimah Kusumasari,Perdagangan,16290233,4216976,Belum Terdaftar,0
288215430,UD. Sari Sentosa,Pendidikan,49208937,4580532,Belum Terdaftar,0
288215431,UD. Fanny Sarwono Clarissa,Perdagangan,18035396,1538480,Belum Terdaftar,0
288215432,UD. Uti Surapati Fajar,Jasa,17651304,1185024,Terdaftar,1
288215433,UD. Nibras Wijaya,Perdagangan,42710960,2639638,Terdaftar,1
288215434,UD. Rian Mandiri,Perdagangan,5939188,7239461,Belum Terdaftar,0
288215435,UD. Evan Sehat,Jasa,48725117,2734080,Terdaftar,1
288215436,UD. Elyas Mahkota,Perdagangan,46618652,6254995,Belum Terdaftar,0
288215437,UD. Echa Bagaskara,Pendidikan,43416535,5811014,Belum Terdaftar,0
288215438,UD. Clarissa Sangkala,Pendidikan,13453846,5750154,Terdaftar,1
288215439,UD. Jodi Kulon,Kesehatan,8328283,4451221,Belum Terdaftar,0
288215440,UD. Uchie Kinarya,Kesehatan,44544584,9019721,Belum Terdaftar,0
288215441,UD. Opik Sukarela,Kesehatan,1395262,3527761,Terdaftar,1
288215442,UD. Ony Wisnu,Pendidikan,17107956,3937082,Belum Terdaftar,0
,UD. Mega Mahkota,Perdagangan,11189456,3872248,Terdaftar,1
288215444,UD. Barokah Wijaya,Pendidikan,33479112,6093170,Terdaftar,1
288215445,UD. Nazar Senja,Jasa,36145447,1429899,Terdaftar,1
288215446,UD. Daffa Lingga,Jasa,43259909,1844434,Belum Terdaftar,0
288215447,UD. Maudy Wetan,Kesehatan,48597838,9038773,Terdaftar,1
288215448,UD. Tomi Utama,Kesehatan,32847022,3194969,Terdaftar,1
288215449,UD. Alma Asih,Perdagangan,5790533,6180976,Terdaftar,1
288215450,UD. Aqila Puri,Jasa,23372846,5094365,Terdaftar,1
288215451,UD. Hesti Anggara,Pendidikan,7124433,8512721,Terdaftar,1
288215452,UD. Tono Widjaja Tiara,Perdagangan,40861621,5858367,Belum Terdaftar,0
288215453,UD. Guntur Wisnu,Jasa,30564887,764352,Terdaftar,1
288215454,UD. Lina Wirajaya Ismail,Perdagangan,39497014,3331808,Terdaftar,1
288215455,UD. Wulan Mahendra,Kesehatan,38720177,6666312,Terdaftar,1
,UD. Fatiah Permai,Pendidikan,11887890,6422033,Belum Terdaftar,0
288215457,UD. Raka Sarwono,Pendidikan,27634587,5028226,Belum Terdaftar,0
288215458,UD. Yudi Senopati,Kesehatan,22688342,3694243,Terdaftar,1
288215459,UD. Wenda Padi,Perdagangan,32348762,3927402,Belum Terdaftar,0
288215460,UD. Umar Baswara,Jasa,14968889,4209442,Terdaftar,1
288215461,UD. Farid Widuri,Kesehatan,32072125,604822,Terdaftar,1
288215462,UD. Putra Kinarya,Perusahaan,41422414,3479905,Belum Terdaftar,0
288215463,UD. Fanny Sangkala,Perdagangan,6454237,1639491,Belum Terdaftar,0
288215464,UD. Rangga Artha,Kesehatan,23993688,7353514,Terdaftar,1
288215465,UD. Iman Baruna,Jasa,17273438,2932162,Terdaftar,1
288215466,UD. Khayla Lintang,Pendidikan,22996298,2307097,Belum Terdaftar,0
288215467,UD. Cinta Pagi,Pendidikan,23618991,7089724,Terdaftar,1
288215468,UD. Delia Surya Livia,Perdagangan,48821591,8446556,Belum Terdaftar,0
288215469,UD. Karim Gemilang,Perdagangan,45969741,9263581,Terdaftar,1
288215470,UD. Ayesha Arya,Kesehatan,28234134,9490726,Terdaftar,1
288215471,UD. Ayesha Karya,Perdagangan,4220548,7487282,unknown,0
288215472,UD. Qamar Jayengpati,Pendidikan,7654574,2716024,Terdaftar,1
288215473,UD. Halimah Sari,Pendidikan,24300189,9741405,Terdaftar,1
288215474,UD. Guntur Jaya Fauzan,Kesehatan,23435625,5859894,Belum Terdaftar,0
288215475,UD. Fikri Kusumajati,Pendidikan,43073711,9350228,Terdaftar,1
288215476,UD. Putri Binasena,Pendidikan,47673455,3356842,Terdaftar,1
288215477,UD. Halimah Utama,Jasa,1909561,8843623,Terdaftar,1
288215478,UD. Ari Bintang,Pendidikan,39850354,7982851,Belum Terdaftar,0
288215479,UD. Chiko Panji,Kesehatan,40914946,9237649,Belum Terdaftar,0
288215480,UD. Kirana Arya,Jasa,16881843,9488556,Terdaftar,1
288215481,UD. Yuli Puri,Perdagangan,11296405,2291970,Belum Terdaftar,0
288215482,UD. Rafif Prana,Kesehatan,3252827,6157324,Belum Terdaftar,0
288215483,UD. Fikra Asa,Jasa,21601857,4217546,Terdaftar,1
288215484,UD. Marwan Luhur,Jasa,46470152,2992799,Terdaftar,1
288215485,UD. Suci Mandala,Perdagangan,47802368,2701359,Belum Terdaftar,0
288215486,UD. Widya Setia,Kesehatan,12422499,5444138,Terdaftar,1
288215487,UD. Rizki Surya Qory,Kesehatan,24342584,7278573,Terdaftar,1
288215488,UD. Nina Kencana,Jasa,13827412,1418590,Terdaftar,1
288215489,UD. Ari Wangi Wulan,Perdagangan,,723175,Belum Terdaftar,0
288215490,UD. Jasmin Baruna,Kesehatan,7402997,3510934,Terdaftar,1
288215491,UD. Poppy Maheswara,Pendidikan,42818139,3660517,Belum Terdaftar,0
288215492,UD. Fanny Karya,,30047779,9665079,Terdaftar,1
288215493,UD. Qyla Trisakti,Jasa,38263647,2473942,Terdaftar,1
288215494,UD. Santi Anggrek,Kesehatan,1091321,9182405,Terdaftar,1
288215495,UD. Raka Asmaralaya,Pendidikan,37725317,5476127,Belum Terdaftar,0
288215496,UD. Indira Sasmita,Perdagangan,24174294,8099789,Terdaftar,1
288215497,UD. Yani Utama,Kesehatan,49506693,5633780,Belum Terdaftar,0
288215498,UD. Eddy Ratu,Pendidikan,49359871,1396846,Terdaftar,1
288215499,UD. Koko Rejo Lea,Perdagangan,15475733,2325695,Belum Terdaftar,0
288215500,UD. Udin Mahkota,Perdagangan,23093470,7984255,Belum Terdaftar,0
288215501,UD. Damar Putri,Jasa,14932551,6082794,Belum Terdaftar,0
288215502,UD. Yola Selaras,Pendidikan,42137619,7823713,Belum Terdaftar,0
288215503,UD. Hanafi Saputranegara,Jasa,46103358,3795403,Terdaftar,1
288215504,UD. Via Baru,Pendidikan,34531607,1463092,Belum Terdaftar,0
288215505,UD. Grego Wening Bagir,Perdagangan,17971980,5829925,Terdaftar,1
288215506,UD. Qayla Jayawarsa Zidan,Kesehatan,,2963499,Belum Terdaftar,0
288215507,UD. Hesti Jayengpati,Kesehatan,3237618,5073771,Terdaftar,1
288215508,UD. Priska Saputranegara,Pendidikan,47347782,2148134,Terdaftar,1
288215509,UD. Fahmi Kamajaya,Kesehatan,15977532,1492021,Terdaftar,1
288215510,UD. Kanza Hastinapura,Pendidikan,10164979,6490651,Terdaftar,1
288215511,UD. Anang Utama Gani,Pendidikan,unknown,2889730,Belum Terdaftar,0
288215512,UD. Tari Wisnu,Perdagangan,15725850,3538295,Terdaftar,1
unknown,UD. Vega Sudarsana,Kesehatan,9860394,5916615,Terdaftar,1
288215514,UD. Zulkarnaen Wicaksana,Jasa,18581314,9943683,Terdaftar,1
288215515,UD. Zulfa Sangkala,Pendidikan,,9417604,Belum Terdaftar,0
288215516,UD. Livia Putra Riko,Pendidikan,36919620,5264787,Terdaftar,1
288215517,UD. Mega Pamungkas,Jasa,35725861,8628543,Terdaftar,1
288215518,UD. Oniel Kusuma,Perdagangan,,8426751,Belum Terdaftar,0
288215519,UD. Ony Paseban,Jasa,7264178,5153821,Terdaftar,1
288215520,UD. Pasha Nirmala,Perdagangan,49761925,570845,Terdaftar,1
288215521,UD. Yessi Kusumatmaja Syana,Kesehatan,34477767,8750151,Terdaftar,1
288215522,UD. Livia Senja,Jasa,25169647,6980376,Belum Terdaftar,0
288215523,UD. Arman Wangi,Kesehatan,36680339,2933606,Terdaftar,1
288215524,UD. Berlian Reswara Olivia,Perdagangan,29573977,5871111,Terdaftar,1
288215525,UD. Gani Brata,Jasa,42416761,8053457,Belum Terdaftar,0
288215526,UD. Ismail Kencana,Pendidikan,2206645,2392757,Belum Terdaftar,0
288215527,UD. Utha Warna,Perdagangan,19070466,9537692,Belum Terdaftar,0
288215528,UD. Santi Kelana,Perdagangan,2886191,9420826,Terdaftar,1
288215529,UD. Oki Nawasena,Pendidikan,14083065,8913548,Belum Terdaftar,0
288215530,UD. Viani Wijaya,Kesehatan,38015310,7769794,Belum Terdaftar,0
288215531,UD. Syifa Agastya,Kesehatan,45982026,9983287,Terdaftar,1
288215532,UD. Bela Wijaya Zaki,Kesehatan,36344991,3836355,Terdaftar,1
288215533,UD. Halimah Jayengprana,Kesehatan,23770399,6994826,Belum Terdaftar,0
288215534,UD. Qyla Kulon,Pendidikan,3619397,8783033,Belum Terdaftar,0
288215535,UD. Wenny Sumirat,Pendidikan,10360897,4730606,Terdaftar,1
288215536,UD. Elyas Prawira,Kesehatan,2893910,7923829,Terdaftar,1
288215537,UD. Cakra Suryaatmaja,Kesehatan,47756285,2116472,Belum Terdaftar,0
288215538,UD. Zidan Jayabaya,Pendidikan,14453903,9211768,Belum Terdaftar,0
288215539,UD. Yasir Padi,Pendidikan,20369472,5291080,Terdaftar,1
288215540,UD. Chiko Kencana,Pendidikan,41251299,7745400,Terdaftar,1
288215541,UD. Mario Sangga,Pendidikan,9496384,2322629,Terdaftar,1
288215542,UD. Ojan Padi,Pendidikan,36409764,3995686,Terdaftar,1
288215543,UD. Viona Ranggalawe,Kesehatan,14862876,7997511,Terdaftar,1
288215544,UD. Sekar Ilir,Perdagangan,,3037207,Belum Terdaftar,0
288215545,UD. Yusuf Pramana,Pendidikan,2095922,665739,Belum Terdaftar,0
288215546,UD. Gerry Lestari,Perdagangan,15248491,1711287,Belum Terdaftar,0
288215547,UD. Olla Widjaja Riko,Perdagangan,32759960,7278450,Belum Terdaftar,0
288215548,UD. Rian Agung,Jasa,24983653,9586101,Belum Terdaftar,0
288215549,UD. Kirana Asa,Perdagangan,15952469,5313101,Terdaftar,1
288215550,UD. Intan Atma Livia,Pendidikan,22684904,2023283,,0
288215551,UD. Salwa Nirwasita,Jasa,3224256,7946014,Terdaftar,1
288215552,UD. Jordi Mardika,Pendidikan,35287202,9661633,Belum Terdaftar,0
288215553,UD. Jasmine Wisnu,Pendidikan,32018583,979626,Belum Terdaftar,0
288215554,UD. Rangga Sukma,Kesehatan,28615409,711882,Terdaftar,1
288215555,UD. Omar Hastinapura,Pendidikan,15188439,9492138,Terdaftar,1
288215556,UD. Citra Mega,Jasa,45090091,8045642,Belum Terdaftar,0
288215557,UD. Aqila Suryaatmaja,Jasa,25595886,8289848,Belum Terdaftar,0
288215558,UD. Hilmi Wiyata,Perdagangan,,2281790,Terdaftar,1
288215559,UD. Fanny Utamajaya,Jasa,10653961,912105,Terdaftar,1
288215560,UD. Syana Wacana,Kesehatan,25038291,4066560,Belum Terdaftar,0
288215561,UD. Ucup Sukarela Chiko,Jasa,43902131,6477414,Belum Terdaftar,0
288215562,UD. Weni Baru,Kesehatan,36214027,657155,Terdaftar,1
288215563,UD. Jojo Harmoni,Jasa,42500859,6692300,Belum Terdaftar,0
288215564,UD. Anang Anindita,Pendidikan,15982678,999263,Belum Terdaftar,0
288215565,UD. Shinta Sanjaya,Perdagangan,40984712,5999471,Belum Terdaftar,0
288215566,UD. Indah Hilir,Jasa,45073789,unknown,Terdaftar,1
288215567,UD. Juli Kusen Ciko,Pendidikan,34670298,4335069,Belum Terdaftar,0
288215568,UD. Vina Galang,Jasa,6294044,4242140,Terdaftar,1
288215569,UD. Jasmine Asa,Pendidikan,45256579,8243285,Belum Terdaftar,0
288215570,UD. Gisel Suryaatmaja,Jasa,32873345,650306,Belum Terdaftar,0
288215571,UD. Ina Siang Yessi,Jasa,26050621,1943431,Terdaftar,1
288215572,UD. Uli Cempaka Nazar,Perdagangan,27930886,3373468,Belum Terdaftar,0
288215573,UD. Maudy Cinta,Kesehatan,5508984,8245152,Terdaftar,1
288215574,UD. Fira Purnama,Pendidikan,21037674,4320648,Belum Terdaftar,0
288215575,UD. Via Agung,Pendidikan,9298415,9793917,Terdaftar,1
288215576,UD. Khalid Bangun,Perdagangan,47415273,1388340,Terdaftar,1
288215577,UD. Vega Baru,Kesehatan,37485102,4968757,Belum Terdaftar,0
288215578,UD. Raka Karya Desta,Jasa,17055009,6574059,Terdaftar,1
288215579,UD. Indira Ayodya,Jasa,44483659,2189502,Belum Terdaftar,0
288215580,UD. Gita Utama Erlin,Pendidikan,35574426,6752798,Terdaftar,1
288215581,UD. Tiara Ananta Aqila,Jasa,4609013,9243907,Belum Terdaftar,0
288215582,UD. Habib Mayang Kamil,Perdagangan,45727758,5359311,Terdaftar,1
288215583,UD. Carissa Harapan,Kesehatan,6905258,6977455,unknown,0
288215584,UD. Raka Resmi,Pendidikan,21375113,5109403,Belum Terdaftar,0
288215585,UD. Yusuf Sukarela,Jasa,36028391,2578306,Belum Terdaftar,0
288215586,UD. Juli Karang,Perdagangan,2002420,4898013,Belum Terdaftar,0
288215587,UD. Kevin Mahkota,Kesehatan,34612063,1186713,Terdaftar,1
288215588,UD. Intan Kusumatmaja Qanita,Pendidikan,6624019,2329175,Belum Terdaftar,0
288215589,UD. Vincent Asa,Jasa,3793116,4606077,Terdaftar,1
288215590,UD. Udin Kelana,Pendidikan,16913178,4422024,Belum Terdaftar,0
288215591,UD. Eddy Asri,Kesehatan,24183705,4509175,Terdaftar,1
288215592,UD. Cakra Harmoni,Perdagangan,37611082,7483908,Belum Terdaftar,0
288215593,UD. Zara Jatinagara,Kesehatan,8861276,5001275,Belum Terdaftar,0
288215594,UD. Viona Sari,Perdagangan,22303915,9817763,Terdaftar,1
288215595,UD. Wenny Adikara,Perdagangan,28849363,4732906,Belum Terdaftar,0
288215596,UD. Fatiah Sehat,Perdagangan,31205994,9300342,Terdaftar,1
288215597,UD. Elok Bersemi,Kesehatan,17245317,7018219,Belum Terdaftar,0
288215598,UD. Yaniar Agastya,Perdagangan,28244679,2776591,Terdaftar,1
288215599,UD. Yola Adyatma,Pendidikan,24487660,2841177,Belum Terdaftar,0
288215600,UD. Leni Wening Damar,Jasa,10332545,1640846,Belum Terdaftar,0
288215601,UD. Yana Cinta,Pendidikan,26955517,2994207,Belum Terdaftar,0
288215602,UD. Zaki Tejakencana,Jasa,4934902,6514400,Belum Terdaftar,0
288215603,UD. Qasya Wijaksana,Kesehatan,31215589,4463634,Terdaftar,1
288215604,UD. Pio Damai Irma,Perdagangan,10009107,5792583,Terdaftar,1
288215605,UD. Valen Tunggal,Jasa,1246620,6607389,Belum Terdaftar,0
288215606,UD. Oniel Wisnu,Kesehatan,27409153,,Terdaftar,1
288215607,UD. Celsi Tengah,Jasa,19459424,3725217,Terdaftar,1
288215608,UD. Aldo Reswara,Jasa,2448714,6082709,Belum Terdaftar,0
288215609,UD. Cipta Lintang Qori,Jasa,24416743,9591703,Terdaftar,1
288215610,UD. Ghani Pramudita,Perdagangan,12028311,4956242,Terdaftar,1
288215611,UD. Riyan Jayengpati,Kesehatan,3150568,5252139,Terdaftar,1
288215612,UD. Valen Tejakusuma,Kesehatan,10944520,7649367,Terdaftar,1
288215613,UD. Tama Jati,Perdagangan,14026179,4247599,Terdaftar,1
288215614,UD. Suci Pamungkas,Jasa,18386714,3042727,Belum Terdaftar,0
288215615,UD. Yola Radhitya Damaris,Kesehatan,24017892,4982729,Terdaftar,1
288215616,UD. Qomar Kamajaya Galih,Perdagangan,13827762,8859374,Belum Terdaftar,0
288215617,UD. Rafa Jayengpati,Perdagangan,23465012,4775632,Terdaftar,1
288215618,UD. Livia Cinta Farid,Jasa,19789388,679133,Belum Terdaftar,0
288215619,UD. Nibras Citra,Pendidikan,4887252,9559209,Terdaftar,1
288215620,UD. Mega Cinta,Perdagangan,37191691,2310237,Terdaftar,1
288215621,UD. Qayla Cerah,Pendidikan,32389676,5535528,Terdaftar,1
288215622,UD. Isna Tunggul,Perdagangan,21529571,7343976,Belum Terdaftar,0
288215623,UD. Bagas Wisnu,Jasa,17684428,1124773,Terdaftar,1
288215624,UD. Pipit Surya,Perdagangan,14582010,2461039,Belum Terdaftar,0
288215625,UD. Halim Sukadarma Heri,Jasa,3863684,9842593,Belum Terdaftar,0
288215626,UD. Zidan Sangga,Pendidikan,38524756,8579824,Terdaftar,1
288215627,UD. Gisel Siang,Jasa,7578120,7549113,Belum Terdaftar,0
288215628,UD. Rizki Satria Wulan,Jasa,43241376,9529384,Terdaftar,1
288215629,UD. Eni Sangkala,Pendidikan,15481599,5954596,Belum Terdaftar,0
288215630,UD. Yana Makmur,Jasa,41209334,6726523,Belum Terdaftar,0
288215631,UD. Lukman Kencana,Kesehatan,17266074,4760189,Terdaftar,1
288215632,UD. Ari Ilir,Kesehatan,6928384,8072285,Terdaftar,1
288215633,UD. Wahyu Resaputra,Jasa,37861976,5146015,Terdaftar,1
288215634,UD. Hanaura Raharja,Pendidikan,17185483,4402930,Belum Terdaftar,0
288215635,UD. Yolanda Adikara,Kesehatan,48579741,4048867,Terdaftar,1
288215636,UD. Cakra Sarwono Kirana,Perdagangan,34589210,8107693,Belum Terdaftar,0
,UD. Gusti Sukma,Kesehatan,22124432,1429461,Belum Terdaftar,0
288215638,UD. Lintang Cempaka,Kesehatan,45682205,9942404,Belum Terdaftar,0
288215639,UD. Nisa Sukadarma,Pendidikan,40523146,4441572,Terdaftar,1
288215640,UD. Bambang Wira,Perdagangan,28491886,9997232,Belum Terdaftar,0
288215641,UD. Hesti Sarwono,Jasa,11249728,2784138,Terdaftar,1
288215642,UD. Gilang Wacana,Jasa,18139332,9944799,Terdaftar,1
288215643,UD. Ulya Taruna,Pendidikan,40076354,8232381,Terdaftar,1
288215644,UD. Zidanar Puri,Jasa,5152164,5772438,Belum Terdaftar,0
288215645,UD. Silvi Manggala,Jasa,13744423,4176762,Terdaftar,1
288215646,UD. Putri Wirawati,Perdagangan,12830725,3367212,Belum Terdaftar,0
288215647,UD. Salsa Damai,Kesehatan,26464586,7848827,Belum Terdaftar,0
288215648,UD. Farhan Siang,Kesehatan,34611626,2293762,Terdaftar,1
288215649,UD. Prita Wening Shinta,Pendidikan,36849511,5456462,Belum Terdaftar,0
288215650,UD. Yora Tirtaatmaja Ilmi,Pendidikan,2249381,6683719,Belum Terdaftar,0
288215651,UD. Cakra Sari Widi,Jasa,39931519,8986942,Belum Terdaftar,0
288215652,UD. Farid Jayengpati Gusti,Perdagangan,17762447,6586956,Belum Terdaftar,0
288215653,UD. Chiko Tirta Intan,Kesehatan,21957267,2821903,Belum Terdaftar,0
288215654,UD. Olla Pelangi,Kesehatan,43895833,8748423,Belum Terdaftar,0
288215655,UD. Veronika Suryaputra,Kesehatan,5151609,8503912,Terdaftar,1
288215656,UD. Fikra Resaputra Lana,Perdagangan,44100386,6882689,Terdaftar,1
288215657,UD. Qayla Utamaindah,Kesehatan,26911015,9577146,Terdaftar,1
288215658,UD. Winda Sukma,Kesehatan,43477823,1294675,Belum Terdaftar,0
288215659,UD. Oki Winata,Pendidikan,4944684,3287894,Terdaftar,1
,UD. Mila Jatinagara,Kesehatan,12539741,7444883,Terdaftar,1
288215661,UD. Najwa Wijaya,Perdagangan,28059879,2561676,Belum Terdaftar,0
288215662,UD. Pipit Nawasena,Pendidikan,14132312,9153226,Belum Terdaftar,0
288215663,UD. Erni Jayeng,Kesehatan,47101816,2002963,Terdaftar,1
288215664,UD. Dea Utama,Pendidikan,1463522,7801893,Belum Terdaftar,0
288215665,UD. Wenda Saputranegara,Kesehatan,28724058,8186447,Belum Terdaftar,0
288215666,UD. Jasmin Prawira,Jasa,32095035,7335738,Terdaftar,1
288215667,UD. Eren Adiwarna,Jasa,36688443,5373893,Belum Terdaftar,0
288215668,UD. Fahmi Wetan,Pendidikan,6133885,1427219,Terdaftar,1
288215669,UD. Fatimah Jatinagara,Perdagangan,1842447,3809863,Belum Terdaftar,0
288215670,UD. Naila Taruna,Pendidikan,38044578,2307522,Terdaftar,1
288215671,UD. Maudy Galang Karim,Pendidikan,48122580,2583773,Belum Terdaftar,0
288215672,UD. Gerry Jayabaya Nindy,Perdagangan,27321064,5486240,Belum Terdaftar,0
288215673,UD. Anis Asa Gema,Pendidikan,30792670,4460041,Belum Terdaftar,0
288215674,UD. Suci Bima,Perdagangan,47321810,4760117,Belum Terdaftar,0
288215675,UD. Sekar Padi,Pendidikan,20654123,2171036,Terdaftar,1
288215676,UD. Qomar Wacana,Perdagangan,5002719,9773263,Belum Terdaftar,0
288215677,UD. Tariq Utamaindah,Kesehatan,1300035,530536,Terdaftar,1
288215678,UD. Nayla Terang,Kesehatan,29751949,9771194,Terdaftar,1
288215679,UD. Fitri Cendana,Kesehatan,11220096,5050150,Belum Terdaftar,0
288215680,UD. Qisha Jayengprana,Jasa,,6781423,Terdaftar,1
288215681,UD. Taufik Persada,Perdagangan,38569583,1251743,Belum Terdaftar,0
288215682,UD. Yusuf Kusumasari,Jasa,14826463,834311,Terdaftar,1
288215683,UD. Miko Wirawati Baim,Perdagangan,40590780,9212503,Terdaftar,1
288215684,UD. Zara Binasena,Jasa,41741127,6707891,Belum Terdaftar,0
288215685,UD. Taufan Bratadikara,Kesehatan,35765444,1220868,Belum Terdaftar,0
288215686,UD. Khayla Jatinagara,Kesehatan,37517573,1240101,Terdaftar,1
288215687,UD. Niken Pagi,Perdagangan,42757282,9721662,Terdaftar,1
288215688,UD. Bayu Kusumasari,Jasa,46773108,4851592,Terdaftar,1
288215689,UD. Diva Widjaja Lukman,Perdagangan,13921726,1764072,Belum Terdaftar,0
288215690,UD. Odie Santosa Zahra,Jasa,30837427,7434872,Belum Terdaftar,0
288215691,UD. Haidar Tirtayasa Oniel,Pendidikan,15658107,3959711,Belum Terdaftar,0
288215692,UD. Tomi Hilir,Perdagangan,14040060,989335,Belum Terdaftar,0
288215693,UD. Qanita Malam,Pendidikan,41210877,7779205,Belum Terdaftar,0
288215694,UD. Binar Mulya,Jasa,20826122,3881472,Terdaftar,1
288215695,UD. Umi Kencana Cipta,Kesehatan,42160076,7341868,Terdaftar,1
288215696,UD. Dani Raharja Zaki,Pendidikan,23949720,6431599,Terdaftar,1
288215697,UD. Oki Agastya,Pendidikan,12325852,1067342,Terdaftar,1
288215698,UD. Naila Wirajaya Mira,Pendidikan,11141174,1158872,Belum Terdaftar,0
288215699,UD. Qayla Cinta,Jasa,37173331,6286005,Belum Terdaftar,0
288215700,UD. Hilmiyah Taruna Alvino,Pendidikan,36988569,6928526,Terdaftar,1
288215701,UD. Uci Satriya,Jasa,46039986,2892061,Belum Terdaftar,0
288215702,UD. Reza Ananta,Perdagangan,30898323,1934802,Terdaftar,1
288215703,UD. Prita Paningrat Hilmiyah,Kesehatan,3532714,6418833,Belum Terdaftar,0
288215704,UD. Rizki Madani,Perdagangan,4597864,5813086,Terdaftar,1
288215705,UD. Berlian Kusumasari,Jasa,6888750,1107834,Terdaftar,1
288215706,UD. Valen Utama Gita,Perdagangan,28111723,3156284,Belum Terdaftar,0
288215707,UD. Lintang Utama,Perdagangan,42823365,2621283,Belum Terdaftar,0
288215708,UD. Ilham Brata,Pendidikan,13115646,7508966,Belum Terdaftar,0
288215709,UD. Wira Lempung,Kesehatan,39222480,3873024,Belum Terdaftar,0
288215710,UD. Ayesha Pramana,Perdagangan,17910199,7010880,Terdaftar,1
288215711,UD. Candra Baskara,Pendidikan,19728561,4336269,Terdaftar,1
288215712,UD. Adinda Brawijaya,Perdagangan,41381736,4646647,Terdaftar,1
288215713,UD. Nibras Asmaralaya,Jasa,29972522,565654,Belum Terdaftar,0
288215714,UD. Fauzan Langit,Perdagangan,2654226,2789057,Belum Terdaftar,0
288215715,UD. Fauzan Radhitya,Jasa,49862185,3449169,Terdaftar,1
288215716,UD. Gracia Sumirat,Perdagangan,29842474,1317968,Terdaftar,1
288215717,UD. Riyan Binasena,Pendidikan,11827944,7185146,Belum Terdaftar,0
288215718,UD. Qanitah Anggara,Perdagangan,45937615,2973143,Terdaftar,1
288215719,UD. Sinta Sejahtera Ulya,Perdagangan,36294842,4308395,Belum Terdaftar,0
288215720,UD. Ciko Mandala,Kesehatan,7751106,1513466,Belum Terdaftar,0
288215721,UD. Galang Wicaksana,Jasa,43681202,5808528,Terdaftar,1
288215722,UD. Vito Tunggul,Pendidikan,47978627,8995857,Belum Terdaftar,0
288215723,UD. Taufan Widuri,Pendidikan,12085892,6720007,Belum Terdaftar,0
,UD. Kanza Senopati,Kesehatan,11931381,7420328,Terdaftar,1
288215725,UD. Elok Agastya,Kesehatan,48115094,2108302,Terdaftar,1
288215726,UD. Citra Bahari,Perdagangan,40579839,5825724,Belum Terdaftar,0
288215727,UD. Widi Taruna,Kesehatan,28417176,1119684,Terdaftar,1
288215728,UD. Yoga Langit Yolanda,Kesehatan,47896445,1019572,Terdaftar,1
288215729,UD. Evan Putri,Jasa,30126914,2791830,Terdaftar,1
,UD. Ghani Mardika,Jasa,16052551,8382240,Belum Terdaftar,0
288215731,UD. Tono Swargaloka,Kesehatan,23698713,8636256,Terdaftar,1
288215732,UD. Joko Wirawati,Jasa,22472670,6897207,Belum Terdaftar,0
288215733,UD. Kinan Utama Zahira,Kesehatan,41314642,7367120,Belum Terdaftar,0
288215734,UD. Eddy Luhur,Perdagangan,4896950,6194566,Belum Terdaftar,0
288215735,UD. Kanza Pelangi,Pendidikan,15262992,1601624,Belum Terdaftar,0
288215736,UD. Ayesha Madusari,Jasa,28570496,6923010,Terdaftar,1
288215737,UD. Binar Ranggalawe,Kesehatan,29574516,5813585,Terdaftar,1
288215738,UD. Kurnia Paningrat Zain,Kesehatan,12691788,3454967,Terdaftar,1
288215739,UD. Yusuf Ceria,Pendidikan,47605882,1723770,Belum Terdaftar,0
288215740,UD. Jihan Segar,Pendidikan,35237624,2478765,Terdaftar,1
288215741,UD. Fani Panji,Pendidikan,8827370,4616194,Terdaftar,1
288215742,UD. Erni Wijapranata,Kesehatan,49623327,3377838,Belum Terdaftar,0
288215743,UD. Yessi Kusumajati,,21502615,2257878,Belum Terdaftar,0
288215744,UD. Ujang Harmoni Rosa,Kesehatan,30546409,5545884,Belum Terdaftar,0
288215745,UD. Eren Lempung Cici,Kesehatan,25814984,8442507,Terdaftar,1
288215746,UD. Rian Dewangga Zidan,Perdagangan,39950575,7680191,Terdaftar,1
288215747,UD. Fajar Kinarya,Jasa,21009027,4429956,Terdaftar,1
288215748,UD. Umi Pancasila,Pendidikan,30470563,1970792,Terdaftar,1
288215749,UD. Ulil Suryaatmaja,Kesehatan,,9877574,Belum Terdaftar,0
288215750,UD. Halim Adiwangsa,Perdagangan,34311510,9632462,Belum Terdaftar,0
288215751,UD. Marsel Malam,Pendidikan,15988646,4480325,Terdaftar,1
288215752,UD. Ciko Bijaksana Dani,Pendidikan,44641934,3033956,Belum Terdaftar,0
288215753,UD. Uci Wijapranata,Pendidikan,36971416,9766090,Terdaftar,1
288215754,UD. Nina Mandala,Kesehatan,23680252,3093979,Belum Terdaftar,0
288215755,UD. Jaya Cempaka,Kesehatan,41654967,748493,Belum Terdaftar,0
288215756,UD. Andi Senopati Yumna,Kesehatan,33852842,8834391,Terdaftar,1
288215757,UD. Oki Kencana,Kesehatan,33176393,5158669,Belum Terdaftar,0
288215758,UD. Nazar Malam Yudi,Kesehatan,7335497,2738826,Belum Terdaftar,0
288215759,UD. Guntur Hilir,Pendidikan,41424005,2485834,Terdaftar,1
288215760,UD. Riko Baru,Perdagangan,31222579,2541395,Belum Terdaftar,0
288215761,UD. Galih Wisnu,Perdagangan,18268036,826644,Belum Terdaftar,0
288215762,UD. Lintang Wangi Pasha,Kesehatan,15683451,1233739,Belum Terdaftar,0
288215763,UD. Laras Panembahan,Jasa,43159964,6052261,Belum Terdaftar,0
288215764,UD. Santi Kawiswara,Jasa,27340819,6578313,Belum Terdaftar,0
288215765,UD. Diva Saputranegara,Perdagangan,41701760,1579695,Terdaftar,1
288215766,UD. Abdi Bahari,Jasa,43026453,5155971,Belum Terdaftar,0
288215767,UD. Tania Buana,Jasa,5992824,1586043,Belum Terdaftar,0
288215768,UD. Ujang Setia,Kesehatan,46358702,8709388,Terdaftar,1
288215769,UD. Elyas Surya,,6969110,9441986,Terdaftar,1
288215770,UD. Tegar Satriya,Kesehatan,43402265,4757442,Belum Terdaftar,0
288215771,UD. Habib Trisudira Fikra,Perdagangan,24763469,9577242,Terdaftar,1
288215772,UD. Zaki Nirmala,Perdagangan,36953918,6282160,Belum Terdaftar,0
288215773,UD. Kurnia Baru,Perdagangan,3488637,8935878,Belum Terdaftar,0
288215774,UD. Evan Abdi,Kesehatan,35833663,6420234,Belum Terdaftar,0
288215775,UD. Qila Wetan,Kesehatan,1934731,6804943,Belum Terdaftar,0
288215776,UD. Rangga Makmur Via,Pendidikan,41291854,8279515,Terdaftar,1
288215777,UD. Bagir Pancasila,Kesehatan,6382087,7372731,Belum Terdaftar,0
288215778,UD. Zaki Utamaindah,Jasa,33412843,9345027,Belum Terdaftar,0
288215779,UD. Chiko Saprahan,Perdagangan,7329165,893195,Terdaftar,1
288215780,UD. Delia Tunggul Poppy,Jasa,44839105,3026740,Belum Terdaftar,0
288215781,UD. Kurnia Jayeng,Pendidikan,31556734,3442513,Terdaftar,1
288215782,UD. Taufan Santosa,Jasa,5834047,2290706,Terdaftar,1
288215783,UD. Nando Resaputra Ulil,Pendidikan,2199617,,Terdaftar,1
288215784,UD. Ina Kencana Guntur,Kesehatan,29758609,9294380,Terdaftar,1
288215785,UD. Gilang Sentosa,Perdagangan,6806979,782843,Terdaftar,1
288215786,UD. Ghani Ranggalawe,Kesehatan,20840360,7138608,Belum Terdaftar,0
288215787,UD. Halim Agastya,Jasa,2939879,7155788,Terdaftar,1
288215788,UD. Diyan Hilir,Pendidikan,37923910,1961556,Belum Terdaftar,0
288215789,UD. Farhan Trisudira Tama,Perdagangan,17574967,6560119,Terdaftar,1
288215790,UD. Jasmin Padi,Pendidikan,27523083,8137996,Terdaftar,1
288215791,UD. Suci Manik,Perdagangan,32514172,4446480,Belum Terdaftar,0
288215792,UD. Dewi Cinta Uci,Jasa,5207019,5508013,Terdaftar,1
288215793,UD. Barokah Pancasila,Jasa,21568172,4156816,Terdaftar,1
288215794,UD. Fikra Buana,Jasa,19458066,7769288,Terdaftar,1
288215795,UD. Elsa Suci,Pendidikan,33314819,6671831,Terdaftar,1
288215796,UD. Thariq Kusumah,Perdagangan,45710017,1654987,Belum Terdaftar,0
288215797,UD. Ayesha Anggrek Indira,Perdagangan,39853079,8784566,Belum Terdaftar,0
288215798,UD. Jaya Wijaya,Kesehatan,42733514,9222091,Terdaftar,1
288215799,UD. Priska Anindita,Kesehatan,37771066,8594111,Terdaftar,1
288215800,UD. Zidan Pelangi,Pendidikan,42213862,5584885,Belum Terdaftar,0
288215801,UD. Dewi Karang,Jasa,28879624,9039478,Terdaftar,1
288215802,UD. Vincent Arya,Pendidikan,15306426,5139102,Belum Terdaftar,0
288215803,UD. Haidar Utamajaya,Perdagangan,22833222,6872857,Terdaftar,1
288215804,UD. Jibril Hilir Tomi,Jasa,8041052,5542259,Belum Terdaftar,0
288215805,UD. Owen Segar,,31361058,1433540,Terdaftar,1
288215806,UD. Zulfa Trisakti Jafar,Kesehatan,11206015,3117834,Belum Terdaftar,0
288215807,UD. Fitri Agastya,Kesehatan,18484098,9997389,Terdaftar,1
288215808,UD. Romi Jayaningrat Hanaura,Jasa,7658304,1169695,Belum Terdaftar,0
288215809,UD. Iman Swargaloka,Perdagangan,46222259,7961113,Belum Terdaftar,0
288215810,UD. Zidan Surya,Kesehatan,45901805,6379201,Belum Terdaftar,0
288215811,UD. Widya Atma Fanny,Kesehatan,11452705,607982,Belum Terdaftar,0
288215812,UD. Evan Wening,Jasa,39286217,2089844,Terdaftar,1
,UD. Erlangga Gatra,Kesehatan,33803406,4058656,Terdaftar,1
288215814,UD. Mario Sumirat,Perdagangan,28200074,3398284,Terdaftar,1
288215815,UD. Muthia Dwijaputra,Pendidikan,1776701,9110981,Belum Terdaftar,0
288215816,UD. Uli Karya,Pendidikan,36275751,2076801,Terdaftar,1
288215817,UD. Balqis Pagi,Jasa,11140576,7538657,Terdaftar,1
288215818,UD. Gisel Prajurit,Pendidikan,18979836,7519561,Terdaftar,1
288215819,UD. Sinta Kamajaya,Pendidikan,4561439,3471192,Belum Terdaftar,0
288215820,UD. Ujang Manik,Kesehatan,31693413,5170699,Terdaftar,1
288215821,UD. Jafar Radhitya,Perdagangan,20457683,5424236,Belum Terdaftar,0
288215822,UD. Bagir Prima,Jasa,34020255,8812022,Terdaftar,1
288215823,UD. Icha Trisakti,Kesehatan,3410951,1815099,Belum Terdaftar,0
288215824,UD. Farhan Adikara,Pendidikan,5099892,600935,Terdaftar,1
288215825,UD. Rosa Bangun,Perdagangan,3776630,3717920,Belum Terdaftar,0
288215826,UD. Suci Utama,Pendidikan,20082256,2540243,Belum Terdaftar,0
288215827,UD. Dito Sahaja,Jasa,9035245,4695074,Terdaftar,1
288215828,UD. Uchie Trijaya,Jasa,35445923,8137270,Terdaftar,1
288215829,UD. Fatimah Pancasila,Jasa,2417711,7857142,Terdaftar,1
288215830,UD. Jasmin Wira,Kesehatan,30721075,4521537,Terdaftar,1
288215831,UD. Nando Hastinapura,Pendidikan,32570529,5105593,Terdaftar,1
288215832,UD. Ojan Kencana,Kesehatan,24254481,9187364,Terdaftar,1
288215833,UD. Niken Padi,Jasa,32602441,3950759,Terdaftar,1
288215834,UD. Fikri Arya Krisna,Perdagangan,30501718,6900892,Terdaftar,1
288215835,UD. Bella Cerah,Kesehatan,23115371,3276728,Belum Terdaftar,0
288215836,UD. Alif Wisesa,Pendidikan,23232778,6689494,Belum Terdaftar,0
288215837,UD. Gita Tirtaatmaja,Pendidikan,42438454,6074407,Terdaftar,1
,UD. Raka Selaras,Perdagangan,5798312,7145482,Terdaftar,1
288215839,UD. Alya Yudhistira,Pendidikan,41846235,681522,Belum Terdaftar,0
288215840,UD. Gadis Paningrat Celsi,Jasa,37304047,2658489,Terdaftar,1
288215841,UD. Uli Bahari Via,Kesehatan,13554183,5754450,Terdaftar,1
288215842,UD. Tegar Mahendra,Jasa,10404277,9444389,Terdaftar,1
288215843,UD. Fahmi Sangga,Kesehatan,3243620,1109776,Terdaftar,1
288215844,UD. Mila Jati Maudy,Kesehatan,2115134,8866131,Belum Terdaftar,0
288215845,UD. Dea Reswara,Pendidikan,18584703,1896982,Belum Terdaftar,0
288215846,UD. Yana Ratu,Jasa,8014702,6859894,Terdaftar,1
288215847,UD. Delia Setia,Perdagangan,12096558,1773721,Terdaftar,1
288215848,UD. Niken Prana,Pendidikan,38940223,6803850,Terdaftar,1
288215849,UD. Xenia Tunggal,Kesehatan,16131440,5869744,Terdaftar,1
288215850,UD. Wenny Lempung,Jasa,22478397,8762592,Terdaftar,1
288215851,UD. Nara Sulaksana,Jasa,41662849,9013522,Terdaftar,1
288215852,UD. Icha Pusaka,Jasa,40879212,6499756,Terdaftar,1
288215853,UD. Chika Bahari,Perdagangan,35206570,1613278,Terdaftar,1
288215854,UD. Dora Wening,Jasa,42514048,689622,Belum Terdaftar,0
288215855,UD. Amir Wijaya Pasha,Perdagangan,3386920,1339885,Terdaftar,1
288215856,UD. Evan Lempung,Jasa,3718019,6098063,Belum Terdaftar,0
288215857,UD. Priska Brata,Perdagangan,27196207,5480365,Terdaftar,1
288215858,UD. Tegar Baswara,Perdagangan,16311471,1063910,Terdaftar,1
288215859,UD. Deni Mandala,Pendidikan,13326146,7345866,Terdaftar,1
288215860,UD. Jafar Adiwangsa Zidan,Perdagangan,39342233,4695006,Belum Terdaftar,0
288215861,UD. Eddy Puri,Jasa,29101873,1044081,Belum Terdaftar,0
288215862,UD. Oki Gandewa,Pendidikan,2764678,1015752,Belum Terdaftar,0
288215863,UD. Baim Jatinagara,Kesehatan,30392725,7490344,Terdaftar,1
288215864,UD. Baim Wening Thariq,Kesehatan,33090918,8888500,Terdaftar,1
288215865,UD. Bulan Setia,Perdagangan,8059008,9528197,Belum Terdaftar,0
288215866,UD. Bulan Wangi,Pendidikan,5267376,4405515,Belum Terdaftar,0
288215867,UD. Alma Paseban,Perdagangan,14781305,633405,Terdaftar,1
288215868,UD. Ghani Sulaksana Vera,Pendidikan,38920036,1421112,Belum Terdaftar,0
288215869,UD. Qory Pagi Naufal,Perdagangan,25481663,9820703,Terdaftar,1
288215870,UD. Agus Wibawa,Perdagangan,14326113,4178301,Belum Terdaftar,0
288215871,UD. Asep Maju,Pendidikan,22036922,766270,Terdaftar,1
288215872,UD. Dora Kencana Bella,Kesehatan,2614729,3491395,Belum Terdaftar,0
288215873,UD. Alvino Taruna Eka,Perdagangan,25431693,4815816,Terdaftar,1
288215874,UD. Qira Baswara,Jasa,16735291,1512284,Terdaftar,1
288215875,UD. Arman Galang,Kesehatan,42995580,5160754,Terdaftar,1
288215876,UD. Prita Cahyaningrat,Perdagangan,16264193,9222393,Belum Terdaftar,0
288215877,UD. Eni Sakti,Perdagangan,48111270,4820004,Terdaftar,1
288215878,UD. Tiara Wisesa,Kesehatan,47808031,4878908,Terdaftar,1
288215879,UD. Made Bratadikara,Kesehatan,21389916,4559650,Terdaftar,1
288215880,UD. Qais Sejahtera,Jasa,7399339,5108339,Terdaftar,1
288215881,UD. Satria Anugerah,Perdagangan,11980099,6881800,Terdaftar,1
288215882,UD. Vito Kusumasari Muthia,,19364055,6115940,Terdaftar,1
288215883,UD. Verdi Paseban Damar,Jasa,45503561,6036668,Terdaftar,1
288215884,UD. Kurnia Ranggalawe,Perdagangan,8440939,8427784,Belum Terdaftar,0
288215885,UD. Kiki Pramana,Pendidikan,28067545,6006344,Terdaftar,1
288215886,UD. Mira Satria,Perdagangan,40187853,6944549,Terdaftar,1
288215887,UD. Yola Tirtayasa,Perdagangan,5500619,9811424,Terdaftar,1
288215888,UD. Viani Putra,Kesehatan,1305171,5927034,Terdaftar,1
288215889,UD. Zulfa Luhur Taufik,Jasa,44077089,4050308,Belum Terdaftar,0
288215890,UD. Viani Wirajaya,Kesehatan,4528695,4767053,Terdaftar,1
288215891,UD. Uci Mahendra,Pendidikan,24961890,9179698,Belum Terdaftar,0
288215892,UD. Weni Karang,Pendidikan,41988012,9012222,Terdaftar,1
288215893,UD. Gerry Brawijaya,Pendidikan,31554686,9040177,Terdaftar,1
288215894,UD. Alvino Saputra Gusti,Pendidikan,5285072,2889894,Belum Terdaftar,0
288215895,UD. Yani Mandala,Kesehatan,29167579,6523232,Belum Terdaftar,0
288215896,UD. Kinan Dharma,Pendidikan,10570127,7021611,Terdaftar,1
288215897,UD. Isna Winata,Perdagangan,5045398,6359500,Terdaftar,1
288215898,UD. Alya Bangun,Jasa,41086436,4395733,Terdaftar,1
288215899,UD. Taufik Senopati Santi,Pendidikan,42216483,7756287,Belum Terdaftar,0
288215900,UD. Jihan Panuluh Sani,Jasa,4834837,7039286,Belum Terdaftar,0
288215901,UD. Rahmat Lintang,Kesehatan,5500360,7295608,Belum Terdaftar,0
288215902,UD. Fitri Sejahtera Prananda,Jasa,15938247,5251280,Belum Terdaftar,0
288215903,UD. Barokah Paseban,Perdagangan,34341901,8940441,Terdaftar,1
288215904,UD. Xenia Mayang Indira,Kesehatan,31492230,2763148,Terdaftar,1
288215905,UD. Vincent Paseban,Kesehatan,28717442,3178500,Terdaftar,1
288215906,UD. Joko Wijaksana Iqbal,Perdagangan,22334824,9373764,Belum Terdaftar,0
288215907,UD. Veronika Darussalam,Jasa,17364534,2189885,Terdaftar,1
288215908,UD. Erlin Saprahan,Kesehatan,8017560,6540864,Belum Terdaftar,0
288215909,UD. Ulfa Sarwono,Jasa,26562570,9623917,Terdaftar,1
288215910,UD. Thariq Madani,Jasa,13940148,3749012,Belum Terdaftar,0
288215911,UD. Qanitah Asih,Kesehatan,7117056,7315033,Belum Terdaftar,0
288215912,UD. Prananda Wijaya,Perdagangan,20890139,6840159,Belum Terdaftar,0
288215913,UD. Qisya Ceria,Kesehatan,25184806,1840409,Belum Terdaftar,0
288215914,UD. Fahmi Prima,Perdagangan,32131455,5396369,Terdaftar,1
288215915,UD. Nindy Manik,Perdagangan,33097274,2664592,Terdaftar,1
288215916,UD. Naufal Ranggalawe Oki,Pendidikan,4813960,7827047,Terdaftar,1
288215917,UD. Naila Kalbu,Kesehatan,1107997,2968377,Terdaftar,1
288215918,UD. Muthia Mulyo,Kesehatan,6847362,7936121,Belum Terdaftar,0
288215919,UD. Citra Kusumah,Jasa,4747690,3701712,Terdaftar,1
288215920,UD. Tegar Wirawati Gema,Jasa,19195934,615115,Terdaftar,1
288215921,UD. Gema Lingga,Perdagangan,6002932,6630218,Belum Terdaftar,0
288215922,UD. Tono Mulyo,Kesehatan,4052594,5130121,Terdaftar,1
288215923,UD. Fikra Saputra,,48888031,3588182,Terdaftar,1
288215924,UD. Gilangga Jaya Qais,Perdagangan,9092205,1085840,Belum Terdaftar,0
288215925,UD. Andi Darussalam,Jasa,3034375,2373877,Terdaftar,1
288215926,UD. Jihan Gemilang,Pendidikan,16583063,4763866,Belum Terdaftar,0
288215927,UD. Lando Suryaatmaja,Kesehatan,38610731,7239740,Belum Terdaftar,0
288215928,UD. Zaki Asmaralaya Uli,Kesehatan,11854738,1497023,Belum Terdaftar,0
288215929,UD. Wahyu Abadi,Pendidikan,24407805,1764211,Terdaftar,1
288215930,UD. Oki Wisesa Yudi,Jasa,47738548,5911719,Belum Terdaftar,0
288215931,UD. Romi Ratu,Pendidikan,41653791,3584423,Belum Terdaftar,0
288215932,UD. Hana Dharma,Pendidikan,14393618,1818408,Belum Terdaftar,0
288215933,UD. Erlin Bersemi,Jasa,38492508,6354637,Belum Terdaftar,0
288215934,UD. Uci Luhur,Jasa,14458703,6388078,Belum Terdaftar,0
288215935,UD. Yoga Ranggalawe,Kesehatan,22925094,2228861,Belum Terdaftar,0
288215936,UD. Pipit Sahaja,Perdagangan,11094507,7200263,Terdaftar,1
288215937,UD. Qanita Prajurit,Kesehatan,4149250,2479241,Terdaftar,1
288215938,UD. Nibras Prana,Pendidikan,13510916,3797764,Terdaftar,1
,UD. Umar Prawira Fani,Perdagangan,2961413,5192607,Terdaftar,1
288215940,UD. Deni Putra Budi,Perdagangan,14457168,5287470,Terdaftar,1
288215941,UD. Cahya Wangi,Pendidikan,6291728,9488188,Belum Terdaftar,0
288215942,UD. Berlian Mandala,Perdagangan,46907939,5060026,Terdaftar,1
288215943,UD. Novi Gandewa Odie,Jasa,30195766,4800707,Belum Terdaftar,0
288215944,UD. Uti Ilir,Jasa,12534070,1606428,Belum Terdaftar,0
288215945,UD. Diyan Ranggalawe Yasir,Perdagangan,9431911,9954116,Belum Terdaftar,0
288215946,UD. Suci Kusumah,Kesehatan,13840205,7987332,Terdaftar,1
288215947,UD. Marwan Wijaya,Pendidikan,2610725,2868727,Terdaftar,1
288215948,UD. Kirana Kusen,Perdagangan,22724620,3405834,Terdaftar,1
288215949,UD. Zain Sundawa,Jasa,7942358,9441475,Belum Terdaftar,0
288215950,UD. Candra Sentosa,Perdagangan,35764859,7093977,Terdaftar,1
288215951,UD. Muthia Wening,Kesehatan,38591051,6507545,Belum Terdaftar,0
288215952,UD. Cinta Bintang Chintya,Jasa,20993173,1603886,Terdaftar,1
288215953,UD. Novi Pancasila,Pendidikan,4032692,9904326,Terdaftar,1
288215954,UD. Naila Mulyo,Pendidikan,24882809,1778468,Belum Terdaftar,0
288215955,UD. Romi Kencana,Pendidikan,24898901,2487565,Terdaftar,1
288215956,UD. Fatiah Sasmita,Jasa,33196937,3437728,Belum Terdaftar,0
288215957,UD. Berlian Widuri,Pendidikan,2654155,2144846,Belum Terdaftar,0
288215958,UD. Zidanar Sehat,Kesehatan,27937699,1516807,Terdaftar,1
288215959,UD. Pandu Reswara Vincent,Jasa,41564566,4223399,Belum Terdaftar,0
288215960,UD. Nando Jayawarsa,Pendidikan,48262487,6865421,Belum Terdaftar,0
288215961,UD. Vera Paningrat Nando,Perdagangan,3777051,8277845,Belum Terdaftar,0
288215962,UD. Priska Segar Kinan,Perdagangan,2789383,2523510,Terdaftar,1
288215963,UD. Reza Kayastha,Jasa,45560002,8199404,Belum Terdaftar,0
288215964,UD. Tomi Kusumatmaja,Kesehatan,27275526,6558413,Belum Terdaftar,0
288215965,UD. Yayan Damai,Jasa,20341846,3690033,Terdaftar,1
288215966,UD. Valen Wisnu,Jasa,2001914,2200602,Belum Terdaftar,0
288215967,UD. Anis Adikara Yusuf,Pendidikan,28936098,7867146,Terdaftar,1
288215968,UD. Umar Galang,Jasa,34009184,1761387,Belum Terdaftar,0
288215969,UD. Silvi Jayaningrat,Jasa,36899762,3516740,Terdaftar,1
288215970,UD. Dewi Satria,Kesehatan,29077090,6558183,Belum Terdaftar,0
288215971,UD. Weni Kusumah Halimah,Perdagangan,46563925,7727434,Belum Terdaftar,0
288215972,UD. Jay Jaya,Jasa,23262817,810481,Belum Terdaftar,0
288215973,UD. Veronika Sarwono,Perdagangan,27632677,2303544,Belum Terdaftar,0
288215974,UD. Vita Adikara,Jasa,13434585,6335409,Belum Terdaftar,0
288215975,UD. Sari Pramana,Perdagangan,2232393,8722642,Belum Terdaftar,0
288215976,UD. Wito Raharja,Perdagangan,35062692,9532443,Terdaftar,1
288215977,UD. Ciko Jatiwangi,Jasa,28010673,4741338,Terdaftar,1
288215978,UD. Deni Prajurit,Pendidikan,33819241,2506182,Terdaftar,1
288215979,UD. Anang Haji,Kesehatan,27201226,4088429,Belum Terdaftar,0
288215980,UD. Farid Sulaksana,Kesehatan,4868112,4309135,Terdaftar,1
288215981,UD. Bela Dewangga,Jasa,17535550,9703948,Belum Terdaftar,0
288215982,UD. Elen Pancasila,Kesehatan,30864007,1797156,Terdaftar,1
288215983,UD. Jibril Gunawan,Perdagangan,27644038,,Belum Terdaftar,0
288215984,UD. Kinan Wijaya,Pendidikan,15910204,3820481,Belum Terdaftar,0
288215985,UD. Erlin Sukma,Kesehatan,39053959,3348315,Terdaftar,1
288215986,UD. Fikra Sakti,Pendidikan,44894148,1738964,Belum Terdaftar,0
288215987,UD. Tari Manunggal,Kesehatan,20506767,6147890,Belum Terdaftar,0
288215988,UD. Pandu Sentosa,Jasa,47198700,2081670,Belum Terdaftar,0
288215989,UD. Najwa Prabawa,Jasa,20593327,8858109,Terdaftar,1
288215990,UD. Via Tejakusuma,Pendidikan,42585933,6222800,Terdaftar,1
288215991,UD. Salsa Santosa,Perdagangan,10456567,6289387,Belum Terdaftar,0
288215992,UD. Diyan Galuh,Perdagangan,16496761,5058301,Terdaftar,1
288215993,UD. Mega Mayang Ojan,Pendidikan,48902513,4042018,Terdaftar,1
288215994,UD. Nindy Rejo,Pendidikan,10971681,5856895,Belum Terdaftar,0
288215995,UD. Gilang Ranggalawe,Jasa,39768469,2109370,Belum Terdaftar,0
288215996,UD. Ovan Wisesa,Kesehatan,4374786,6824955,Terdaftar,1
288215997,UD. Bagas Anggara,Pendidikan,2607550,9311985,Terdaftar,1
288215998,UD. Zera Mandala Rizki,Jasa,19038225,1603220,Terdaftar,1
288215999,UD. Tania Mega,Perdagangan,39233527,4395960,Belum Terdaftar,0
288216000,UD. Yusuf Arsana,Jasa,28193747,9371822,Terdaftar,1
288216001,UD. Qisya Saputrautama,Kesehatan,41197716,2585746,Belum Terdaftar,0
288216002,UD. Chika Wisnu,Jasa,32132508,5717772,Terdaftar,1
288216003,UD. Cici Mulya,Kesehatan,47530034,8137743,Terdaftar,1
288216004,UD. Damar Jaya,Perdagangan,10404616,1616317,Belum Terdaftar,0
288216005,UD. Jasmine Agung,Pendidikan,40688807,677866,Terdaftar,1
288216006,UD. Harun Sangga Putra,Kesehatan,35576213,4450508,Belum Terdaftar,0
288216007,UD. Kamil Nirwasita,Pendidikan,48421086,5842388,Terdaftar,1
288216008,UD. Inten Pamungkas,Jasa,43223045,7762508,Belum Terdaftar,0
288216009,UD. Elen Utamaindah,Pendidikan,15743208,8572391,Terdaftar,1
288216010,UD. Gisel Baruna,Kesehatan,32381761,6680941,Terdaftar,1
288216011,UD. Echa Jatinagara Jodi,Pendidikan,36887739,3137490,Terdaftar,1
288216012,UD. Halim Nirmala,Kesehatan,43920255,8752014,Terdaftar,1
288216013,UD. Uci Resmi,Kesehatan,22702698,4278261,Terdaftar,1
288216014,UD. Lidya Jaladara,Perdagangan,15357330,6988024,Terdaftar,1
288216015,UD. Livia Prawira,Jasa,44611502,8326854,Terdaftar,1
288216016,UD. Made Kinarya Viera,Perdagangan,35709267,9557303,Terdaftar,1
288216017,UD. Citra Merdeka,Perdagangan,25718732,7433024,Belum Terdaftar,0
288216018,UD. Uli Galang,Kesehatan,9432596,740021,Terdaftar,1
288216019,UD. Laras Bima Lando,Kesehatan,5741348,9030954,Terdaftar,1
288216020,UD. Arman Panuluh Hanafi,Kesehatan,38070048,3970450,Belum Terdaftar,0
288216021,UD. Marwan Mahkota,Pendidikan,7805305,1925314,Terdaftar,1
288216022,UD. Diva Wira,Perdagangan,25589295,7677280,Terdaftar,1
288216023,UD. Thariq Jatinagara Obed,Perdagangan,25543637,8218320,Terdaftar,1
288216024,UD. Qisha Paseban,Jasa,2092922,6956385,Belum Terdaftar,0
288216025,UD. Deni Lestari,Perdagangan,9762570,2964173,Belum Terdaftar,0
288216026,UD. Ulil Jatinagara Qanita,Jasa,2162126,5639076,Belum Terdaftar,0
288216027,UD. Kanza Darussalam,Kesehatan,22678764,6291822,Belum Terdaftar,0
288216028,UD. Vino Mandala Rahmat,Jasa,24893294,5490386,Terdaftar,1
288216029,UD. Elen Prajurit,Pendidikan,14431838,4827828,Belum Terdaftar,0
288216030,UD. Dea Satria Lukman,Jasa,39318958,8932805,Belum Terdaftar,0
288216031,UD. Yana Baruna,Kesehatan,32819164,1634349,Terdaftar,1
288216032,UD. Cipta Alam,Jasa,32731920,5647040,Terdaftar,1
288216033,UD. Shinta Sasmita,Pendidikan,19989329,872807,Belum Terdaftar,0
288216034,UD. Omar Karya Erlangga,Pendidikan,16933535,1179123,,0
288216035,UD. Ulfa Galuh,Pendidikan,41153097,9121870,Terdaftar,1
288216036,UD. Udin Prawira,Perdagangan,42865992,4030303,Terdaftar,1
288216037,UD. Lando Jatinagara,Perdagangan,47953843,5767173,Terdaftar,1
288216038,UD. Fikri Siang Galih,Pendidikan,8836314,2984654,Terdaftar,1
288216039,UD. Utami Kusuma,Jasa,46795097,7306741,Terdaftar,1
288216040,UD. Qayla Trisakti,Pendidikan,33656632,5749739,Terdaftar,1
288216041,UD. Pipit Tri,Kesehatan,2947220,1827288,Terdaftar,1
288216042,UD. Damaris Anugerah,Perdagangan,12711516,3610790,Terdaftar,1
288216043,UD. Raka Bratadikara,Jasa,40386131,9041062,Terdaftar,1
288216044,UD. Qomar Karang,Perdagangan,28920835,1915078,Belum Terdaftar,0
288216045,UD. Elen Atma,Jasa,49692366,3225970,Belum Terdaftar,0
288216046,UD. Chintya Alam,Jasa,27392790,3113998,Terdaftar,1
288216047,UD. Yani Utamaindah Cahya,Pendidikan,36193193,3575513,Terdaftar,1
288216048,UD. Ovan Sumringah,Pendidikan,14027663,6133787,Terdaftar,1
288216049,UD. Fikra Cempaka Elen,Jasa,47233728,5362827,Belum Terdaftar,0
288216050,UD. Rosa Madusari,Kesehatan,40869842,9822438,Belum Terdaftar,0
288216051,UD. Hanaura Asih,Kesehatan,24716249,1036438,Terdaftar,1
288216052,UD. Alma Bahagia,Kesehatan,25925498,6220396,Terdaftar,1
288216053,UD. Hilmi Madusari,Jasa,36081731,5315471,Terdaftar,1
288216054,UD. Zidan Lingga,Jasa,41046397,9641825,Terdaftar,1
288216055,UD. Jihan Prana,Kesehatan,,8447838,Belum Terdaftar,0
288216056,UD. Fikra Tirtayasa,Kesehatan,21906480,6571937,Belum Terdaftar,0
288216057,UD. Lando Adiwarna Kiki,Kesehatan,2366203,7383258,Terdaftar,1
288216058,UD. Uti Bahari,Kesehatan,4403042,2252549,Terdaftar,1
288216059,UD. Silvi Cempaka,Kesehatan,46197986,3980836,Belum Terdaftar,0
288216060,UD. Sani Terang,Jasa,44591019,1393535,Belum Terdaftar,0
288216061,UD. Mira Prabawa,Jasa,39599079,3798691,Terdaftar,1
288216062,UD. Valen Sangga,,28422612,1762318,Terdaftar,1
288216063,UD. Pandu Sukadarma Hendra,Jasa,30594212,8053564,Belum Terdaftar,0
288216064,UD. Yoga Praja,Perdagangan,42641114,672176,Terdaftar,1
288216065,UD. Pipit Tengah,Pendidikan,39974638,8267006,Terdaftar,1
288216066,UD. Dora Saputrautama,Pendidikan,37598631,5008668,Terdaftar,1
288216067,UD. Bayu Surya,Perdagangan,10319180,3668559,Terdaftar,1
288216068,UD. Opik Panuluh,Pendidikan,,2311448,Belum Terdaftar,0
288216069,UD. Hilmiyah Utamaindah,Pendidikan,14365509,5240032,Belum Terdaftar,0
unknown,UD. Fatimah Trisaktiatma Zahra,Kesehatan,25782750,9807392,Belum Terdaftar,0
288216071,UD. Ulya Purnama,Perdagangan,6119136,5303816,Terdaftar,1
288216072,UD. Tomi Utamaindah,Kesehatan,48152776,4758380,Terdaftar,1
288216073,UD. Satria Nirbayu,Jasa,3883063,7852693,Belum Terdaftar,0
288216074,UD. Tomi Pusaka Elsa,Jasa,41700089,2033808,Terdaftar,1
288216075,UD. Yessi Utamajaya,Perdagangan,24132971,2810003,Terdaftar,1
288216076,UD. Yudi Abdi,Pendidikan,27606403,9930597,Terdaftar,1
288216077,UD. Joko Dwijaputra,Pendidikan,44623967,4318082,Terdaftar,1
288216078,UD. Olla Trisudira,Perdagangan,9220546,3224005,Terdaftar,1
288216079,UD. Alya Anugerah,Pendidikan,49802529,768445,Belum Terdaftar,0
288216080,UD. Gita Maju,Jasa,2721227,5480567,Belum Terdaftar,0
288216081,UD. Rafa Putri,Pendidikan,16485539,4173703,Terdaftar,1
288216082,UD. Wito Winata,Pendidikan,45813166,8472111,Belum Terdaftar,0
288216083,UD. Habib Anugerah,Jasa,29994864,5600021,Terdaftar,1
288216084,UD. Sari Wicaksana,Pendidikan,44565013,751803,Belum Terdaftar,0
288216085,UD. Umi Pamungkas,Perdagangan,12590390,3673987,Terdaftar,1
288216086,UD. Winda Wicaksana,Pendidikan,39904297,5258926,Terdaftar,1
288216087,UD. Eren Nirbayu Sekar,Kesehatan,31844057,6936830,Terdaftar,1
288216088,UD. Koko Berkarya,Perdagangan,27978864,3912280,Belum Terdaftar,0
288216089,UD. Opik Manik,Perdagangan,6136082,9807843,Belum Terdaftar,0
288216090,UD. Utha Utama,Kesehatan,34391093,3964979,Terdaftar,1
288216091,UD. Celsi Indah,Jasa,23454166,9696035,Terdaftar,1
288216092,UD. Aldo Panembahan,Jasa,47084088,8820009,Belum Terdaftar,0
288216093,UD. Juli Mahkota,Jasa,33379115,6153466,Belum Terdaftar,0
288216094,UD. Vera Warna,Kesehatan,46102299,8710744,Terdaftar,1
288216095,UD. Bagir Pagi,Jasa,46357249,6368421,Belum Terdaftar,0
288216096,UD. Karla Satya,Pendidikan,47205186,8191583,Belum Terdaftar,0
288216097,UD. Anang Sundawa Melati,Perdagangan,2077742,8812922,Terdaftar,1
288216098,UD. Oniel Suryaatmaja,Perdagangan,24477196,4029740,Belum Terdaftar,0
288216099,UD. Putri Praja Farhan,Perdagangan,48399395,5238420,Terdaftar,1
288216100,UD. Ovan Sejahtera Salsa,Pendidikan,33276909,6582503,Terdaftar,1
288216101,UD. Koko Ratu,Perdagangan,8894380,4673500,Belum Terdaftar,0
288216102,UD. Bagas Sasmita,Kesehatan,46941926,4859177,Belum Terdaftar,0
288216103,UD. Vino Jaladara,Jasa,14108045,6922977,Terdaftar,1
288216104,UD. Agus Sunardi,Perdagangan,49820773,5899191,Belum Terdaftar,0
288216105,UD. Tasya Wibawa,Jasa,35289691,3553922,Terdaftar,1
288216106,UD. Sinta Sidarta,Perdagangan,33909764,2362561,Terdaftar,1
288216107,UD. Farid Satria,Pendidikan,4380012,6572753,Terdaftar,1
288216108,UD. Umi Jaya,Kesehatan,41262140,4877930,Belum Terdaftar,0
288216109,UD. Fani Kusumajati,Kesehatan,45885026,7723936,Terdaftar,1
288216110,UD. Kiki Mardika Bela,Kesehatan,21439761,1413818,Terdaftar,1
288216111,UD. Ayesha Widhi,Perdagangan,18816248,6482214,Belum Terdaftar,0
288216112,UD. Qisha Bangun,Jasa,43078420,841233,Belum Terdaftar,0
288216113,UD. Salsa Kusumah,Pendidikan,25680958,1289604,Terdaftar,1
288216114,UD. Oniel Sudharmo,Jasa,42891294,5358085,Terdaftar,1
288216115,UD. Elyas Paseban,Jasa,24963918,5498912,Terdaftar,1
288216116,UD. Qisha Reswara Mirna,Pendidikan,2054574,8837695,Terdaftar,1
288216117,UD. Intan Sukma,Jasa,45971768,4621232,Belum Terdaftar,0
288216118,UD. Budi Satya,Jasa,7419090,8765484,Terdaftar,1
288216119,UD. Marwan Tunggal,Jasa,28079820,7830884,Belum Terdaftar,0
288216120,UD. Dewi Jagadmaya,Pendidikan,26787487,812217,Terdaftar,1
288216121,UD. Rizki Harapan,Perdagangan,39842718,1863588,Terdaftar,1
288216122,UD. Putri Surapati,Jasa,49277197,5711709,Belum Terdaftar,0
288216123,UD. Vidi Nirmala,Kesehatan,27297368,9535848,Terdaftar,1
288216124,UD. Pipit Adiwarna,Perdagangan,20743487,1357155,Terdaftar,1
288216125,UD. Gusti Pamungkas,Pendidikan,46265618,3157869,Belum Terdaftar,0
288216126,UD. Qisha Naraya Koko,Perdagangan,44387030,8620565,Terdaftar,1
288216127,UD. Miko Damai,unknown,26486416,9186257,Belum Terdaftar,0
288216128,UD. Bayu Trisakti,Perdagangan,49157498,8502354,Belum Terdaftar,0
288216129,UD. Dora Yudhistira,Perdagangan,35541035,6070009,Terdaftar,1
288216130,UD. Ilham Hilir,Kesehatan,11245007,921800,Belum Terdaftar,0
288216131,UD. Sari Maju,Perdagangan,38371743,6114399,Belum Terdaftar,0
288216132,UD. Chika Harapan,Pendidikan,13215774,8068043,Belum Terdaftar,0
288216133,UD. Vito Utama,Pendidikan,34767730,8569683,Terdaftar,1
288216134,UD. Mika Pramana,Jasa,12909492,7000327,Belum Terdaftar,0
288216135,UD. Tari Ayodya,Kesehatan,15092908,2024827,Terdaftar,1
288216136,UD. Inten Panji,Pendidikan,35321545,1232950,Terdaftar,1
288216137,UD. Lina Tejakusuma,Jasa,1733639,3525094,Belum Terdaftar,0
288216138,UD. Yayan Jayengpati,Perdagangan,42083318,6617179,Belum Terdaftar,0
288216139,UD. Monica Sudarsana,Perdagangan,5753785,1429143,Terdaftar,1
288216140,UD. Poppy Adiwangsa,Kesehatan,46140976,7210144,Terdaftar,1
288216141,UD. Qasya Kelana,Jasa,17372669,9027201,Belum Terdaftar,0
288216142,UD. Panji Kusumasari,Perdagangan,8464748,6209748,Belum Terdaftar,0
288216143,UD. Olla Trisaktiatma,Kesehatan,36004353,1898148,Belum Terdaftar,0
288216144,UD. Isna Anindita,Kesehatan,10085208,4522698,Terdaftar,1
288216145,UD. Aldo Kencana,Pendidikan,45254393,5467658,Belum Terdaftar,0
288216146,UD. Bambang Persada,Kesehatan,31603866,8056462,Terdaftar,1
288216147,UD. Hana Satria,Jasa,8379007,3020106,Terdaftar,1
288216148,UD. Rahmat Anggara,Jasa,4979947,3812219,Terdaftar,1
288216149,UD. Pipit Indah,Jasa,28080343,8635537,Terdaftar,1
288216150,UD. Ulil Gemilang,Perdagangan,47516977,1375274,Belum Terdaftar,0
288216151,UD. Hana Cahyaningrat,Perdagangan,1742194,8957228,Belum Terdaftar,0
288216152,UD. Mega Lestari,Pendidikan,41799550,3523198,Terdaftar,1
288216153,UD. Wawan Terang,Jasa,16887151,1991490,Terdaftar,1
288216154,UD. Lukman Gunawan,Perdagangan,38413407,5847864,Belum Terdaftar,0
288216155,UD. Diva Rejo Hasna,Jasa,41228513,2499651,Belum Terdaftar,0
288216156,UD. Yana Sulaksana,Perdagangan,8229404,566196,Belum Terdaftar,0
288216157,UD. Hasna Brata,Kesehatan,20899443,6000015,Belum Terdaftar,0
288216158,UD. Tari Suryaputra,Kesehatan,5200702,1296043,Terdaftar,1
288216159,UD. Wulan Cendana,Kesehatan,36952677,5490153,Belum Terdaftar,0
288216160,UD. Uti Kinarya,Jasa,32743757,2526009,Belum Terdaftar,0
288216161,UD. Wenda Wetan,Pendidikan,23867095,4788389,Belum Terdaftar,0
288216162,UD. Rendi Artha,Perdagangan,9825314,4314360,Belum Terdaftar,0
288216163,UD. Uti Bijaksana,Pendidikan,40585991,1309802,Terdaftar,1
288216164,UD. Gerry Kusumajati,Perdagangan,33653575,530117,Terdaftar,1
288216165,UD. Tari Jayabaya,Pendidikan,7030057,8272398,Terdaftar,1
288216166,UD. Fajar Sentosa,Jasa,9394922,6491628,Terdaftar,1
288216167,UD. Lana Trisakti,Jasa,49275254,7227336,Terdaftar,1
288216168,UD. Rosa Jayawarsa,Kesehatan,14312460,9218930,Belum Terdaftar,0
288216169,UD. Widi Lempung,Jasa,49155034,826140,Terdaftar,1
288216170,UD. Kiki Jaladara,Pendidikan,39453015,3903086,Belum Terdaftar,0
288216171,UD. Miko Manik,Pendidikan,3903899,8081519,Terdaftar,1
288216172,UD. Juni Kayastha,Jasa,49239170,7427002,Belum Terdaftar,0
288216173,UD. Teguh Baruna,Pendidikan,20508229,1605495,Belum Terdaftar,0
288216174,UD. Kevin Panembahan,Perdagangan,3094657,3296225,Terdaftar,1
288216175,UD. Sari Jatinagara,Pendidikan,28180000,6039687,Belum Terdaftar,0
288216176,UD. Vidi Agastya Ujang,Kesehatan,41409528,950104,Belum Terdaftar,0
288216177,UD. Jasmine Radhitya Ulil,Perdagangan,11111037,2635740,Belum Terdaftar,0
288216178,UD. Xenia Kusumatmaja,Pendidikan,8895002,2336670,Belum Terdaftar,0
288216179,UD. Mika Santosa,Pendidikan,41903380,1928475,Terdaftar,1
288216180,UD. Jordi Dewangga,Perdagangan,35285818,2900233,Belum Terdaftar,0
288216181,UD. Galang Wiyata,Perdagangan,36727951,8119387,Belum Terdaftar,0
,UD. Naufal Trisula Winda,Pendidikan,11728869,1969887,Belum Terdaftar,0
288216183,UD. Omar Baskara,Pendidikan,34329809,4295343,Belum Terdaftar,0
288216184,UD. Winda Jayawarsa,Perdagangan,28169549,3102981,Belum Terdaftar,0
288216185,UD. Kanza Anggara,Jasa,42227845,3644025,Terdaftar,1
288216186,UD. Berlian Naraya,Perdagangan,13405761,5451876,Terdaftar,1
288216187,UD. Riko Jagad,Pendidikan,7091032,6400614,Belum Terdaftar,0
288216188,UD. Kinan Abdi,Pendidikan,25137465,5391297,Belum Terdaftar,0
288216189,UD. Barokah Sejahtera,Jasa,4916226,7981585,Terdaftar,1
288216190,UD. Salsa Makmur,Pendidikan,14124857,1713385,Terdaftar,1
288216191,UD. Uci Permai Fanny,Jasa,12077287,4720501,Belum Terdaftar,0
288216192,UD. Fitri Ilir,Pendidikan,46499400,5450930,Terdaftar,1
288216193,UD. Sani Sentosa,Pendidikan,22705193,4528979,Belum Terdaftar,0
288216194,UD. Fahmi Tejakusuma,Perdagangan,34076628,9231767,Terdaftar,1
288216195,UD. Riyan Kawiswara,Perdagangan,15212396,6590665,Belum Terdaftar,0
288216196,UD. Viani Warna,Jasa,36672617,4845644,Belum Terdaftar,0
288216197,UD. Juni Lempung,Perdagangan,26596027,6243960,Terdaftar,1
288216198,UD. Lana Saputra,Kesehatan,32687348,3372204,Belum Terdaftar,0
288216199,UD. Ojan Adiwarna,Jasa,6080365,889802,Terdaftar,1
288216200,UD. Ina Tunggal,Pendidikan,33242245,8217237,Terdaftar,1
288216201,UD. Zulfa Bratadikara,Kesehatan,39705498,3989478,Terdaftar,1
288216202,UD. Obed Adiwangsa,Jasa,27438369,5957089,Belum Terdaftar,0
288216203,UD. Lukman Nirmala Baim,Jasa,48454158,9405835,Terdaftar,1
288216204,UD. Yusuf Dharma,Pendidikan,36005499,4298956,Belum Terdaftar,0
288216205,UD. Cinta Sakti,Pendidikan,13521080,8439715,Terdaftar,1
288216206,UD. Opik Agastya,Jasa,22384501,7392654,Terdaftar,1
,UD. Rangga Pagi,Pendidikan,6299101,4187729,Belum Terdaftar,0
288216208,UD. Tiara Jaladara,Pendidikan,7356026,5046902,Terdaftar,1
288216209,UD. Khalid Wisnu,Pendidikan,24083555,6495170,Belum Terdaftar,0
288216210,UD. Pardi Berkarya,Pendidikan,40230264,8379175,Terdaftar,1
288216211,UD. Rizki Jaya,Kesehatan,9112234,5787094,Terdaftar,1
288216212,UD. Citra Mahkota Bambang,Kesehatan,47988678,4174374,Belum Terdaftar,0
288216213,UD. Galih Mulyo,Pendidikan,24579598,5812792,Terdaftar,1
288216214,UD. Willy Anggara Cakra,Kesehatan,34756979,1393426,Belum Terdaftar,0
288216215,UD. Fajar Kencana Ucup,Jasa,47537229,8959799,Belum Terdaftar,0
288216216,UD. Jasmin Saputranegara,Perdagangan,15777033,3668352,Belum Terdaftar,0
288216217,UD. Putra Santosa,Kesehatan,27123671,3004287,Belum Terdaftar,0
288216218,UD. Kamil Sukadarma,Pendidikan,33785317,2500220,Terdaftar,1
288216219,UD. Najwa Mayang Zidanar,Jasa,31228166,7158624,Terdaftar,1
288216220,UD. Alma Suryaatmaja Pandu,Perdagangan,36482743,1223356,Belum Terdaftar,0
288216221,UD. Pipit Kencana,Kesehatan,10988468,6486334,Belum Terdaftar,0
288216222,UD. Hanafi Berkarya Icha,Kesehatan,16388327,2656678,Belum Terdaftar,0
288216223,UD. Hilmiyah Cahaya,Kesehatan,14708977,7660428,Terdaftar,1
288216224,UD. Dea Wening,Perdagangan,43576223,2933265,Terdaftar,1
288216225,UD. Fadli Harapan,Perdagangan,48432846,2944475,Belum Terdaftar,0
288216226,UD. Alvino Paningrat,Kesehatan,1940394,9858923,Belum Terdaftar,0
288216227,UD. Farhan Langit,Perdagangan,28836373,1984185,Belum Terdaftar,0
288216228,UD. Qira Taruna,Kesehatan,22666518,7621149,Belum Terdaftar,0
288216229,UD. Chiko Tunggul,Kesehatan,5881545,746685,Belum Terdaftar,0
,UD. Eddy Sukma,Perdagangan,45887000,3891328,Belum Terdaftar,0
288216231,UD. Umi Jagadmaya,Jasa,28102964,5803809,Terdaftar,1
288216232,UD. Qory Surapati,Jasa,48746555,7771385,Belum Terdaftar,0
288216233,UD. Delia Abadi,Jasa,6143834,6596733,Terdaftar,1
288216234,UD. Fani Gatra,Kesehatan,48462640,9934018,Terdaftar,1
288216235,UD. Laras Anugerah,Kesehatan,39778871,1504169,Belum Terdaftar,0
288216236,UD. Ari Brata,Pendidikan,34582017,3026725,Belum Terdaftar,0
288216237,UD. Panji Persada,Pendidikan,41990436,6833313,Belum Terdaftar,0
288216238,UD. Sinta Dharma Qais,Kesehatan,31412126,831255,Terdaftar,1
288216239,UD. Jodi Mayang,Perdagangan,35347625,9754337,Belum Terdaftar,0
288216240,UD. Chiko Bagaskara Kevin,Jasa,26239499,946010,Terdaftar,1
288216241,UD. Bela Indah,Pendidikan,19611788,7975931,Belum Terdaftar,0
288216242,UD. Riyan Gunawan,Kesehatan,22486319,9188882,Belum Terdaftar,0
288216243,UD. Halimah Sakti,Pendidikan,10781634,5641132,Terdaftar,1
288216244,UD. Zidan Hastinapura Eka,Jasa,37414204,2193080,Terdaftar,1
288216245,UD. Qila Agung Uci,Pendidikan,21131651,2262750,Terdaftar,1
288216246,UD. Nina Wiratama,Pendidikan,35148239,1102854,Belum Terdaftar,0
288216247,UD. Gita Surya,Perdagangan,45010814,893067,Belum Terdaftar,0
288216248,UD. Esa Agastya,Jasa,,3779093,Belum Terdaftar,0
288216249,UD. Kirana Adikara,Jasa,37082701,7913569,Belum Terdaftar,0
288216250,UD. Utha Selaras,Jasa,12628276,6789449,Terdaftar,1
288216251,UD. Qanitah Pagi,Pendidikan,7129252,1032443,Terdaftar,1
288216252,UD. Halimah Gunawan Adinda,Jasa,30011026,6452144,Belum Terdaftar,0
288216253,UD. Zulfa Jagadmaya,Perdagangan,1735146,898358,Terdaftar,1
288216254,UD. Isna Bersemi,Jasa,25270960,2695086,Terdaftar,1
288216255,UD. Yayan Jagadmaya,Jasa,32139267,8114373,Terdaftar,1
288216256,UD. Farid Wibawa,Pendidikan,37365117,5431127,Terdaftar,1
288216257,UD. Iman Kusen,Jasa,19982263,9243488,Terdaftar,1
288216258,UD. Fauzan Praja,Pendidikan,6421155,926831,Terdaftar,1
288216259,UD. Eren Jayaningrat,Kesehatan,14483759,3870200,Belum Terdaftar,0
288216260,UD. Zahira Agung,Kesehatan,29231997,2426125,Terdaftar,1
288216261,UD. Rosa Panembahan Pasha,Kesehatan,39333087,1473792,Belum Terdaftar,0
288216262,UD. Citra Brawijaya,Jasa,47955410,9003585,Terdaftar,1
288216263,UD. Heri Tejakencana,Jasa,48375638,6485736,Belum Terdaftar,0
288216264,UD. Yusuf Nirbayu,unknown,22290477,3794564,Belum Terdaftar,0
288216265,UD. Baim Praja,Perdagangan,6506482,4249809,Terdaftar,1
288216266,UD. Kamil Sakti,Jasa,5209136,6270992,Belum Terdaftar,0
288216267,UD. Mira Mandiri,Pendidikan,28382646,3477705,Terdaftar,1
288216268,UD. Ojan Cahyaningrat,Jasa,1169352,1465053,Belum Terdaftar,0
288216269,UD. Desta Nirbayu Vita,Kesehatan,45512631,4433451,Terdaftar,1
288216270,UD. Pio Ratu,Kesehatan,20762926,6769892,Terdaftar,1
288216271,UD. Owen Asri,Perdagangan,16078201,,Terdaftar,1
288216272,UD. Nando Agastya,Kesehatan,45174069,1199519,Belum Terdaftar,0
288216273,UD. Vito Tirtayasa,Kesehatan,21278503,4557167,Terdaftar,1
288216274,UD. Berlian Resmi,Kesehatan,43174241,8925555,Terdaftar,1
288216275,UD. Gadis Baskara,Pendidikan,24524800,6383293,Terdaftar,1
288216276,UD. Binar Trisula,Perdagangan,44849351,6451281,Terdaftar,1
288216277,UD. Rian Gemilang,Jasa,19390550,1946871,Terdaftar,1
288216278,UD. Dito Mahkota,Perdagangan,22743995,5770006,,0
288216279,UD. Carissa Saputra,Kesehatan,34210082,5868330,Belum Terdaftar,0
,UD. Yora Tirta,Pendidikan,29921754,8650702,Belum Terdaftar,0
288216281,UD. Zulfa Purnama Panji,Pendidikan,10660628,5554820,Terdaftar,1
288216282,UD. Fani Siang,Jasa,22689276,2449348,Terdaftar,1
288216283,UD. Santi Kencana,Jasa,30957811,6160832,Terdaftar,1
288216284,UD. Lana Merdeka,Pendidikan,46567628,3677096,Terdaftar,1
288216285,UD. Harun Sanjaya,Perdagangan,16255924,6781901,Terdaftar,1
288216286,UD. Halim Suryaatmaja,Pendidikan,47799076,9570466,Belum Terdaftar,0
288216287,UD. Marsel Dwijaputra,Kesehatan,5071844,5523216,Terdaftar,1
288216288,UD. Prananda Setia,Pendidikan,38550761,5017107,Terdaftar,1
288216289,UD. Gilangga Abdi,Jasa,14590956,1827667,Terdaftar,1
288216290,UD. Winda Makmur Opik,Kesehatan,39219901,2649564,Terdaftar,1
288216291,UD. Naila Surapati,Jasa,20271585,,Terdaftar,1
288216292,UD. Jibril Praja,Pendidikan,2627297,8839465,Belum Terdaftar,0
288216293,UD. Yola Sejahtera,Jasa,39029685,6448073,Belum Terdaftar,0
288216294,UD. Yusuf Suci,Perdagangan,40482610,7652142,Terdaftar,1
288216295,UD. Esa Lempung,Jasa,38005385,2785211,Terdaftar,1
288216296,UD. Uci Praja Lukman,Perdagangan,23067150,8877740,Terdaftar,1
288216297,UD. Damar Sahaja Leni,Perdagangan,6655194,3601498,Belum Terdaftar,0
288216298,UD. Bella Tengah,Perdagangan,41992847,8506711,Belum Terdaftar,0
288216299,UD. Guntur Wira,Kesehatan,47482201,6293011,Terdaftar,1
288216300,UD. Putra Wibawa,Pendidikan,19000179,3210591,Terdaftar,1
288216301,UD. Cakra Sidarta,Perdagangan,21690866,1705058,Belum Terdaftar,0
288216302,UD. Ari Permai,Kesehatan,25231619,1777173,Belum Terdaftar,0
288216303,UD. Weni Gandewa,Kesehatan,48927713,6919738,Terdaftar,1
288216304,UD. Ari Wijaya,Kesehatan,2472616,929195,Terdaftar,1
288216305,UD. Uli Surya,Kesehatan,35954904,5286284,Terdaftar,1
288216306,UD. Anis Senja,Kesehatan,47404288,3566098,Terdaftar,1
288216307,UD. Tania Elok,Jasa,46365503,8422728,Belum Terdaftar,0
288216308,UD. Gusti Karang Yessi,Perdagangan,33979403,9056239,Terdaftar,1
288216309,UD. Khayla Ratu,Perdagangan,23674297,5523794,Terdaftar,1
288216310,UD. Heri Hastinapura,Perdagangan,17736488,8963712,Terdaftar,1
288216311,UD. Jihan Kinarya,Jasa,33070924,6834543,Terdaftar,1
288216312,UD. Hesti Sahaja,Jasa,29710481,1922876,Belum Terdaftar,0
288216313,UD. Iman Artha Juli,Kesehatan,45055182,7956058,Terdaftar,1
288216314,UD. Sinta Ceria,Pendidikan,34009134,2560887,Terdaftar,1
288216315,UD. Ina Anggara Marsya,Perdagangan,31275717,,Terdaftar,1
288216316,UD. Ojan Terang,Perdagangan,8142694,6122408,Terdaftar,1
288216317,UD. Yessi Agastya,Pendidikan,18049163,9867523,Belum Terdaftar,0
288216318,UD. Fikri Baswara,Perdagangan,48348601,5038821,Terdaftar,1
288216319,UD. Silvi Pagi,Jasa,34375305,1730342,Belum Terdaftar,0
288216320,UD. Qanita Sunardi,Jasa,30832314,8137447,Terdaftar,1
288216321,UD. Dora Harmoni,Perdagangan,34437849,2501850,Terdaftar,1
288216322,UD. Tari Haji,Pendidikan,9296858,9676202,Belum Terdaftar,0
288216323,UD. Wito Prana,Kesehatan,34232405,4339490,Belum Terdaftar,0
288216324,UD. Jasmine Anindita,Jasa,20231328,5630115,Belum Terdaftar,0
288216325,UD. Nisa Sahaja,Jasa,31844608,7820800,Terdaftar,1
288216326,UD. Lukita Dharma Yessi,Pendidikan,3579441,5012787,Belum Terdaftar,0
288216327,UD. Qyla Wiratama,Perdagangan,38161514,2839489,Belum Terdaftar,0
288216328,UD. Juni Wirawati,Perdagangan,3025704,6477741,Terdaftar,1
288216329,UD. Wira Yudhistira,Kesehatan,34306861,8209116,Belum Terdaftar,0
288216330,UD. Tariq Wira,Kesehatan,37933290,8681015,Belum Terdaftar,0
288216331,UD. Binar Jayengpati,Perdagangan,4864640,7944701,Terdaftar,1
288216332,UD. Zulfa Baswara Tegar,Pendidikan,14163133,7230942,Belum Terdaftar,0
288216333,UD. Intan Ratu,Perdagangan,9007400,2105607,unknown,0
288216334,UD. Elva Sahaja,Pendidikan,3116437,8571114,Terdaftar,1
288216335,UD. Hanafi Wacana,Kesehatan,20831900,3148766,Terdaftar,1
288216336,UD. Oki Ranggalawe,Jasa,30101089,1421932,Belum Terdaftar,0
288216337,UD. Adinda Resaputra,Perdagangan,42093097,3286636,Terdaftar,1
288216338,UD. Thariq Sukarela,Kesehatan,18144030,5468646,Terdaftar,1
288216339,UD. Salsa Asa,Jasa,31376696,6840298,Terdaftar,1
288216340,UD. Hanaura Cahaya,Jasa,16258425,9044766,Belum Terdaftar,0
288216341,UD. Eni Baruna,unknown,37719370,2458953,Belum Terdaftar,0
288216342,UD. Ilmi Wangi,Jasa,10325165,2140960,Terdaftar,1
288216343,UD. Irma Tirta,Jasa,31415716,3945823,Terdaftar,1
288216344,UD. Tari Bagaskara,Perdagangan,9679623,4455931,Terdaftar,1
288216345,UD. Yusuf Cempaka,Pendidikan,9687461,9473124,Terdaftar,1
288216346,UD. Alma Trisula,Perdagangan,36186126,7097013,Belum Terdaftar,0
288216347,UD. Muthia Bratadikara Melati,Kesehatan,8241223,4494563,Belum Terdaftar,0
288216348,UD. Shinta Wisesa Dea,Kesehatan,48162357,5866265,Belum Terdaftar,0
288216349,UD. Eni Persada,Pendidikan,23314147,8236911,Terdaftar,1
288216350,UD. Aqila Binasena Carissa,Pendidikan,41554525,8862413,Terdaftar,1
288216351,UD. Opik Darma,Jasa,30634487,4853626,Belum Terdaftar,0
288216352,UD. Leni Luhur,,2331196,4216956,Belum Terdaftar,0
288216353,UD. Delia Kelana,Kesehatan,26141608,8519635,Belum Terdaftar,0
288216354,UD. Gilang Ceria,Jasa,26268164,2137686,Terdaftar,1
288216355,UD. Hasna Yudhistira,Jasa,1606610,7847588,Belum Terdaftar,0
288216356,UD. Rafif Terang,Perdagangan,8267888,2553678,Belum Terdaftar,0
288216357,UD. Salwa Madya,Pendidikan,13104268,8882953,Belum Terdaftar,0
288216358,UD. Nisa Ranggalawe,Kesehatan,40805040,2149504,Belum Terdaftar,0
288216359,UD. Rafa Maheswara,Pendidikan,34102073,2104455,Terdaftar,1
288216360,UD. Pasha Pramana,Kesehatan,9835005,5451850,Terdaftar,1
288216361,UD. Fauzan Sanjaya,Perdagangan,43898876,6924261,Terdaftar,1
288216362,UD. Salwa Sukadarma,Kesehatan,16421336,7544949,Belum Terdaftar,0
288216363,UD. Echa Winata,Kesehatan,48616461,4502481,Belum Terdaftar,0
288216364,UD. Melati Binasena,Perdagangan,46678474,1246061,Terdaftar,1
288216365,UD. Miko Panuluh,Kesehatan,43453533,6392913,Belum Terdaftar,0
288216366,UD. Amir Wisnu,Pendidikan,11014790,1727597,Terdaftar,1
288216367,UD. Zulfa Alam Grego,Jasa,38979329,3955138,Belum Terdaftar,0
288216368,UD. Gema Mandala Lea,Kesehatan,42174306,6289720,Terdaftar,1
288216369,UD. Delia Padi,Pendidikan,18689514,6425308,Terdaftar,1
288216370,UD. Syana Sari,Kesehatan,6553632,3551550,Belum Terdaftar,0
288216371,UD. Udin Widjaja,Perdagangan,24982514,595990,Terdaftar,1
288216372,UD. Elok Permai,Perdagangan,30021741,2364240,Terdaftar,1
288216373,UD. Okta Winata,Kesehatan,36907323,2040778,Belum Terdaftar,0
288216374,UD. Berlian Suryaatmaja,Perdagangan,43685471,5425651,Belum Terdaftar,0
288216375,UD. Hasna Karya,Pendidikan,4686800,3053321,Terdaftar,1
288216376,UD. Muthia Haji,Jasa,13801522,1734276,Belum Terdaftar,0
288216377,UD. Ulya Satya,Perdagangan,39145970,3978534,Terdaftar,1
288216378,UD. Evan Wangi,Perdagangan,28110043,7025573,Belum Terdaftar,0
288216379,UD. Ulya Sundawa,Kesehatan,39707796,4018257,Terdaftar,1
288216380,UD. Fadli Abadi Uchie,Perdagangan,10796351,7865061,Terdaftar,1
288216381,UD. Kinan Tengah,Jasa,16835954,2710485,Belum Terdaftar,0
288216382,UD. Oki Abadi,Pendidikan,22903353,6939615,Belum Terdaftar,0
288216383,UD. Rahmat Sehat,Kesehatan,19183186,9438103,Belum Terdaftar,0
288216384,UD. Dea Selaras,Jasa,6920096,4242566,Belum Terdaftar,0
288216385,UD. Odie Kencana,Jasa,18880248,7887929,Belum Terdaftar,0
288216386,UD. Wira Santosa,Kesehatan,4658976,1776380,Terdaftar,1
288216387,UD. Qori Sari,Perdagangan,29541910,9661990,Belum Terdaftar,0
288216388,UD. Najwa Bima Vincent,Pendidikan,12803015,5980830,Belum Terdaftar,0
288216389,UD. Clarissa Sulaksana Iqbal,Jasa,14463197,7930660,Terdaftar,1
288216390,UD. Fikra Baswara,Jasa,25493318,4691436,Belum Terdaftar,0
288216391,UD. Lando Radhitya,Pendidikan,12761390,9079043,Terdaftar,1
288216392,UD. Balqis Taruna,Jasa,17850671,3373632,Terdaftar,1
288216393,UD. Ulil Mahkota Mila,Perdagangan,33199706,797642,Belum Terdaftar,0
288216394,UD. Obed Purnama,Perdagangan,31274087,4547802,Belum Terdaftar,0
288216395,UD. Zidanar Darma,Perdagangan,43818793,6010944,Terdaftar,1
288216396,UD. Olla Prawira Satria,Pendidikan,25815971,7476722,Belum Terdaftar,0
288216397,UD. Santi Sehat,Perdagangan,41078755,9774513,Belum Terdaftar,0
288216398,UD. Halimah Asri,Perdagangan,1710674,9341357,Terdaftar,1
288216399,UD. Rizki Trisakti,Kesehatan,28005052,8563910,Belum Terdaftar,0
288216400,UD. Leni Lintang,Jasa,15253146,6181057,Belum Terdaftar,0
288216401,UD. Citra Wirawati,Perdagangan,33464311,6956478,Terdaftar,1
288216402,UD. Clarissa Prawira Vincent,Kesehatan,3494021,1917296,Terdaftar,1
288216403,UD. Najwa Indah,,30088079,1140134,Terdaftar,1
288216404,UD. Hendra Sundawa,Jasa,33526871,5027444,Terdaftar,1
288216405,UD. Hesti Bersemi,Jasa,2954557,4482406,Terdaftar,1
288216406,UD. Chintya Sukadarma,Jasa,2889431,4604283,Terdaftar,1
288216407,UD. Anis Karya,Pendidikan,32776422,7233245,Terdaftar,1
288216408,UD. Intan Putra,Perdagangan,33957100,4249119,Terdaftar,1
288216409,UD. Yora Anugerah,Kesehatan,12706978,1063933,Belum Terdaftar,0
288216410,UD. Gita Jayeng,Pendidikan,28619060,1657292,Terdaftar,1
288216411,UD. Raka Wirawati,Pendidikan,29976369,3436521,Terdaftar,1
288216412,UD. Wenny Saputranegara,Jasa,15103728,4513899,Belum Terdaftar,0
288216413,UD. Desi Saputrautama,Jasa,32065250,2090252,Terdaftar,1
288216414,UD. Pandu Mahkota,Kesehatan,27265747,3416815,Terdaftar,1
288216415,UD. Nara Surapati Chiko,Jasa,33580899,7849772,Belum Terdaftar,0
288216416,UD. Cipta Winata,Pendidikan,24138250,4871395,Belum Terdaftar,0
288216417,UD. Indira Malam,Kesehatan,44170161,1898232,Terdaftar,1
288216418,UD. Zidan Cahyaningrat Bagas,Jasa,6705362,5390970,Belum Terdaftar,0
288216419,UD. Salwa Mega Tono,Jasa,7183591,6420013,Terdaftar,1
288216420,UD. Elok Karya,Jasa,6025900,9642721,Belum Terdaftar,0
288216421,UD. Anis Atma,Jasa,29508504,7574464,Belum Terdaftar,0
288216422,UD. Yayan Sudharmo Wira,Pendidikan,24119217,1068193,Terdaftar,1
288216423,UD. Elen Abadi,Pendidikan,7563008,1993985,Terdaftar,1
288216424,UD. Yessi Saputra,Pendidikan,12066360,1382356,Terdaftar,1
288216425,UD. Vina Warna,Kesehatan,48095792,1376120,Belum Terdaftar,0
288216426,UD. Bayu Jayabaya,Perdagangan,6526242,3442458,Terdaftar,1
288216427,UD. Jihan Wijapranata,Pendidikan,12774102,6774202,Terdaftar,1
288216428,UD. Eddy Ranggalawe,Perdagangan,47081687,8302035,Belum Terdaftar,0
288216429,UD. Lukman Baru,,47763302,4652302,Terdaftar,1
288216430,UD. Haidar Bratadikara,Pendidikan,15600278,1708958,Belum Terdaftar,0
288216431,UD. Riko Jayengpati,Perdagangan,23754341,3577117,Terdaftar,1
288216432,UD. Halimah Mulyo,Pendidikan,41268414,1404878,Terdaftar,1
288216433,UD. Jaya Pelangi,Jasa,14087110,656812,Terdaftar,1
288216434,UD. Qayla Kencana,Pendidikan,44463782,8583503,Belum Terdaftar,0
288216435,UD. Prita Dewangga,Perdagangan,44593131,9900178,Terdaftar,1
288216436,UD. Galih Naraya,Kesehatan,44528412,1830871,Belum Terdaftar,0
288216437,UD. Tegar Widuri,Perdagangan,36353768,6552055,Terdaftar,1
288216438,UD. Esa Kusumajati,Perdagangan,5512362,4479938,Terdaftar,1
288216439,UD. Raka Nusa,Kesehatan,27783145,2793046,Terdaftar,1
288216440,UD. Lintang Elok,Kesehatan,48725129,588996,Belum Terdaftar,0
288216441,UD. Alya Madya,Pendidikan,36380686,8041896,Terdaftar,1
288216442,UD. Tami Agastya,Pendidikan,39786607,4584593,Terdaftar,1
288216443,UD. Qisha Ananta,Perdagangan,43922361,3866003,Belum Terdaftar,0
,UD. Thariq Agung,Kesehatan,22208044,9698009,Terdaftar,1
288216445,UD. Jaya Sunardi,Kesehatan,42965032,6619701,Belum Terdaftar,0
288216446,UD. Olivia Citra,Kesehatan,26614317,unknown,Terdaftar,1
288216447,UD. Halimah Maheswara,Perdagangan,6398933,9125357,Belum Terdaftar,0
288216448,UD. Tasya Kalbu,Kesehatan,41531134,3193856,Belum Terdaftar,0
,UD. Intan Mandala,Jasa,26189201,1680560,Belum Terdaftar,0
288216450,UD. Fikra Anugerah Ghani,Perdagangan,12202743,1593305,Terdaftar,1
288216451,UD. Hilmi Tejakencana,Jasa,4362326,3463641,Belum Terdaftar,0
288216452,UD. Iqbal Jayaningrat,Kesehatan,11843163,9715380,Terdaftar,1
288216453,UD. Panji Pusaka,Jasa,39303912,8811870,Terdaftar,1
288216454,UD. Guntur Pamungkas,Pendidikan,3657289,9930379,Terdaftar,1
288216455,UD. Pandu Ilir,Perdagangan,18239859,4671122,Belum Terdaftar,0
288216456,UD. Erni Mulyo,Jasa,32305834,1259595,Terdaftar,1
288216457,UD. Hesti Prawira,Jasa,33641335,4370119,Terdaftar,1
288216458,UD. Wulan Langit,Pendidikan,7234249,9514346,Terdaftar,1
288216459,UD. Echa Paningrat Pardi,Pendidikan,33586482,8158177,Terdaftar,1
288216460,UD. Silvi Sudharmo,Kesehatan,39546880,1983099,Terdaftar,1
288216461,UD. Kanza Sasmita,Pendidikan,19054647,2297749,Belum Terdaftar,0
288216462,UD. Iman Putri,Jasa,39870044,4649710,Terdaftar,1
288216463,UD. Gadis Sanjaya,Jasa,17444845,9168311,Belum Terdaftar,0
288216464,UD. Diva Asri,Jasa,13502056,6521959,Belum Terdaftar,0
288216465,UD. Lintang Raharja,Perdagangan,23719172,2921445,Terdaftar,1
288216466,UD. Teguh Satriya Karla,Jasa,23370091,2005399,Terdaftar,1
288216467,UD. Khalid Madya,Pendidikan,20665948,8116765,Terdaftar,1
288216468,UD. Vera Prajurit,Perdagangan,23876656,8746476,Belum Terdaftar,0
288216469,UD. Utha Praja Delia,Kesehatan,15378003,2139387,Terdaftar,1
288216470,UD. Utami Tirtaatmaja,Pendidikan,34444542,6944931,Belum Terdaftar,0
288216471,UD. Hanafi Pagi,Kesehatan,34113816,8599486,Terdaftar,1
288216472,UD. Qisya Pelangi,Kesehatan,24311040,1977568,Terdaftar,1
288216473,UD. Jihan Utama,Jasa,31901347,4932500,Terdaftar,1
288216474,UD. Qais Winata,Perdagangan,9160555,7700122,Belum Terdaftar,0
288216475,UD. Bagir Ratu,Jasa,48432772,7966509,Belum Terdaftar,0
288216476,UD. Hanaura Nirmala,Kesehatan,12661745,7017291,Belum Terdaftar,0
288216477,UD. Dea Jayaningrat,Jasa,44251697,545729,Terdaftar,1
288216478,UD. Bagir Ayodya,Pendidikan,22604466,,Belum Terdaftar,0
288216479,UD. Lukita Hilir,Perdagangan,47009724,4265463,Belum Terdaftar,0
288216480,UD. Yumna Lingga,Kesehatan,9149644,1287866,Belum Terdaftar,0
288216481,UD. Desi Jayawarsa Viona,Perdagangan,14513408,5902921,Terdaftar,1
288216482,UD. Lukita Asri,Perdagangan,41802119,2551377,Terdaftar,1
288216483,UD. Barokah Jagadmaya,Perdagangan,47684691,2188116,Belum Terdaftar,0
288216484,UD. Ojan Gita,Pendidikan,49163698,4425635,Belum Terdaftar,0
288216485,UD. Naufal Manggala,Jasa,44901592,6737004,Belum Terdaftar,0
288216486,UD. Galih Cerah,Perdagangan,44692316,9863909,Terdaftar,1
288216487,UD. Qira Adikara,,4993282,3854234,Belum Terdaftar,0
288216488,UD. Wawan Surapati,Kesehatan,24409140,3661654,Belum Terdaftar,0
288216489,UD. Eren Arsana,Pendidikan,2407228,6811432,Terdaftar,1
288216490,UD. Yaniar Senja,Kesehatan,10875729,8091920,Belum Terdaftar,0
288216491,UD. Dina Trisaktiatma,Perdagangan,5310388,2966674,Belum Terdaftar,0
288216492,UD. Cici Tunggul,Pendidikan,8629265,5538639,Terdaftar,1
288216493,UD. Echa Tejakusuma,Pendidikan,14049687,9607192,Terdaftar,1
288216494,UD. Oki Buana,Pendidikan,48908280,6947683,Belum Terdaftar,0
288216495,UD. Gusti Ceria,Perdagangan,23273972,5079119,Belum Terdaftar,0
288216496,UD. Pasha Kulon,Kesehatan,23592069,2065531,Terdaftar,1
288216497,UD. Koko Galang,Kesehatan,40670875,7620282,Belum Terdaftar,0
288216498,UD. Wira Purnama,Jasa,41787507,5037654,Belum Terdaftar,0
288216499,UD. Yusuf Mulya,Kesehatan,3030157,5731787,Belum Terdaftar,0
288216500,UD. Iqra Trisaktiatma Alvino,Perdagangan,47921881,5627603,Terdaftar,1
288216501,UD. Gema Baskara,Pendidikan,2658617,,Belum Terdaftar,0
288216502,UD. Okta Kencana,Kesehatan,23321418,8624679,Terdaftar,1
288216503,UD. Dina Putri Syifa,Pendidikan,15664212,6755113,Belum Terdaftar,0
288216504,UD. Qira Bangun,Pendidikan,37344004,6118368,Belum Terdaftar,0
288216505,UD. Oki Mandala,Kesehatan,33043166,6373009,Belum Terdaftar,0
288216506,UD. Najwa Damai,Kesehatan,10170111,8637671,Terdaftar,1
288216507,UD. Chika Sunardi,Pendidikan,31166810,7623199,Terdaftar,1
288216508,UD. Rafa Gunawan,Kesehatan,20300064,2995532,Terdaftar,1
288216509,UD. Jihan Jatiwangi,Perdagangan,9162977,3415629,Belum Terdaftar,0
288216510,UD. Elva Mahendra,Pendidikan,26624163,6688774,Terdaftar,1
288216511,UD. Kamil Agastya,Pendidikan,5927870,9012737,Belum Terdaftar,0
288216512,UD. Tiara Hilir Naufal,Perdagangan,8540420,3892482,Belum Terdaftar,0
288216513,UD. Ismail Jati,Pendidikan,39106159,4596843,Belum Terdaftar,0
288216514,UD. Elsa Wisnu,Pendidikan,13918195,532323,Belum Terdaftar,0
288216515,UD. Karim Surapati,unknown,43588030,4645827,Terdaftar,1
288216516,UD. Qiana Mahkota,Perdagangan,26138146,5723432,Terdaftar,1
288216517,UD. Ghani Warna,Perdagangan,20864653,5682402,Terdaftar,1
288216518,UD. Bulan Sehat,Perdagangan,4162507,842744,Terdaftar,1
288216519,UD. Fauzan Puri,Jasa,22135884,1523027,Belum Terdaftar,0
288216520,UD. Salsa Jati,Kesehatan,6324015,8006543,Terdaftar,1
288216521,UD. Sari Jati,Kesehatan,38933402,3712122,Belum Terdaftar,0
288216522,UD. Maudy Maju,Kesehatan,19069007,3048123,Terdaftar,1
288216523,UD. Zulfa Jayengprana,Jasa,48803826,9619545,Terdaftar,1
288216524,UD. Gadis Adiwangsa,Pendidikan,40172021,6171378,Belum Terdaftar,0
288216525,UD. Tomi Suryaputra,Kesehatan,21579139,3236698,Terdaftar,1
288216526,UD. Anang Wetan,Kesehatan,16743372,953668,Terdaftar,1
288216527,UD. Desta Surya,Perdagangan,3290412,9063815,Belum Terdaftar,0
288216528,UD. Via Cinta,Kesehatan,2664592,7081797,Belum Terdaftar,0
288216529,UD. Rafa Manggala,Jasa,47838676,9477304,Belum Terdaftar,0
288216530,UD. Naufal Makmur Yaniar,Jasa,7002925,1557935,Terdaftar,1
288216531,UD. Fira Tirta Naila,Perdagangan,7668262,656470,Terdaftar,1
288216532,UD. Niken Surapati,Jasa,45822708,4629155,Belum Terdaftar,0
288216533,UD. Aldo Lintang,Pendidikan,,3734073,Belum Terdaftar,0
288216534,UD. Ulil Wijapranata,Perdagangan,45297858,6671374,Belum Terdaftar,0
288216535,UD. Qila Anindita,Perdagangan,17061960,6846168,Terdaftar,1
288216536,UD. Oniel Prajurit Juni,Pendidikan,37365718,4200606,Terdaftar,1
288216537,UD. Owen Purnama,Pendidikan,3573981,5657807,Terdaftar,1
288216538,UD. Alif Brata,Pendidikan,34535094,623483,Belum Terdaftar,0
288216539,UD. Priska Wijaya,Pendidikan,38912836,7437764,Belum Terdaftar,0
288216540,UD. Icha Gunawan,Kesehatan,23263325,951621,Belum Terdaftar,0
288216541,UD. Yaniar Utama,Kesehatan,27172146,2300803,Terdaftar,1
288216542,UD. Lukman Lingga,Pendidikan,26074393,4064605,Terdaftar,1
288216543,UD. Qanitah Persada Yana,Pendidikan,32414595,2806620,Belum Terdaftar,0
288216544,UD. Jihan Wijaya,Kesehatan,32326195,3898345,Terdaftar,1
288216545,UD. Eka Artha,Jasa,45442202,4907776,Terdaftar,1
288216546,UD. Santi Sukarela,Jasa,41184732,6702375,Terdaftar,1
288216547,UD. Budi Jagad,Jasa,37577452,8081477,Belum Terdaftar,0
288216548,UD. Carissa Asih,Kesehatan,2950053,7410243,Belum Terdaftar,0
288216549,UD. Qori Sentosa,Perdagangan,11508282,6252788,Terdaftar,1
288216550,UD. Ida Dwijaputra,Pendidikan,41554118,7686999,Belum Terdaftar,0
288216551,UD. Raka Wisesa,Pendidikan,23344335,7262028,Belum Terdaftar,0
288216552,UD. Khayla Putra,Jasa,25775256,3219537,Terdaftar,1
288216553,UD. Yusuf Saputrautama,Jasa,20157975,8048862,Terdaftar,1
288216554,UD. Wira Indah,Pendidikan,26035432,2800086,Belum Terdaftar,0
288216555,UD. Harun Selaras,Kesehatan,24592424,4888453,Terdaftar,1
288216556,UD. Pardi Kencana,Kesehatan,8454386,9837179,Terdaftar,1
288216557,UD. Viani Mandala,Jasa,20708982,4835304,Belum Terdaftar,0
288216558,UD. Bayu Sumringah,Jasa,34236159,7570030,Terdaftar,1
288216559,UD. Utha Arya,Kesehatan,11308274,6538739,Belum Terdaftar,0
288216560,UD. Carissa Widuri,unknown,27253391,9638061,Belum Terdaftar,0
288216561,UD. Pipit Elok,Jasa,18982184,2617774,Belum Terdaftar,0
288216562,UD. Zidan Artha,Jasa,11281902,9513340,Belum Terdaftar,0
288216563,UD. Rosa Panembahan,Kesehatan,13925884,4846740,Terdaftar,1
288216564,UD. Juli Maju Damaris,Jasa,16188679,4409556,Belum Terdaftar,0
288216565,UD. Fatimah Arsana Elva,Jasa,46337453,8383001,Belum Terdaftar,0
288216566,UD. Niken Sehat,Kesehatan,42559685,3397512,Terdaftar,1
288216567,UD. Cici Suryaatmaja Verdi,Pendidikan,32352036,7073285,Belum Terdaftar,0
288216568,UD. Satria Mulya,Kesehatan,43054858,3396340,Terdaftar,1
288216569,UD. Riyan Trisula Bella,Pendidikan,32022747,6520469,Terdaftar,1
288216570,UD. Zidan Saputranegara,Kesehatan,27236585,8202635,Belum Terdaftar,0
288216571,UD. Fani Kusumatmaja,Pendidikan,38772723,2312536,Belum Terdaftar,0
288216572,UD. Kinan Cerah,Perdagangan,30472522,4687070,Belum Terdaftar,0
288216573,UD. Marwan Agung,Kesehatan,44653829,1303917,Belum Terdaftar,0
288216574,UD. Lana Trisudira,Perdagangan,26010087,2421895,Terdaftar,1
288216575,UD. Hendra Padi,Pendidikan,29278173,,Terdaftar,1
288216576,UD. Wira Madya Rafif,Pendidikan,5137655,9247853,Terdaftar,1
288216577,UD. Krisna Satria,Pendidikan,11321740,3327425,Terdaftar,1
288216578,UD. Livia Reswara,Perdagangan,23012805,5655634,Belum Terdaftar,0
288216579,UD. Qori Kusuma,Kesehatan,39818559,1170171,Terdaftar,1
288216580,UD. Qisya Sakti,Perdagangan,36728432,7845189,,0
288216581,UD. Icha Praja,Kesehatan,9358048,3164084,Terdaftar,1
288216582,UD. Inten Kayastha,Kesehatan,36705994,5753129,Terdaftar,1
288216583,UD. Pandu Persada,Jasa,14237568,5284227,Terdaftar,1
288216584,UD. Agus Prawira,Perdagangan,20367834,4617941,Terdaftar,1
288216585,UD. Karla Utama,Kesehatan,28198365,1797109,Terdaftar,1
288216586,UD. Elen Trijaya,Perdagangan,16086072,9750729,Belum Terdaftar,0
288216587,UD. Sinta Baruna,Perdagangan,41747693,6865284,Terdaftar,1
288216588,UD. Dina Arsana,Jasa,33588443,4750986,Belum Terdaftar,0
288216589,UD. Zaki Senopati,Kesehatan,18025384,1158435,Terdaftar,1
288216590,UD. Hilmi Pusaka,Kesehatan,25740511,1638603,Belum Terdaftar,0
288216591,UD. Hanafi Arya,Perdagangan,45526793,5943734,Belum Terdaftar,0
288216592,UD. Balqis Dwijaputra,Jasa,10896971,2484553,Terdaftar,1
288216593,UD. Lukita Nirbayu,Kesehatan,31447860,6459637,Belum Terdaftar,0
288216594,UD. Shinta Jagad Hanaura,Kesehatan,49062715,3833495,Terdaftar,1
288216595,UD. Via Sahaja,Perdagangan,5751734,5211361,Terdaftar,1
288216596,UD. Indah Sudharmo,Kesehatan,44678179,7250043,Terdaftar,1
288216597,UD. Tono Dwijaputra,Kesehatan,11055665,5402516,Terdaftar,1
288216598,UD. Febri Buana,Perdagangan,20909610,9812274,Belum Terdaftar,0
288216599,UD. Yana Dharma,Pendidikan,46130837,7679155,Belum Terdaftar,0
288216600,UD. Fanny Nirwana,Pendidikan,4982991,5748411,Terdaftar,1
288216601,UD. Anis Suryaputra,Jasa,35391806,8097929,Terdaftar,1
288216602,UD. Ari Nawasena,Pendidikan,38218257,4173623,Belum Terdaftar,0
288216603,UD. Yusuf Manik Tegar,Jasa,28214406,2613498,Terdaftar,1
288216604,UD. Iqra Karang,Jasa,26449139,1101323,Terdaftar,1
288216605,UD. Jihan Pelangi,Kesehatan,6345379,4479768,Terdaftar,1
288216606,UD. Jafar Saputra,Perdagangan,8586689,8617254,Terdaftar,1
288216607,UD. Yudi Sudarsana,Perdagangan,16534941,2142619,Terdaftar,1
288216608,UD. Harun Tengah Willy,Kesehatan,9299675,8300202,Terdaftar,1
288216609,UD. Gisel Warna,Perdagangan,,5725147,Belum Terdaftar,0
288216610,UD. Agus Pusaka Galang,Jasa,40181054,9948094,Terdaftar,1
288216611,UD. Bagas Widhi,Jasa,32533557,5979453,Terdaftar,1
288216612,UD. Monica Adiwarna,Perdagangan,36127673,3242348,Belum Terdaftar,0
288216613,UD. Arman Tejakusuma,Jasa,48279976,1979575,Belum Terdaftar,0
288216614,UD. Omar Radhitya,Kesehatan,5160311,9286449,Terdaftar,1
288216615,UD. Owen Wiratama Qamar,Pendidikan,7857240,5209836,Belum Terdaftar,0
288216616,UD. Karim Cinta,Jasa,14963734,2560790,Belum Terdaftar,0
288216617,UD. Jaya Trijaya,Jasa,29388344,5345679,Belum Terdaftar,0
unknown,UD. Vita Gemilang Laila,Kesehatan,11916904,6650109,Terdaftar,1
288216619,UD. Umar Sudarsana Maudy,Pendidikan,11125245,2842105,Terdaftar,1
288216620,UD. Sani Kinarya,Pendidikan,8840502,4886129,Terdaftar,1
288216621,UD. Yola Hilir,Perdagangan,22643744,2791595,Terdaftar,1
288216622,UD. Mika Makmur,Pendidikan,30812975,8813137,Belum Terdaftar,0
288216623,UD. Naila Berkarya,Perdagangan,43943933,9174281,Terdaftar,1
288216624,UD. Anang Padi,Jasa,33320630,5909285,Belum Terdaftar,0
288216625,UD. Abdi Sukadarma,Perdagangan,41787579,6299897,Belum Terdaftar,0
288216626,UD. Binar Wacana,Pendidikan,22963112,670294,Belum Terdaftar,0
288216627,UD. Yaniar Cahyaningrat,Kesehatan,20981956,965376,Belum Terdaftar,0
288216628,UD. Kiki Sarwono,Jasa,35394179,7063785,Belum Terdaftar,0
288216629,UD. Ulil Sasmita,Kesehatan,18719716,8611227,Belum Terdaftar,0
288216630,UD. Fatimah Sanjaya,Kesehatan,9634493,1109118,Terdaftar,1
288216631,UD. Diva Mandala,Pendidikan,2776963,4379196,Belum Terdaftar,0
288216632,UD. Vega Maheswara,Jasa,20543071,2721905,Terdaftar,1
,UD. Anang Wirajaya Naufal,Jasa,42046797,3946982,Belum Terdaftar,0
288216634,UD. Elva Jagadmaya,Kesehatan,3396634,4470849,,0
288216635,UD. Marwan Pelangi Bagas,Jasa,28523417,3895676,Terdaftar,1
288216636,UD. Livia Ilir,Kesehatan,6901502,893129,Terdaftar,1
288216637,UD. Gracia Kencana,Pendidikan,28980923,6195167,Belum Terdaftar,0
288216638,UD. Haidar Kencana,Jasa,36219741,9808254,Terdaftar,1
288216639,UD. Zaki Adiwarna,Perdagangan,30407436,1569458,Belum Terdaftar,0
288216640,UD. Cakra Kencana,Jasa,30971114,2152806,Terdaftar,1
288216641,UD. Bagir Sukma,Perdagangan,47917812,2070309,Terdaftar,1
288216642,UD. Wawan Tejakencana,Pendidikan,19398492,1671810,Terdaftar,1
288216643,UD. Anang Radhitya,Kesehatan,17965078,4963564,Belum Terdaftar,0
288216644,UD. Made Manunggal,Jasa,46341851,,Belum Terdaftar,0
288216645,UD. Marsya Utama,Perdagangan,25178630,9014642,Belum Terdaftar,0
288216646,UD. Wenny Malam,Kesehatan,45190706,2612727,Belum Terdaftar,0
288216647,UD. Ari Tejakusuma,Kesehatan,37807159,2791946,Belum Terdaftar,0
288216648,UD. Naufal Kusuma,Kesehatan,46529341,5136993,Terdaftar,1
288216649,UD. Priska Sukma,Perdagangan,17561786,5581985,Terdaftar,1
288216650,UD. Zulkarnaen Putra,Kesehatan,7972505,8192042,Terdaftar,1
288216651,UD. Pio Taruna,Perdagangan,24013795,9735702,Terdaftar,1
288216652,UD. Gracia Sanjaya,Jasa,32098611,8892923,Belum Terdaftar,0
288216653,UD. Qory Trisaktiatma,Kesehatan,23413950,5985353,Belum Terdaftar,0
288216654,UD. Pandu Kencana Karla,Kesehatan,42650458,3008256,Belum Terdaftar,0
288216655,UD. Gerry Jayawarsa,Pendidikan,8358107,935443,Terdaftar,1
288216656,UD. Wenny Trisula,Pendidikan,15823533,2067710,Terdaftar,1
288216657,UD. Anang Praja,Kesehatan,22233053,1458904,Belum Terdaftar,0
288216658,UD. Damar Sukadarma,Perdagangan,11310134,2034669,Belum Terdaftar,0
288216659,UD. Ujang Terang,Perdagangan,28461419,4243397,Belum Terdaftar,0
288216660,UD. Yusuf Wiratama,Kesehatan,8926326,1713704,Belum Terdaftar,0
288216661,UD. Zaki Manik Esa,Jasa,,9005372,Terdaftar,1
288216662,UD. Nazar Wijaya,Jasa,49003008,6728390,Belum Terdaftar,0
288216663,UD. Eren Jatinagara,Pendidikan,25080488,4642938,Terdaftar,1
288216664,UD. Rosa Brata,Pendidikan,43767258,6810343,Terdaftar,1
288216665,UD. Salwa Sudarsana,Pendidikan,41119936,4276476,Terdaftar,1
288216666,UD. Uli Jati,Perdagangan,23286857,4142683,Terdaftar,1
288216667,UD. Wira Lestari,Jasa,26023357,9566420,Terdaftar,1
288216668,UD. Pio Wetan,Jasa,4018282,1437597,Belum Terdaftar,0
288216669,UD. Adinda Sasmita,Jasa,3865220,1211303,Belum Terdaftar,0
288216670,UD. Umar Bintang,Perdagangan,35675080,5239177,Belum Terdaftar,0
288216671,UD. Eni Hilir,Pendidikan,22337922,3020680,Terdaftar,1
288216672,UD. Jodi Paseban,Perdagangan,13417361,3346868,Terdaftar,1
288216673,UD. Tania Jayaningrat,Pendidikan,5176763,2857943,Belum Terdaftar,0
288216674,UD. Rian Agastya,Kesehatan,14793853,5151085,Belum Terdaftar,0
288216675,UD. Via Mayang,Pendidikan,22162244,9344574,Belum Terdaftar,0
288216676,UD. Syana Widuri,Jasa,6924215,7452783,Terdaftar,1
288216677,UD. Widi Saputra,Kesehatan,48528685,4883114,Belum Terdaftar,0
288216678,UD. Silvi Adyatma,Jasa,34503428,1718881,Belum Terdaftar,0
288216679,UD. Wawan Prawira,Kesehatan,46073118,5878491,Terdaftar,1
288216680,UD. Erni Widuri,Pendidikan,29911867,8697297,Belum Terdaftar,0
288216681,UD. Fatimah Nirwasita,Pendidikan,32594993,7804507,Terdaftar,1
288216682,UD. Santi Karang,Jasa,15546703,4277495,Belum Terdaftar,0
288216683,UD. Zain Tirtaatmaja Icha,Perdagangan,20060117,2160582,Terdaftar,1
288216684,UD. Eni Kalbu,Kesehatan,6740250,9987234,Terdaftar,1
288216685,UD. Odie Nirwasita,Perdagangan,42039884,574818,Belum Terdaftar,0
288216686,UD. Asep Mandiri,Jasa,2029245,8051052,Terdaftar,1
288216687,UD. Nando Kulon,Perdagangan,3372487,9402836,Belum Terdaftar,0
288216688,UD. Qanitah Abadi,Perdagangan,7897261,7465773,Terdaftar,1
288216689,UD. Ilmi Kalbu,Jasa,22401751,7931629,Belum Terdaftar,0
288216690,UD. Uli Nusa,Jasa,13286171,3425246,Terdaftar,1
288216691,UD. Baim Sundawa Hasna,Pendidikan,10750308,5784013,Terdaftar,1
288216692,UD. Qiana Jati,Perdagangan,10894234,4637252,Terdaftar,1
288216693,UD. Valen Adikara,Kesehatan,23684323,2991156,Terdaftar,1
288216694,UD. Putri Buana,Pendidikan,22428808,9131240,Terdaftar,1
288216695,UD. Verdi Resmi,Perdagangan,39605838,4790479,Terdaftar,1
288216696,UD. Desi Lempung,Pendidikan,45254522,2752127,Belum Terdaftar,0
288216697,UD. Ujang Karya,Perdagangan,6089028,6758489,Belum Terdaftar,0
288216698,UD. Ojan Bratadikara,Perdagangan,19531803,8614599,Terdaftar,1
288216699,UD. Ari Indah,Perdagangan,20646865,7637837,Terdaftar,1
288216700,UD. Rian Berkarya,Kesehatan,22358293,2245021,Belum Terdaftar,0
288216701,UD. Abdi Trijaya,Jasa,13946052,1107630,Belum Terdaftar,0
288216702,UD. Jay Sasmita,Kesehatan,6830485,3616523,Belum Terdaftar,0
288216703,UD. Berlian Putra,Kesehatan,38944976,2810230,Belum Terdaftar,0
288216704,UD. Livia Jati,Pendidikan,14031317,5590820,Terdaftar,1
288216705,UD. Valen Surapati,Pendidikan,12124820,3511833,Terdaftar,1
288216706,UD. Livia Paseban,Jasa,1115903,8072165,Belum Terdaftar,0
288216707,UD. Najwa Karang,Pendidikan,9504987,4436283,Belum Terdaftar,0
288216708,UD. Silvi Baskara,Pendidikan,47675163,848178,Terdaftar,1
288216709,UD. Elen Ayodya,Kesehatan,3190928,7552813,Terdaftar,1
288216710,UD. Kurnia Nawasena,Kesehatan,39015314,3886543,Terdaftar,1
288216711,UD. Leni Bintang,Kesehatan,28469836,1226918,Terdaftar,1
288216712,UD. Diva Wacana Hilmi,Kesehatan,10605676,1290734,Terdaftar,1
288216713,UD. Priska Jaladara,Jasa,39865697,5882805,Belum Terdaftar,0
288216714,UD. Elva Sakti,Jasa,9375989,2276468,Terdaftar,1
288216715,UD. Weni Raharja,Pendidikan,45154400,9571102,Belum Terdaftar,0
288216716,UD. Tomi Mega,Pendidikan,23361198,3082805,Terdaftar,1
288216717,UD. Wira Prabawa,Kesehatan,2973135,6715817,Terdaftar,1
288216718,UD. Umar Mahkota,Perdagangan,23998058,9777421,Belum Terdaftar,0
288216719,UD. Rafa Resmi,Pendidikan,33320956,974155,Terdaftar,1
288216720,UD. Wito Sakti,Perdagangan,40376989,6707767,Belum Terdaftar,0
288216721,UD. Jasmin Wisnu,Perdagangan,17746842,8647389,Terdaftar,1
288216722,UD. Intan Ranggalawe Ulil,Jasa,15514303,8553831,Belum Terdaftar,0
288216723,UD. Viani Jayengpati,Jasa,25127742,4809447,Belum Terdaftar,0
288216724,UD. Wesly Manunggal Salsa,Jasa,8265951,878992,Belum Terdaftar,0
288216725,UD. Yayan Lintang,Jasa,31990740,7114710,Terdaftar,1
288216726,UD. Krisna Lestari,Perdagangan,2067508,2265808,Terdaftar,1
288216727,UD. Zera Pramudita,Pendidikan,45955902,7418374,Belum Terdaftar,0
288216728,UD. Laila Reswara,Jasa,22819888,7154513,Terdaftar,1
288216729,UD. Zidan Gandewa,Perdagangan,10463671,3636402,Terdaftar,1
288216730,UD. Yayan Segar,Pendidikan,32060089,3681113,Terdaftar,1
288216731,UD. Ulfa Citra,Perdagangan,8746246,3108736,Terdaftar,1
288216732,UD. Joko Makmur,Jasa,18735017,5618692,Terdaftar,1
288216733,UD. Karla Senopati,Kesehatan,24530697,3812479,Terdaftar,1
288216734,UD. Ida Wangi,Perdagangan,4726259,5999787,Terdaftar,1
288216735,UD. Hanafi Asri,Pendidikan,36374080,8385909,Belum Terdaftar,0
288216736,UD. Mario Haji,Pendidikan,39765135,2055024,Belum Terdaftar,0
288216737,UD. Qanita Sangkala,Pendidikan,23794095,9590462,Terdaftar,1
288216738,UD. Suci Mardika Valen,Kesehatan,44619004,1399153,Belum Terdaftar,0
288216739,UD. Indira Lintang,Pendidikan,32550803,4001626,Terdaftar,1
288216740,UD. Cici Tirta,Pendidikan,28563417,1272467,Terdaftar,1
288216741,UD. Marsya Tejakusuma,Kesehatan,22935101,9749684,Belum Terdaftar,0
288216742,UD. Bagir Putri,Perdagangan,24676904,4361749,Terdaftar,1
288216743,UD. Ulfa Suci,Kesehatan,10074781,3745609,Terdaftar,1
288216744,UD. Delia Nirwasita,Pendidikan,48070987,5091645,Terdaftar,1
288216745,UD. Okta Permai,Pendidikan,21785278,5163555,Terdaftar,1
288216746,UD. Balqis Asri,Perdagangan,45960457,5475374,Terdaftar,1
288216747,UD. Elyas Sukma,Perdagangan,6336154,7488998,Terdaftar,1
288216748,UD. Zidanar Jayengprana,Perdagangan,43345847,7451007,Belum Terdaftar,0
288216749,UD. Yani Jayawarsa,Kesehatan,16253524,1861720,Terdaftar,1
288216750,UD. Chiko Kencana Zidan,Pendidikan,45452918,1235550,Terdaftar,1
288216751,UD. Tiara Tirtayasa,Jasa,28575183,7714399,Terdaftar,1
288216752,UD. Ovan Mandiri,Kesehatan,19703396,5518768,Belum Terdaftar,0
288216753,UD. Dina Sangkala,Jasa,16634348,9600084,Belum Terdaftar,0
288216754,UD. Yusuf Gita,Perdagangan,28796136,3563287,Belum Terdaftar,0
288216755,UD. Veronika Persada,Pendidikan,43998037,4033991,Belum Terdaftar,0
288216756,UD. Oki Wibawa,Jasa,1045008,1960965,Terdaftar,1
288216757,UD. Santi Adiwangsa,Perdagangan,32236752,3006821,Belum Terdaftar,0
288216758,UD. Nina Nawasena,Jasa,43619289,4283806,Terdaftar,1
288216759,UD. Gilangga Wirajaya Qomar,Kesehatan,14962340,6040346,Belum Terdaftar,0
288216760,UD. Rendi Tejakusuma,Perdagangan,33705317,6092135,Terdaftar,1
288216761,UD. Oniel Jati,Kesehatan,2443237,1310401,Terdaftar,1
288216762,UD. Eddy Naraya,Perdagangan,2625896,1924626,Terdaftar,1
288216763,UD. Tari Baskara,Pendidikan,1324220,4528317,Terdaftar,1
288216764,UD. Gita Manik,Perdagangan,37922096,9608424,Belum Terdaftar,0
,UD. Viera Gunawan Bambang,Pendidikan,31984002,1787575,Terdaftar,1
288216766,UD. Deni Dewangga,Kesehatan,38340744,761227,Belum Terdaftar,0
288216767,UD. Qori Langit,Perdagangan,1765248,4068135,Belum Terdaftar,0
288216768,UD. Zainab Sehat,Perdagangan,31524818,8827608,Belum Terdaftar,0
288216769,UD. Kanza Asa Verdi,Pendidikan,12345933,2003173,Belum Terdaftar,0
288216770,UD. Vera Adikara,Perdagangan,1840167,3315768,Belum Terdaftar,0
288216771,UD. Ayesha Prabawa,Perdagangan,8901297,1157313,Terdaftar,1
288216772,UD. Made Prajurit,Pendidikan,36317499,7572785,Belum Terdaftar,0
288216773,UD. Rafi Jaya,Perdagangan,41643813,5735784,Belum Terdaftar,0
288216774,UD. Jihan Lestari,Perdagangan,10237569,5904037,Terdaftar,1
288216775,UD. Ilham Binasena,Jasa,4347910,1742577,Belum Terdaftar,0
288216776,UD. Febri Jayabaya,Perdagangan,48853221,7305482,Terdaftar,1
288216777,UD. Yora Mandala,Jasa,7859306,4466054,Belum Terdaftar,0
288216778,UD. Tegar Agung,Jasa,46800694,9881667,Belum Terdaftar,0
288216779,UD. Qanitah Wicaksana,Kesehatan,18482493,2753457,Belum Terdaftar,0
288216780,UD. Zaki Kencana,Pendidikan,7413531,8473853,Terdaftar,1
288216781,UD. Rafif Harmoni,Perdagangan,43967433,1981704,Belum Terdaftar,0
288216782,UD. Yayan Sundawa Prita,Kesehatan,37621656,4397688,Belum Terdaftar,0
288216783,UD. Galang Wiraatmaja,Kesehatan,9483452,5745003,Belum Terdaftar,0
288216784,UD. Tono Lintang Krisna,Jasa,6606933,1802541,Belum Terdaftar,0
288216785,UD. Nindy Jagadmaya,Kesehatan,47921802,6569806,Belum Terdaftar,0
288216786,UD. Kiki Taruna,Kesehatan,25229439,3152876,Belum Terdaftar,0
288216787,UD. Jaya Adhi,Perdagangan,37687975,7734557,Terdaftar,1
288216788,UD. Fajar Sejahtera Hanafi,Perdagangan,34556012,3805955,Terdaftar,1
288216789,UD. Fauzan Mahkota,Perdagangan,48518181,782127,Terdaftar,1
288216790,UD. Obed Terang Wahyu,Perdagangan,41355529,4366488,Belum Terdaftar,0
288216791,UD. Bayu Widuri,Perdagangan,35189585,7644218,Belum Terdaftar,0
288216792,UD. Kirana Gemilang,Perdagangan,1281086,4571478,Terdaftar,1
288216793,UD. Olivia Brata,Perdagangan,3155502,5997460,Terdaftar,1
288216794,UD. Ulil Prima,Jasa,9885316,6947716,Terdaftar,1
288216795,UD. Hilmi Taruna,Kesehatan,25133642,2745216,Belum Terdaftar,0
288216796,UD. Willy Gita,Perdagangan,27877338,,Belum Terdaftar,0
288216797,UD. Mila Widuri,Jasa,6160820,600645,Belum Terdaftar,0
288216798,UD. Hendra Bahagia Karim,Perdagangan,16503803,4440325,Belum Terdaftar,0
288216799,UD. Bagir Jati,Kesehatan,16927715,6542402,Belum Terdaftar,0
288216800,UD. Galih Buana Maudy,Kesehatan,43471352,7403442,Terdaftar,1
288216801,UD. Qais Pagi,Perdagangan,12434764,9674404,Terdaftar,1
288216802,UD. Pasha Utama,Perdagangan,1005531,879160,Terdaftar,1
288216803,UD. Abel Saputra,Pendidikan,6240129,6386556,Belum Terdaftar,0
288216804,UD. Winda Sakti,Perdagangan,9234502,775737,Terdaftar,1
288216805,UD. Budi Sukarela,Pendidikan,28267167,4589778,Belum Terdaftar,0
288216806,UD. Naila Darma,Jasa,23288910,5358049,Terdaftar,1
288216807,UD. Tari Bersemi Anisa,Kesehatan,19258262,4169119,Terdaftar,1
288216808,UD. Qanita Mahendra,Kesehatan,36261551,3730252,Belum Terdaftar,0
288216809,UD. Gilang Nirbayu,Pendidikan,19086195,,Terdaftar,1
288216810,UD. Yessi Panji Rahmat,Perdagangan,46209563,8501408,Belum Terdaftar,0
288216811,UD. Yayan Satria Bayu,Pendidikan,33068119,5673064,Belum Terdaftar,0
288216812,UD. Gerry Damai Yola,Perdagangan,28574325,1782090,Belum Terdaftar,0
288216813,UD. Berlian Karang,Perdagangan,4246772,2328623,Belum Terdaftar,0
288216814,UD. Eni Gemilang,Kesehatan,44165239,1965417,Terdaftar,1
288216815,UD. Rizki Mulya,Pendidikan,24582997,4583730,Terdaftar,1
288216816,UD. Rahmat Baru,Pendidikan,47277865,3542695,Belum Terdaftar,0
288216817,UD. Yumna Cahyaningrat,Perdagangan,27513143,2705999,Belum Terdaftar,0
288216818,UD. Tomi Wirajaya,Kesehatan,30745349,3217323,Belum Terdaftar,0
288216819,UD. Ulfa Naraya,Kesehatan,5273582,501221,Terdaftar,1
288216820,UD. Zain Sukadarma Valen,Perdagangan,47291105,8787749,Terdaftar,1
288216821,UD. Qori Siang,Kesehatan,28562162,1577602,Terdaftar,1
288216822,UD. Diyan Brawijaya,Pendidikan,unknown,2897419,Belum Terdaftar,0
288216823,UD. Bulan Mega Yoga,Kesehatan,22056238,8778282,Terdaftar,1
288216824,UD. Desta Surapati,Perdagangan,46660047,1998362,Terdaftar,1
288216825,UD. Alya Abadi,Pendidikan,33915039,9427141,Terdaftar,1
288216826,UD. Monica Siang,Kesehatan,1758212,8257658,Terdaftar,1
288216827,UD. Bayu Arya,Pendidikan,23458426,6068025,Belum Terdaftar,0
288216828,UD. Aldo Trijaya,Kesehatan,25128808,7524728,Terdaftar,1
288216829,UD. Opik Kamajaya,Jasa,41600736,3601778,Belum Terdaftar,0
unknown,UD. Fanny Rejo,Pendidikan,1713388,7305455,Belum Terdaftar,0
288216831,UD. Rian Sari,Kesehatan,41792132,2234449,Belum Terdaftar,0
288216832,UD. Mirna Satya,Perdagangan,22581206,2860857,Belum Terdaftar,0
288216833,UD. Dea Galuh,Perdagangan,4302573,9381934,Terdaftar,1
288216834,UD. Jaya Jagad,Kesehatan,43383716,9846534,Terdaftar,1
288216835,UD. Aldo Kusumatmaja,Kesehatan,2871742,5315307,Terdaftar,1
288216836,UD. Kinan Darussalam,Pendidikan,6908019,3652716,Terdaftar,1
288216837,UD. Qira Senja,Perdagangan,4629940,8353456,Belum Terdaftar,0
288216838,UD. Diyan Gita Febri,Perdagangan,7818848,7112940,Belum Terdaftar,0
288216839,UD. Ayesha Elok,Pendidikan,10748458,4783984,Belum Terdaftar,0
288216840,UD. Eddy Agung,Kesehatan,20060661,1091488,Belum Terdaftar,0
288216841,UD. Gisel Wicaksana,Perdagangan,41775912,2945587,Terdaftar,1
288216842,UD. Jaya Cahaya,Pendidikan,31613614,716811,Belum Terdaftar,0
288216843,UD. Khalid Jayeng,Perdagangan,31550501,1461702,Terdaftar,1
288216844,UD. Fahmi Winata,Perdagangan,26199317,9605854,Belum Terdaftar,0
288216845,UD. Tegar Elok,Jasa,2824837,3218725,Belum Terdaftar,0
288216846,UD. Riko Artha,Perdagangan,30073910,1454722,Terdaftar,1
288216847,UD. Bayu Adikara,Kesehatan,36256949,9407547,Belum Terdaftar,0
288216848,UD. Erlin Brawijaya Chiko,Jasa,1392289,7513298,Belum Terdaftar,0
288216849,UD. Mira Sakti,Pendidikan,33699447,7857555,Terdaftar,1
288216850,UD. Xenia Wangi,Perdagangan,21565763,7157323,Belum Terdaftar,0
288216851,UD. Chiko Cahyaningrat,Pendidikan,19835777,8105312,Terdaftar,1
288216852,UD. Gerry Bratadikara,Perdagangan,26171848,9151983,Terdaftar,1
288216853,UD. Kurnia Wiraatmaja,Pendidikan,14985117,5890444,Terdaftar,1
288216854,UD. Galang Bangun,Pendidikan,44419620,7235627,Belum Terdaftar,0
288216855,UD. Uchie Sudharmo,Kesehatan,38797757,9398715,Belum Terdaftar,0
288216856,UD. Pipit Sukma,Pendidikan,40748242,4326797,Terdaftar,1
288216857,UD. Wahyu Brata,Jasa,22952062,4043069,Terdaftar,1
288216858,UD. Poppy Mandala,Kesehatan,45348744,8038082,Terdaftar,1
288216859,UD. Oki Arya Miko,Kesehatan,38734278,8281765,Belum Terdaftar,0
288216860,UD. Bayu Wicaksana,Kesehatan,26373517,7778949,Belum Terdaftar,0
288216861,UD. Teguh Yudhistira,Perdagangan,27114389,2228029,Belum Terdaftar,0
288216862,UD. Veronika Wetan,Perdagangan,11661415,6899356,Belum Terdaftar,0
288216863,UD. Hilmi Cempaka Pasha,Pendidikan,6868528,9600111,Terdaftar,1
288216864,UD. Widi Trijaya Krisna,Jasa,38853882,3498560,Belum Terdaftar,0
288216865,UD. Kevin Kamajaya,Perdagangan,5872018,975434,Belum Terdaftar,0
288216866,UD. Vita Kusumajati,Perdagangan,31687621,6621004,Terdaftar,1
288216867,UD. Rizki Senja,Kesehatan,47815998,1105939,Belum Terdaftar,0
288216868,UD. Hanafi Mandiri,Jasa,16289514,7175181,Belum Terdaftar,0
288216869,UD. Tami Surya Jasmine,Perdagangan,28419501,2387718,Belum Terdaftar,0
288216870,UD. Dora Bersemi,Perdagangan,43011593,3150226,Belum Terdaftar,0
288216871,UD. Diva Utamajaya,Jasa,30811211,8699538,Terdaftar,1
288216872,UD. Pandu Ratu Irma,Pendidikan,26507161,626854,Terdaftar,1
288216873,UD. Pipit Jagadmaya,Kesehatan,26822322,3645891,Terdaftar,1
288216874,UD. Iman Mulyo,Perdagangan,34844026,3779640,Terdaftar,1
288216875,UD. Wawan Senja,Jasa,18516292,9290308,Belum Terdaftar,0
288216876,UD. Niken Bintang,Kesehatan,20825020,7403711,Belum Terdaftar,0
288216877,UD. Zulfa Sejahtera,Perdagangan,21691805,8112352,Belum Terdaftar,0
288216878,UD. Rahmat Gandewa,Pendidikan,36352983,4630172,Belum Terdaftar,0
288216879,UD. Hilmiyah Tengah Syifa,Pendidikan,34015661,7494201,Terdaftar,1
288216880,UD. Vina Widhi,Kesehatan,11145638,5954392,Terdaftar,1
288216881,UD. Candra Jayabaya,Perdagangan,27396578,6485165,Terdaftar,1
288216882,UD. Bela Wisnu Umar,Perdagangan,30694084,5505751,Terdaftar,1
288216883,UD. Dea Prabawa,Kesehatan,36299076,1585736,Terdaftar,1
288216884,UD. Aqila Tejakencana,Kesehatan,43214599,883443,Belum Terdaftar,0
288216885,UD. Qisya Panembahan,Pendidikan,3561269,3278562,Belum Terdaftar,0
288216886,UD. Salwa Kusumatmaja,Jasa,12770338,2347796,Terdaftar,1
288216887,UD. Oki Bratadikara Bulan,Pendidikan,1233014,4407680,Terdaftar,1
288216888,UD. Elsa Baruna Harun,Jasa,29641472,5491920,Terdaftar,1
288216889,UD. Jay Gatra,Kesehatan,13974785,1640332,Terdaftar,1
288216890,UD. Pandu Gandewa,Pendidikan,12710982,7056306,Belum Terdaftar,0
288216891,UD. Zulkarnaen Sarwono,Pendidikan,26805389,3673612,Terdaftar,1
288216892,UD. Dito Maheswara,Kesehatan,2966028,6826855,Belum Terdaftar,0
288216893,UD. Vega Ilir,Jasa,41066561,1402403,Terdaftar,1
288216894,UD. Jodi Lempung,Pendidikan,9686265,1135783,Belum Terdaftar,0
288216895,UD. Fadli Binasena,Kesehatan,37054342,9696058,Belum Terdaftar,0
288216896,UD. Arman Berkarya,Perdagangan,42579992,8182858,Belum Terdaftar,0
288216897,UD. Umar Setia,Kesehatan,47495321,1329479,Belum Terdaftar,0
288216898,UD. Zainab Santosa,Perdagangan,47902697,2056145,Belum Terdaftar,0
288216899,UD. Wahyu Lintang Hanaura,Kesehatan,23257093,6920930,Terdaftar,1
288216900,UD. Intan Nirmala,Pendidikan,43543555,4058088,Terdaftar,1
288216901,UD. Qisha Sundawa,Pendidikan,26118220,,Belum Terdaftar,0
288216902,UD. Jihan Jayeng,Kesehatan,9373383,9308988,Terdaftar,1
288216903,UD. Alma Baswara,Jasa,48102203,,Belum Terdaftar,0
288216904,UD. Sekar Mardika,Kesehatan,1174216,1518237,Belum Terdaftar,0
288216905,UD. Panji Ilir,Jasa,27176461,5531849,Belum Terdaftar,0
288216906,UD. Putri Pagi Utha,Kesehatan,21055754,721425,Terdaftar,1
288216907,UD. Utami Wiraatmaja,Jasa,8250136,5685297,Belum Terdaftar,0
288216908,UD. Qanita Tirtayasa Jibril,Pendidikan,23178902,3698288,Belum Terdaftar,0
288216909,UD. Eni Prawira,Perdagangan,42804681,4567317,Terdaftar,1
288216910,UD. Chintya Wibawa,Jasa,18025941,7821846,Terdaftar,1
288216911,UD. Zidan Suryaputra,Pendidikan,9207080,4158690,Belum Terdaftar,0
288216912,UD. Kirana Ceria,Perdagangan,12969511,7534685,Terdaftar,1
288216913,UD. Gadis Sidarta,Jasa,34565168,3966650,Belum Terdaftar,0
288216914,UD. Berlian Sehat,Pendidikan,43525367,7239118,Terdaftar,1
288216915,UD. Qamar Wibawa,Jasa,41690861,8574777,Belum Terdaftar,0
288216916,UD. Hilmiyah Wiyata,Jasa,13273041,5514906,Belum Terdaftar,0
288216917,UD. Nazar Jati,Kesehatan,36555157,9347755,Terdaftar,1
288216918,UD. Inten Pamungkas Putri,Kesehatan,32473270,8744279,Terdaftar,1
288216919,UD. Baim Cempaka,Perdagangan,7906172,2689377,Terdaftar,1
288216920,UD. Bayu Tunggul,Perdagangan,25263150,2362535,Terdaftar,1
288216921,UD. Jibril Jayengpati,Kesehatan,38980655,4586277,Terdaftar,1
288216922,UD. Isna Wisnu,Pendidikan,45661000,7347095,Belum Terdaftar,0
288216923,UD. Jodi Dwijaputra,Kesehatan,18202409,9188638,Belum Terdaftar,0
288216924,UD. Eni Sumirat,Perdagangan,18545022,9558874,Belum Terdaftar,0
288216925,UD. Rendi Permai,Jasa,21632511,9539003,Belum Terdaftar,0
288216926,UD. Olivia Adyatma,Perdagangan,2259533,9111805,Terdaftar,1
288216927,UD. Juli Surya,Perdagangan,27937675,5731753,Terdaftar,1
288216928,UD. Hilmiyah Radhitya Jibril,Perdagangan,37047079,6281676,Terdaftar,1
288216929,UD. Oki Saputranegara,Jasa,13115216,9292241,Terdaftar,1
288216930,UD. Prita Harmoni Suci,Pendidikan,16486480,4139711,Belum Terdaftar,0
,UD. Fani Sahaja,Kesehatan,9651191,4887772,Terdaftar,1
288216932,UD. Hilmi Tunggal Intan,Perdagangan,23253388,3500463,Belum Terdaftar,0
288216933,UD. Umar Wirawati,Pendidikan,7720112,5750949,Terdaftar,1
288216934,UD. Evan Indah,Pendidikan,11046481,5067489,Belum Terdaftar,0
288216935,UD. Vita Saputra,Kesehatan,9218491,4240393,Belum Terdaftar,0
288216936,UD. Laras Kalbu,Jasa,5943209,2856162,Belum Terdaftar,0
288216937,UD. Qisya Jayaningrat,Perdagangan,28251066,7155634,Terdaftar,1
288216938,UD. Rendi Kusen,Pendidikan,43351227,,Belum Terdaftar,0
288216939,UD. Kurnia Sulaksana,Perdagangan,45158377,4046488,Terdaftar,1
288216940,UD. Yolanda Putra,,19718719,9320712,Terdaftar,1
288216941,UD. Suci Sukma,Kesehatan,22669348,9936782,Terdaftar,1
288216942,UD. Tegar Gita,Perdagangan,49804672,821709,Belum Terdaftar,0
288216943,UD. Viani Adiwarna,Kesehatan,20255053,5230732,Terdaftar,1
288216944,UD. Mika Prawira,Pendidikan,28021577,4625485,Belum Terdaftar,0
288216945,UD. Yusuf Alam,Jasa,49171899,6617268,Terdaftar,1
288216946,UD. Nindy Adyatma,Pendidikan,40530244,4433798,Belum Terdaftar,0
288216947,UD. Kevin Sunardi,Jasa,23052584,9571773,Terdaftar,1
288216948,UD. Ilmi Utamajaya,Perdagangan,44777904,3431391,Terdaftar,1
288216949,UD. Syana Baru Rafa,Perdagangan,1285938,3314352,Terdaftar,1
288216950,UD. Silvi Dharma,Kesehatan,4878367,5324196,Belum Terdaftar,0
288216951,UD. Zaki Puri,Pendidikan,40409146,4692116,Terdaftar,1
288216952,UD. Jasmin Adiwangsa,Perdagangan,9025438,1071080,Belum Terdaftar,0
288216953,UD. Yora Sari,Pendidikan,43082468,5106026,Terdaftar,1
288216954,UD. Tomi Trijaya,Jasa,28658400,8777989,Terdaftar,1
288216955,UD. Salsa Gandewa,Perdagangan,37658397,6623391,Terdaftar,1
288216956,UD. Budi Tejakencana,Jasa,15589030,4333191,Terdaftar,1
288216957,UD. Irma Kencana,Kesehatan,11401801,1049325,Belum Terdaftar,0
288216958,UD. Yana Agung,Jasa,43489279,3709847,Terdaftar,1
288216959,UD. Odie Jatiwangi,Jasa,15872761,2672453,Terdaftar,1
288216960,UD. Berlian Adiwangsa,Pendidikan,8824546,4021285,Terdaftar,1
288216961,UD. Daffa Rejo,Pendidikan,3357114,7538649,Terdaftar,1
288216962,UD. Fikri Putra,Jasa,37085296,9658599,Belum Terdaftar,0
288216963,UD. Yusuf Gatra,Jasa,25241656,6601440,Terdaftar,1
288216964,UD. Lukita Sundawa,Jasa,11008731,4666156,Belum Terdaftar,0
288216965,UD. Olla Santosa Halim,Kesehatan,47262761,6444986,Belum Terdaftar,0
288216966,UD. Wulan Paseban,Pendidikan,49468968,2730967,Belum Terdaftar,0
288216967,UD. Juli Adiwangsa Elok,Pendidikan,6917642,4989283,Belum Terdaftar,0
288216968,UD. Chiko Satria Halimah,Pendidikan,13985004,9358362,Belum Terdaftar,0
288216969,UD. Yumna Agung,Jasa,20515802,2963838,Belum Terdaftar,0
288216970,UD. Karla Bima,Pendidikan,38178271,9666353,Belum Terdaftar,0
288216971,UD. Hanafi Resaputra,Jasa,42510312,4646128,Terdaftar,1
288216972,UD. Sekar Wacana,Perdagangan,26188473,6352362,Belum Terdaftar,0
288216973,UD. Marsya Resmi,Pendidikan,26865876,7790699,Terdaftar,1
288216974,UD. Delia Wening,Jasa,17690507,8252910,Terdaftar,1
288216975,UD. Viani Nirmala,Perdagangan,44500550,2455717,Terdaftar,1
288216976,UD. Elyas Elok,Jasa,36779349,2909796,Belum Terdaftar,0
288216977,UD. Rangga Indah,Perdagangan,15610015,4209726,Terdaftar,1
288216978,UD. Rendi Mayang,Jasa,6057090,2330663,Terdaftar,1
288216979,UD. Cici Darussalam,Kesehatan,15628939,4661538,Belum Terdaftar,0
288216980,UD. Juli Anugerah,Jasa,24653561,5788971,Belum Terdaftar,0
288216981,UD. Oki Abdi,Perdagangan,43267084,6715115,Terdaftar,1
288216982,UD. Shinta Praja,Pendidikan,41356799,7621513,Belum Terdaftar,0
288216983,UD. Fira Tunggul,Perdagangan,30747369,2633341,Belum Terdaftar,0
288216984,UD. Wito Hastinapura,Pendidikan,1981221,3786224,Belum Terdaftar,0
288216985,UD. Ojan Swargaloka,Jasa,36380532,3922221,Terdaftar,1
288216986,UD. Leni Lempung Vita,Kesehatan,14763611,3476870,Terdaftar,1
288216987,UD. Lidya Bintang,Pendidikan,47837747,5285906,Terdaftar,1
288216988,UD. Teguh Jatinagara Vito,Perdagangan,46031993,2335338,Belum Terdaftar,0
288216989,UD. Putri Saputra,Kesehatan,3917124,7903377,Terdaftar,1
288216990,UD. Lina Adikara,Pendidikan,41748214,872998,Belum Terdaftar,0
288216991,UD. Ony Madya,Jasa,40002591,6035424,Terdaftar,1
288216992,UD. Zidan Sumringah,Jasa,6243707,3244808,Belum Terdaftar,0
288216993,UD. Damaris Satya,Jasa,13898348,6241327,Belum Terdaftar,0
unknown,UD. Chika Bagaskara,Pendidikan,48301587,3236968,Terdaftar,1
288216995,UD. Veronika Adikara,Kesehatan,40539603,6413980,Belum Terdaftar,0
288216996,UD. Delia Dwijaputra Laila,Jasa,40506568,7151244,Belum Terdaftar,0
288216997,UD. Ujang Kelana,Jasa,22781766,3107888,Belum Terdaftar,0
288216998,UD. Farhan Manunggal,Kesehatan,46879001,4660798,Belum Terdaftar,0
288216999,UD. Dina Panji Barokah,Perdagangan,32226208,1361783,Belum Terdaftar,0
288217000,UD. Gilangga Karya,Kesehatan,6414622,9007246,Belum Terdaftar,0
288217001,UD. Nindy Prana,Kesehatan,44134477,6346446,Terdaftar,1
288217002,UD. Diva Prana,Jasa,38591790,7225381,Belum Terdaftar,0
288217003,UD. Tariq Kulon,Kesehatan,33739682,2925631,Terdaftar,1
288217004,UD. Fatiah Makmur,Kesehatan,23169890,5668414,Belum Terdaftar,0
288217005,UD. Ilham Saputra,Jasa,10882130,3318933,Belum Terdaftar,0
288217006,UD. Dewi Maheswara,Pendidikan,26165640,3604258,Belum Terdaftar,0
288217007,UD. Lidya Trisaktiatma,Jasa,11529082,3238758,Belum Terdaftar,0
288217008,UD. Desi Malam,Jasa,20504977,9815212,Belum Terdaftar,0
288217009,UD. Zidan Panembahan,Jasa,20995135,1040970,Terdaftar,1
288217010,UD. Jafar Sundawa,Pendidikan,35465808,9460732,Belum Terdaftar,0
288217011,UD. Zain Jaladara,Perdagangan,31783701,3199588,Belum Terdaftar,0
288217012,UD. Eren Panembahan,Pendidikan,43046731,9406403,Belum Terdaftar,0
288217013,UD. Ilmi Mandala,Kesehatan,39264118,7346030,Belum Terdaftar,0
288217014,UD. Indah Kencana,Kesehatan,47965649,4746729,Terdaftar,1
288217015,UD. Uli Sidarta Karim,Pendidikan,33584087,1419363,Belum Terdaftar,0
288217016,UD. Berlian Naraya Baim,Perdagangan,5063462,5580038,Terdaftar,1
288217017,UD. Iman Lempung,Jasa,24322710,6439044,Belum Terdaftar,0
288217018,UD. Berlian Panuluh,Kesehatan,27030588,5151390,Belum Terdaftar,0
288217019,UD. Zahira Tengah,Jasa,42631235,5175372,Terdaftar,1
288217020,UD. Vina Baruna,Jasa,2136666,8701943,Terdaftar,1
288217021,UD. Pipit Damai,Jasa,33715965,7385352,Belum Terdaftar,0
288217022,UD. Jasmine Mardika,Pendidikan,22868542,6727146,Belum Terdaftar,0
288217023,UD. Anis Sudarsana Kiki,Kesehatan,7001983,4302378,Belum Terdaftar,0
288217024,UD. Qasya Widhi,Jasa,18924218,8947456,Terdaftar,1
288217025,UD. Lutfi Damai,Pendidikan,4445183,6669088,Belum Terdaftar,0
288217026,UD. Sinta Satria,Jasa,43110499,6875878,Belum Terdaftar,0
288217027,UD. Willy Mahendra,Kesehatan,24837274,4959523,Belum Terdaftar,0
288217028,UD. Hilmi Langit,Pendidikan,42541366,1256260,Terdaftar,1
288217029,UD. Ovan Bersemi,Jasa,26804251,3688558,Belum Terdaftar,0
288217030,UD. Kirana Siang Niken,Kesehatan,7488125,1563555,Terdaftar,1
288217031,UD. Vincent Santosa,Perdagangan,3001326,1101258,Terdaftar,1
288217032,UD. Qanitah Reswara,Jasa,40886719,9440755,Terdaftar,1
288217033,UD. Eka Gita,Perdagangan,11383656,4133806,Terdaftar,1
288217034,UD. Raka Binasena,Perdagangan,32768793,5419173,Belum Terdaftar,0
288217035,UD. Opik Bangun,Kesehatan,39735276,5976108,Belum Terdaftar,0
288217036,UD. Ulfa Manggala,Kesehatan,42315068,2843465,Belum Terdaftar,0
288217037,UD. Ayesha Jayengpati,Kesehatan,44844119,7525701,Terdaftar,1
288217038,UD. Berlian Wira Ovan,Jasa,20161490,1984480,Terdaftar,1
288217039,UD. Juli Sehat,Pendidikan,9847184,7383972,Terdaftar,1
288217040,UD. Panji Dharma,Perdagangan,10012719,1160511,Terdaftar,1
288217041,UD. Qira Jagadmaya,Kesehatan,48463491,8658402,Belum Terdaftar,0
288217042,UD. Dito Kusuma,Jasa,16676899,4219549,Terdaftar,1
288217043,UD. Viani Tirtaatmaja,Perdagangan,10855069,9096962,Belum Terdaftar,0
288217044,UD. Ucup Jagadmaya,Perdagangan,30757098,3612634,Belum Terdaftar,0
288217045,UD. Mika Langit,Jasa,17898408,5885577,Belum Terdaftar,0
288217046,UD. Raka Kawiswara,Jasa,4579897,3934887,Terdaftar,1
288217047,UD. Fanny Sanjaya Erlin,Jasa,22228982,3368549,Terdaftar,1
288217048,UD. Ina Pamungkas,Perdagangan,10211853,899340,Terdaftar,1
288217049,UD. Willy Yudhistira,Kesehatan,2472937,9309577,Terdaftar,1
288217050,UD. Gilangga Harmoni,Kesehatan,44657658,1308363,Terdaftar,1
288217051,UD. Syana Satria,Kesehatan,18641773,7797526,Belum Terdaftar,0
288217052,UD. Tania Wisnu,Kesehatan,47689844,2509948,Belum Terdaftar,0
288217053,UD. Ilmi Winata,Perdagangan,5054335,1517637,Belum Terdaftar,0
288217054,UD. Niken Puri,Pendidikan,12130493,3895973,Belum Terdaftar,0
288217055,UD. Muthia Sari,Perdagangan,3373609,4098594,Belum Terdaftar,0
288217056,UD. Zara Gatra,Jasa,34191034,7096079,Terdaftar,1
288217057,UD. Jay Sanjaya,Kesehatan,32660085,8384367,Terdaftar,1
288217058,UD. Poppy Reswara Carissa,Jasa,20986356,1011741,Belum Terdaftar,0
288217059,UD. Gracia Wetan,Pendidikan,13056914,993984,Belum Terdaftar,0
288217060,UD. Yana Baskara Tono,Pendidikan,7535303,6351130,Belum Terdaftar,0
288217061,UD. Utha Panji,Pendidikan,49611813,5740189,Terdaftar,1
288217062,UD. Lea Surya,Kesehatan,8837715,5368970,Terdaftar,1
288217063,UD. Okta Wisesa,Pendidikan,14958653,7004249,Belum Terdaftar,0
288217064,UD. Ciko Sukadarma Shinta,Jasa,34979840,6177666,Terdaftar,1
288217065,UD. Vino Paningrat Romi,Kesehatan,35711503,2813499,Belum Terdaftar,0
288217066,UD. Eka Dharma,Kesehatan,28282055,2596124,Terdaftar,1
288217067,UD. Lea Sahaja,Perdagangan,12880385,8183824,Belum Terdaftar,0
288217068,UD. Olla Jayaningrat,Kesehatan,21042267,8063991,Belum Terdaftar,0
288217069,UD. Tariq Bratadikara Pasha,Pendidikan,12008606,2267610,Terdaftar,1
288217070,UD. Sekar Jayeng,Perdagangan,18519531,832134,Belum Terdaftar,0
288217071,UD. Muthia Baskara,Perdagangan,14111311,7718392,Belum Terdaftar,0
288217072,UD. Ilham Asri,Pendidikan,2264074,9285532,Belum Terdaftar,0
288217073,UD. Livia Pramana,Perdagangan,47204912,6484628,Terdaftar,1
288217074,UD. Hanafi Sundawa,Perdagangan,42824575,5210886,Terdaftar,1
288217075,UD. Qori Sangkala,Perdagangan,26930148,784012,Terdaftar,1
288217076,UD. Sekar Mandala Putri,Perdagangan,16697019,7314048,Belum Terdaftar,0
288217077,UD. Cinta Dwijaputra Khayla,Perdagangan,43977824,4276917,Terdaftar,1
288217078,UD. Ziva Prabawa,Kesehatan,29940807,904864,Terdaftar,1
288217079,UD. Chintya Jaya,Perdagangan,31202600,7784729,Terdaftar,1
288217080,UD. Farid Abadi,Perdagangan,28289377,2887813,Terdaftar,1
288217081,UD. Mirna Citra,Kesehatan,26850508,5762623,Belum Terdaftar,0
288217082,UD. Romi Jayawarsa,Kesehatan,28275242,2704374,Belum Terdaftar,0
288217083,UD. Kirana Sahaja,Perdagangan,28388687,777149,Terdaftar,1
288217084,UD. Yessi Anugerah,Pendidikan,44552547,4753782,Belum Terdaftar,0
288217085,UD. Ghani Resaputra Fikra,Jasa,35552501,628810,Terdaftar,1
288217086,UD. Vera Sumringah,Jasa,33676198,708889,Terdaftar,1
288217087,UD. Uli Harapan,Perdagangan,25004308,9474790,Terdaftar,1
288217088,UD. Gusti Sukarela,Perdagangan,47700368,6146746,Terdaftar,1
288217089,UD. Zaki Cinta,Pendidikan,7935078,9159865,Terdaftar,1
288217090,UD. Odie Cendana,Kesehatan,28697588,8442289,Belum Terdaftar,0
288217091,UD. Khalid Surapati,Jasa,18235489,6402427,Belum Terdaftar,0
288217092,UD. Karla Sentosa,Perdagangan,19507304,5359722,Terdaftar,1
288217093,UD. Damaris Kusumajati,Jasa,27453731,2865008,Terdaftar,1
288217094,UD. Deni Sanjaya,Pendidikan,5394019,4927505,Belum Terdaftar,0
288217095,UD. Hendra Wibawa,Kesehatan,13497947,7516123,Terdaftar,1
288217096,UD. Lukman Wacana,Kesehatan,33924592,1911281,Terdaftar,1
288217097,UD. Hanafi Binasena Wawan,Jasa,34286340,7872186,Terdaftar,1
288217098,UD. Yani Abdi,Jasa,31228803,7563342,Belum Terdaftar,0
288217099,UD. Vito Asih,Perdagangan,13142496,4594240,Terdaftar,1
288217100,UD. Nindy Prawira,Pendidikan,47502456,8996427,Belum Terdaftar,0
288217101,UD. Oki Prawira,Perdagangan,29138675,4841297,Belum Terdaftar,0
288217102,UD. Gita Anggrek,Jasa,4885378,5855785,Terdaftar,1
288217103,UD. Khalid Abadi,Jasa,32902151,1184439,Terdaftar,1
288217104,UD. Priska Mardika,Kesehatan,8391766,3845017,Terdaftar,1
288217105,UD. Karim Anindita,Kesehatan,46121093,6034554,Belum Terdaftar,0
288217106,UD. Rian Saputranegara Vidi,Pendidikan,5612378,3252531,Terdaftar,1
288217107,UD. Ina Malam,Pendidikan,22330261,6517256,Terdaftar,1
288217108,UD. Ujang Wiratama,Kesehatan,3281664,2155576,Belum Terdaftar,0
288217109,UD. Kurnia Utama Salsa,Perdagangan,10335795,3669334,Belum Terdaftar,0
288217110,UD. Fadli Ranggalawe,Kesehatan,24017763,1151504,Terdaftar,1
288217111,UD. Habib Kusumajati,Jasa,17208392,9972426,Terdaftar,1
288217112,UD. Syana Anugerah,Kesehatan,35171243,7792852,Terdaftar,1
288217113,UD. Khalid Padi,Perdagangan,30873906,9168044,Belum Terdaftar,0
288217114,UD. Qanitah Terang Made,Kesehatan,16083597,6205184,Belum Terdaftar,0
288217115,UD. Kanza Sudharmo Aqila,Kesehatan,6627281,916891,Belum Terdaftar,0
288217116,UD. Viona Wetan,Perdagangan,16593937,5644201,Terdaftar,1
288217117,UD. Yudi Warna,Perdagangan,20501296,7761019,Belum Terdaftar,0
288217118,UD. Zahira Jati,Perdagangan,28377946,6937856,Belum Terdaftar,0
288217119,UD. Gerry Ayodya,Kesehatan,40034376,8899114,Terdaftar,1
288217120,UD. Prita Makmur,Jasa,17606903,3681174,Belum Terdaftar,0
288217121,UD. Galih Trisaktiatma,Jasa,17096370,9558024,Terdaftar,1
288217122,UD. Nadia Pusaka Prita,Jasa,2050670,9759079,Terdaftar,1
288217123,UD. Jihan Sumringah,Jasa,46554513,4857088,Terdaftar,1
288217124,UD. Ghani Pamungkas,Kesehatan,27718896,6674511,Belum Terdaftar,0
288217125,UD. Elyas Sahaja,Jasa,4253901,3755371,Belum Terdaftar,0
288217126,UD. Tania Prana,Jasa,6485333,3452480,Belum Terdaftar,0
288217127,UD. Rendi Ayodya,Jasa,39216378,6099845,Belum Terdaftar,0
288217128,UD. Oniel Wening,unknown,47884655,1985746,Belum Terdaftar,0
288217129,UD. Udin Maju,Pendidikan,39791525,6394263,Terdaftar,1
288217130,UD. Novi Tunggul,Pendidikan,32204804,5136919,Belum Terdaftar,0
288217131,UD. Najwa Darma,Kesehatan,17137495,7798029,Terdaftar,1
288217132,UD. Romi Mahendra Mika,Perdagangan,2344215,1537642,Terdaftar,1
288217133,UD. Yolanda Mulya,Jasa,12124744,4470021,Belum Terdaftar,0
288217134,UD. Jay Citra,Jasa,49062209,7469813,Terdaftar,1
,UD. Ulya Elok,Kesehatan,24563211,9488642,Belum Terdaftar,0
288217136,UD. Elyas Surya Halimah,Perdagangan,30277455,3419781,Belum Terdaftar,0
288217137,UD. Kanza Mayang,Kesehatan,30664223,2903646,Terdaftar,1
288217138,UD. Qori Utama,Perdagangan,42714569,6938179,Terdaftar,1
288217139,UD. Aqila Kelana,Jasa,26409839,1367293,Terdaftar,1
288217140,UD. Andi Gunawan,Kesehatan,42520532,,Terdaftar,1
288217141,UD. Yusuf Trisaktiatma,Jasa,26591083,5570785,Terdaftar,1
288217142,UD. Ciko Santosa,Kesehatan,8287903,2583628,Belum Terdaftar,0
288217143,UD. Desi Nawasena,Pendidikan,14673213,3435845,Terdaftar,1
288217144,UD. Hesti Dharma,Kesehatan,45034250,1677952,Terdaftar,1
288217145,UD. Inten Panuluh,Kesehatan,27512234,1845393,Belum Terdaftar,0
288217146,UD. Lukita Sumirat Sella,Pendidikan,18446384,6655640,Belum Terdaftar,0
288217147,UD. Kiki Senja Yaniar,Kesehatan,1475210,2128540,Belum Terdaftar,0
288217148,UD. Jodi Padi,Kesehatan,19570741,7797949,Belum Terdaftar,0
288217149,UD. Vina Madani,Pendidikan,31694891,5182309,Belum Terdaftar,0
288217150,UD. Vega Lingga Weni,Kesehatan,34352425,8724265,Belum Terdaftar,0
288217151,UD. Isna Ceria,Kesehatan,7621943,8795898,Terdaftar,1
288217152,UD. Jay Saprahan,Perdagangan,14167811,3802191,Terdaftar,1
288217153,UD. Ojan Pramana,Perdagangan,9813236,6864204,Terdaftar,1
288217154,UD. Bela Resaputra,Pendidikan,24051914,5981353,Belum Terdaftar,0
288217155,UD. Khalid Baruna,Jasa,46830818,3672073,Belum Terdaftar,0
288217156,UD. Nadia Tengah,Pendidikan,39134789,3077205,Terdaftar,1
288217157,UD. Jihan Cerah,Kesehatan,18553169,6583940,Terdaftar,1
288217158,UD. Qasya Tunggal,Perdagangan,49005704,9156914,Belum Terdaftar,0
288217159,UD. Anisa Kelana,Pendidikan,8416344,7820094,Belum Terdaftar,0
288217160,UD. Desi Buana,Perdagangan,20881339,6750718,Terdaftar,1
288217161,UD. Diyan Atma,Perdagangan,40461221,9359156,Belum Terdaftar,0
288217162,UD. Hanafi Kawiswara,Jasa,15885289,5454342,Terdaftar,1
288217163,UD. Ovan Mandala,Perdagangan,21076286,7194632,Terdaftar,1
288217164,UD. Yani Gandewa,Pendidikan,19522485,2478187,Terdaftar,1
288217165,UD. Gita Asa,Perdagangan,28464917,3828820,Belum Terdaftar,0
288217166,UD. Farid Adhi,Pendidikan,23854160,9824592,Terdaftar,1
288217167,UD. Pasha Tirta,Perdagangan,35148616,1996395,Belum Terdaftar,0
288217168,UD. Elok Adikara,Pendidikan,23248944,8082143,Belum Terdaftar,0
288217169,UD. Erlin Naraya,Jasa,39578469,9413620,Belum Terdaftar,0
288217170,UD. Zera Merdeka,Perdagangan,1790645,8019916,Belum Terdaftar,0
288217171,UD. Vita Yudhistira,Perdagangan,25900492,3567570,Terdaftar,1
288217172,UD. Yolanda Bagaskara,Perdagangan,32275960,4332342,Terdaftar,1
288217173,UD. Silvi Wening Yessi,Jasa,24616754,1016175,Terdaftar,1
288217174,UD. Adinda Mayang,Jasa,37026480,5161941,Belum Terdaftar,0
288217175,UD. Dina Purnama,Kesehatan,40493201,5895520,Belum Terdaftar,0
288217176,UD. Echa Kayastha,Kesehatan,24051588,7099611,Terdaftar,1
288217177,UD. Rian Utama,Pendidikan,6078563,3494825,Belum Terdaftar,0
288217178,UD. Fatiah Asri,Jasa,25786293,2747418,Terdaftar,1
288217179,UD. Ulya Kamajaya Qisha,Kesehatan,8111172,8748006,Belum Terdaftar,0
288217180,UD. Yudi Wangi,Jasa,28598500,2568474,,0
288217181,UD. Hendra Indah Satria,Pendidikan,14950599,8677754,Belum Terdaftar,0
288217182,UD. Dina Gita,Perdagangan,9121107,5652062,Terdaftar,1
288217183,UD. Tomi Sarwono,Perdagangan,6294753,9698198,Belum Terdaftar,0
288217184,UD. Novi Bintang,Jasa,20269849,4393614,Belum Terdaftar,0
288217185,UD. Fitri Sehat,Jasa,32705447,2441571,Terdaftar,1
288217186,UD. Dito Naraya,Kesehatan,31149161,2501255,Belum Terdaftar,0
288217187,UD. Rendi Sanjaya Rendi,Jasa,47082072,9217267,Terdaftar,1
288217188,UD. Elva Cempaka Alya,Perdagangan,39488302,7183334,Terdaftar,1
288217189,UD. Barokah Sumirat Bagas,Jasa,6501534,4737234,Belum Terdaftar,0
288217190,UD. Valen Puri,Pendidikan,33114290,2042215,Terdaftar,1
288217191,UD. Wesly Selaras,Jasa,46700488,7955320,Terdaftar,1
288217192,UD. Binar Citra Andi,Pendidikan,34308146,8100591,Belum Terdaftar,0
288217193,UD. Guntur Lintang,Kesehatan,28461028,6173021,Terdaftar,1
288217194,UD. Zidanar Tejakusuma,Kesehatan,15304089,8548433,Terdaftar,1
288217195,UD. Yolanda Panuluh,Perdagangan,27246963,5803652,Terdaftar,1
288217196,UD. Qayla Utamajaya,Pendidikan,10577475,9642999,Terdaftar,1
288217197,UD. Wesly Anugerah,Pendidikan,20194585,4558449,Belum Terdaftar,0
288217198,UD. Lidya Kayastha,Jasa,33296586,5071325,Terdaftar,1
288217199,UD. Adinda Asmaralaya,Pendidikan,48910276,6311222,Belum Terdaftar,0
288217200,UD. Deni Kencana,Jasa,12073010,2980068,Terdaftar,1
unknown,UD. Cici Merdeka,Jasa,36905942,3926614,Terdaftar,1
288217202,UD. Kanza Sanjaya Viani,Pendidikan,7306724,1919531,Belum Terdaftar,0
288217203,UD. Uci Jati,Pendidikan,20159282,6051232,Belum Terdaftar,0
288217204,UD. Galih Raharja,Jasa,16366850,3219228,Terdaftar,1
288217205,UD. Ujang Warna,Pendidikan,21966635,9489116,Belum Terdaftar,0
288217206,UD. Grego Adiwangsa Tania,Pendidikan,33436530,4074222,Belum Terdaftar,0
288217207,UD. Alma Persada Dora,Jasa,12138956,unknown,Terdaftar,1
288217208,UD. Hana Ranggalawe,Perdagangan,20204512,6301355,Belum Terdaftar,0
288217209,UD. Kirana Bratadikara Fikri,Perdagangan,8446163,3560667,Terdaftar,1
288217210,UD. Cakra Bangun,Kesehatan,32914297,6432749,Belum Terdaftar,0
288217211,UD. Uchie Kusumajati Kinan,Pendidikan,44008593,2559429,Belum Terdaftar,0
288217212,UD. Zidan Satria,Perdagangan,44181115,3835242,Belum Terdaftar,0
288217213,UD. Qori Manunggal Oniel,Kesehatan,18327066,3268099,Terdaftar,1
288217214,UD. Uci Asri,Jasa,40869783,3164959,Belum Terdaftar,0
288217215,UD. Prita Manik,Kesehatan,45566789,9155131,Belum Terdaftar,0
288217216,UD. Qisha Nirwana,Perdagangan,33682869,1652554,Terdaftar,1
288217217,UD. Rendi Terang,Kesehatan,13579683,9776272,Terdaftar,1
288217218,UD. Daffa Lempung,unknown,25760495,9848955,Terdaftar,1
288217219,UD. Nina Nawasena Maudy,Jasa,43364342,3852632,Terdaftar,1
288217220,UD. Nazar Sukarela Leni,Jasa,5855625,3376751,Terdaftar,1
288217221,UD. Zera Bijaksana,Kesehatan,46651034,7411863,Terdaftar,1
288217222,UD. Silvi Gunawan,Pendidikan,41007758,5100648,Terdaftar,1
288217223,UD. Fira Nirwasita,Pendidikan,10698338,9363579,Terdaftar,1
288217224,UD. Karla Sundawa,Kesehatan,5766239,5404770,Terdaftar,1
288217225,UD. Wulan Utama Lando,Jasa,38021404,1816396,Terdaftar,1
288217226,UD. Najwa Kayastha Ucup,Perdagangan,16290085,4427405,Belum Terdaftar,0
288217227,UD. Tariq Wijaya Ina,Pendidikan,21436219,6396616,Belum Terdaftar,0
288217228,UD. Yani Tejakusuma,Jasa,25560898,5314182,Terdaftar,1
288217229,UD. Jordi Padi,Jasa,41565283,6533156,Belum Terdaftar,0
288217230,UD. Reza Arya,Pendidikan,29641227,6886658,Belum Terdaftar,0
288217231,UD. Miko Brata,Perdagangan,17766971,3714185,Terdaftar,1
288217232,UD. Guntur Panuluh,Kesehatan,28176606,2951225,Terdaftar,1
288217233,UD. Yudi Utamaindah,Jasa,20149435,4458344,Terdaftar,1
288217234,UD. Tami Adiwangsa Iman,Pendidikan,48713763,8639260,Terdaftar,1
288217235,UD. Zulfa Putra,Pendidikan,2512794,7656927,Terdaftar,1
288217236,UD. Berlian Harapan,Perdagangan,46741941,607821,Belum Terdaftar,0
288217237,UD. Vino Nirwana,Perdagangan,22289855,4804349,Terdaftar,1
288217238,UD. Citra Madani,Kesehatan,35518858,2514115,Belum Terdaftar,0
288217239,UD. Tomi Jaya,Perdagangan,19807570,6068576,Terdaftar,1
288217240,UD. Tiara Lingga,Jasa,48047023,4135773,Belum Terdaftar,0
288217241,UD. Valen Adhi Elsa,Jasa,27036197,5782777,Belum Terdaftar,0
288217242,UD. Diva Prajurit Ujang,Perdagangan,9507021,938729,Terdaftar,1
288217243,UD. Thariq Swargaloka,Pendidikan,26155028,8505756,Terdaftar,1
288217244,UD. Heri Kusumatmaja,Perdagangan,,5195743,Terdaftar,1
288217245,UD. Yana Nirmala,Pendidikan,38838034,4526142,Belum Terdaftar,0
288217246,UD. Pandu Asmaralaya,Perdagangan,48214243,1588483,Belum Terdaftar,0
288217247,UD. Viona Tirta,Perdagangan,6043569,3936898,Belum Terdaftar,0
288217248,UD. Utha Wening,Kesehatan,unknown,2525777,Belum Terdaftar,0
288217249,UD. Adinda Hastinapura Fikra,Pendidikan,32110358,4283984,Belum Terdaftar,0
,UD. Ulya Mulya Joko,Pendidikan,16434779,7631025,Belum Terdaftar,0
288217251,UD. Umar Tengah,Kesehatan,5812683,9504729,Belum Terdaftar,0
288217252,UD. Lutfi Mega,Pendidikan,38743296,2586006,Belum Terdaftar,0
288217253,UD. Ida Saprahan Alya,Kesehatan,40990034,1465316,Terdaftar,1
288217254,UD. Niken Baskara,Pendidikan,10565789,6362392,Terdaftar,1
288217255,UD. Galih Kinarya,Perdagangan,20603234,6515045,Terdaftar,1
288217256,UD. Tama Manunggal Hilmiyah,Perdagangan,49991716,3751311,Belum Terdaftar,0
288217257,UD. Nazar Sangga,Kesehatan,42479924,6216741,Belum Terdaftar,0
288217258,UD. Rendi Kawiswara,Jasa,22149547,3787724,Terdaftar,1
288217259,UD. Vera Mandala,Jasa,36255940,2523345,Belum Terdaftar,0
288217260,UD. Sekar Wiraatmaja,Pendidikan,21899526,4739836,Belum Terdaftar,0
288217261,UD. Zulfa Buana,Jasa,10664949,1700684,Belum Terdaftar,0
288217262,UD. Kiki Padi,Kesehatan,24278636,3335900,Belum Terdaftar,0
288217263,UD. Okta Wicaksana,Perdagangan,24159073,7957995,Terdaftar,1
288217264,UD. Rizki Selaras,Pendidikan,25813846,801167,Terdaftar,1
288217265,UD. Galang Wirajaya,Pendidikan,39889354,8807237,Belum Terdaftar,0
288217266,UD. Miko Abdi,Kesehatan,3445577,5610540,Belum Terdaftar,0
288217267,UD. Riko Hilir,Kesehatan,35297509,2654270,Terdaftar,1
288217268,UD. Mega Mandala,Jasa,29460979,1878271,Terdaftar,1
288217269,UD. Qais Mayang,Pendidikan,4594340,6383738,Terdaftar,1
288217270,UD. Hanaura Trijaya,Pendidikan,46046500,2448366,Belum Terdaftar,0
288217271,UD. Umi Trisula,Pendidikan,36402421,7865443,Belum Terdaftar,0
288217272,UD. Fikra Maju,Kesehatan,38598465,5963153,Belum Terdaftar,0
288217273,UD. Uci Cempaka,Kesehatan,40861694,5905751,Belum Terdaftar,0
288217274,UD. Ony Kencana,Pendidikan,5194370,6434410,Belum Terdaftar,0
288217275,UD. Vita Prabawa,Kesehatan,28108170,6972206,Belum Terdaftar,0
288217276,UD. Elok Anggrek,Perdagangan,43324011,1442496,Terdaftar,1
288217277,UD. Rahmat Bangun,Pendidikan,6599129,1490652,Terdaftar,1
288217278,UD. Rangga Berkarya,Kesehatan,43742807,8842184,Belum Terdaftar,0
288217279,UD. Ari Sarwono Koko,Jasa,7889650,5013024,Terdaftar,1
288217280,UD. Binar Hilir,Jasa,30720845,3332308,Belum Terdaftar,0
288217281,UD. Jafar Adiwarna Febri,Jasa,4042420,3356312,Terdaftar,1
288217282,UD. Joko Kusumatmaja,Kesehatan,22342362,9602029,Terdaftar,1
288217283,UD. Hendra Artha,Kesehatan,23550401,9670684,Terdaftar,1
288217284,UD. Vega Prima,Perdagangan,44078725,2731129,Terdaftar,1
288217285,UD. Zain Bersemi,Jasa,33931546,2074469,Belum Terdaftar,0
288217286,UD. Nindy Cempaka,Jasa,26916228,9958054,Belum Terdaftar,0
288217287,UD. Yessi Selaras,Kesehatan,14191221,6378287,Belum Terdaftar,0
288217288,UD. Lintang Paseban Bela,Jasa,28478812,1322096,Terdaftar,1
288217289,UD. Marsel Kusumatmaja,Kesehatan,25672562,2863640,Terdaftar,1
288217290,UD. Niken Trisula,Pendidikan,24895879,4668688,Belum Terdaftar,0
288217291,UD. Nara Selaras Chiko,Pendidikan,20230094,1360328,Belum Terdaftar,0
288217292,UD. Sekar Abdi Fajar,Pendidikan,1450831,5636506,Terdaftar,1
288217293,UD. Lintang Wirajaya,Kesehatan,6326745,5167287,Terdaftar,1
288217294,UD. Yani Widhi Andi,Kesehatan,43052753,5633241,Terdaftar,1
288217295,UD. Uchie Agung Gilang,Perdagangan,2783971,6271556,Terdaftar,1
288217296,UD. Cici Sanjaya,Jasa,32402630,5247766,Belum Terdaftar,0
288217297,UD. Aldo Wirajaya Bayu,Kesehatan,43681756,5027130,Terdaftar,1
288217298,UD. Yasir Asmaralaya,Jasa,40631810,1346358,Belum Terdaftar,0
288217299,UD. Alif Terang,Kesehatan,21561671,1008277,Belum Terdaftar,0
288217300,UD. Rangga Baru,Jasa,10279380,3833488,Terdaftar,1
288217301,UD. Salsa Tejakencana,Jasa,11239878,8054846,Terdaftar,1
288217302,UD. Mila Mahendra Hanafi,Kesehatan,41133595,5893108,Belum Terdaftar,0
288217303,UD. Diva Jayengprana,Perdagangan,40267359,8979694,Terdaftar,1
288217304,UD. Yusuf Siang Najwa,Perdagangan,26222575,2810926,Terdaftar,1
288217305,UD. Qamar Haji Putra,Pendidikan,14186209,1079793,Terdaftar,1
288217306,UD. Kamil Sangkala,Perdagangan,25172000,9995443,Terdaftar,1
288217307,UD. Okta Hilir,Jasa,41980700,3805625,Belum Terdaftar,0
288217308,UD. Yora Wicaksana Binar,Pendidikan,5127721,2480523,Belum Terdaftar,0
288217309,UD. Panji Asa,Perdagangan,31381586,7401527,Terdaftar,1
288217310,UD. Widya Jaladara Jojo,Kesehatan,41519126,1701805,Belum Terdaftar,0
288217311,UD. Novi Binasena,Pendidikan,48094295,9917715,Belum Terdaftar,0
288217312,UD. Kinan Haji,Jasa,40655871,8762769,Terdaftar,1
288217313,UD. Ojan Kusen,Pendidikan,23142402,6206305,Terdaftar,1
288217314,UD. Febri Agastya,Jasa,46966413,9804627,Terdaftar,1
288217315,UD. Maudy Wirawati,Kesehatan,33576409,2672628,Belum Terdaftar,0
288217316,UD. Jodi Lingga,Perdagangan,27397079,5671054,Belum Terdaftar,0
288217317,UD. Marsel Ratu,Perdagangan,31513285,790238,Belum Terdaftar,0
288217318,UD. Fira Asri,Pendidikan,37643331,8828830,Belum Terdaftar,0
288217319,UD. Cinta Puri,Kesehatan,7467129,2751792,Belum Terdaftar,0
288217320,UD. Pasha Anindita,Pendidikan,9299976,9820609,Belum Terdaftar,0
288217321,UD. Monica Manunggal,Jasa,31785091,8757677,Belum Terdaftar,0
288217322,UD. Ovan Siang,Jasa,32815939,1352867,Terdaftar,1
288217323,UD. Utha Bahagia,Kesehatan,49205390,8880456,Terdaftar,1
288217324,UD. Kinan Trisakti,Pendidikan,30542622,3194316,Terdaftar,1
288217325,UD. Jojo Satria,Perdagangan,10570094,6687689,Belum Terdaftar,0
288217326,UD. Oki Rejo,Kesehatan,32068247,877780,Belum Terdaftar,0
288217327,UD. Balqis Mulya,Jasa,36139733,2826504,Terdaftar,1
288217328,UD. Cipta Kencana,Pendidikan,28759084,6500588,Terdaftar,1
288217329,UD. Rendi Harapan,Perdagangan,6386082,1093479,Belum Terdaftar,0
288217330,UD. Qais Wiyata,Pendidikan,49009079,9016590,Belum Terdaftar,0
288217331,UD. Cipta Taruna,Pendidikan,18027289,7610541,Belum Terdaftar,0
288217332,UD. Yani Putra,Jasa,38674433,5399860,Belum Terdaftar,0
288217333,UD. Cipta Satria,Kesehatan,2943985,9583836,Belum Terdaftar,0
288217334,UD. Taufik Saputra,Perdagangan,23048923,9036826,Terdaftar,1
288217335,UD. Diva Gatra Clarissa,Pendidikan,2411317,9990486,Belum Terdaftar,0
288217336,UD. Rendi Dewangga,Pendidikan,4289820,1406668,Terdaftar,1
288217337,UD. Viera Pusaka,Kesehatan,21419483,4809841,Terdaftar,1
288217338,UD. Putra Wijaya,Perdagangan,34879683,3793970,Belum Terdaftar,0
288217339,UD. Rizki Nirbayu,Perdagangan,23897380,5593379,Terdaftar,1
288217340,UD. Syifa Praja,Perdagangan,20073382,3107747,Belum Terdaftar,0
288217341,UD. Ciko Gita,Jasa,16799384,7341462,Belum Terdaftar,0
288217342,UD. Heri Utama,Jasa,21365696,7001823,Belum Terdaftar,0
288217343,UD. Grego Bima,Perdagangan,5402380,613802,Belum Terdaftar,0
288217344,UD. Umar Tri,Jasa,4275352,1573332,Belum Terdaftar,0
288217345,UD. Barokah Jatiwangi,Jasa,10266746,6940257,Belum Terdaftar,0
288217346,UD. Irma Ranggalawe,Pendidikan,25316025,4214056,Terdaftar,1
288217347,UD. Sinta Adiwarna Utha,Kesehatan,32764063,1891386,Belum Terdaftar,0
288217348,UD. Intan Cahaya Opik,Jasa,18111549,3510416,Belum Terdaftar,0
288217349,UD. Khalid Nawasena Zaki,Perdagangan,7181974,9859852,Terdaftar,1
288217350,UD. Wira Buana,Kesehatan,17970927,7889847,Belum Terdaftar,0
288217351,UD. Salsa Tunggal,Kesehatan,19019245,9174007,Belum Terdaftar,0
288217352,UD. Zidan Praja,Jasa,2588694,5381995,Terdaftar,1
288217353,UD. Ovan Cendana,Pendidikan,28356128,2606927,Belum Terdaftar,0
288217354,UD. Ismail Adikara,Kesehatan,35645905,6521056,Terdaftar,1
288217355,UD. Romi Sudharmo,Kesehatan,22613884,9729740,Belum Terdaftar,0
288217356,UD. Zidan Harapan Syifa,Kesehatan,35721157,9729649,Terdaftar,1
288217357,UD. Santi Widuri,Kesehatan,15299509,5643367,Belum Terdaftar,0
288217358,UD. Vera Anindita Anis,Pendidikan,31736010,9557429,Belum Terdaftar,0
288217359,UD. Elsa Wijaya,Kesehatan,19084488,7444345,Terdaftar,1
288217360,UD. Harun Wiratama,Perdagangan,45795257,3654094,Terdaftar,1
288217361,UD. Tama Maju,Kesehatan,32796591,6684789,Belum Terdaftar,0
288217362,UD. Elsa Jayaningrat,Perdagangan,11043824,4283480,Terdaftar,1
288217363,UD. Qyla Manik,Perdagangan,27874437,5216302,Belum Terdaftar,0
288217364,UD. Andi Tejakencana,Jasa,32483782,2457507,unknown,0
288217365,UD. Farhan Nusa,Pendidikan,22106399,7350950,Belum Terdaftar,0
288217366,UD. Zain Tejakencana,Pendidikan,46267726,6458134,Belum Terdaftar,0
288217367,UD. Fani Jatiwangi,Jasa,34462041,8715045,Belum Terdaftar,0
288217368,UD. Rafif Rejo,Jasa,22376358,3732914,Belum Terdaftar,0
288217369,UD. Gracia Cinta,Jasa,24082474,3792485,Belum Terdaftar,0
288217370,UD. Gracia Wiratama,Kesehatan,11779998,7558686,Belum Terdaftar,0
288217371,UD. Putra Utama,Kesehatan,22927996,1674887,Belum Terdaftar,0
288217372,UD. Ujang Rejo,Kesehatan,19497919,1545734,Belum Terdaftar,0
288217373,UD. Jafar Putri,Pendidikan,40770726,7289300,Terdaftar,1
288217374,UD. Gita Jayabaya,Pendidikan,34269896,4900311,Terdaftar,1
288217375,UD. Jihan Tejakencana,Jasa,35506671,3525310,Belum Terdaftar,0
288217376,UD. Umi Dewangga,Jasa,45052635,7380675,Terdaftar,1
288217377,UD. Taufik Sudarsana,Kesehatan,47660383,3037191,Terdaftar,1
288217378,UD. Haidar Kulon,Jasa,9173806,1020121,Terdaftar,1
288217379,UD. Marwan Surya,Pendidikan,32574014,1639908,Belum Terdaftar,0
288217380,UD. Fatiah Sentosa,Perdagangan,6007524,9010534,Belum Terdaftar,0
288217381,UD. Joko Sentosa Fikri,Kesehatan,34629076,6011636,Belum Terdaftar,0
288217382,UD. Yumna Sulaksana,Pendidikan,35392827,8840601,Terdaftar,1
288217383,UD. Pipit Wangi,Kesehatan,12172196,2141101,Terdaftar,1
288217384,UD. Reza Nirwana,Pendidikan,23245851,2035655,Belum Terdaftar,0
288217385,UD. Willy Arya,Kesehatan,35181580,3190008,Belum Terdaftar,0
288217386,UD. Uci Bintang,Perdagangan,29346395,2658936,Belum Terdaftar,0
288217387,UD. Owen Taruna,Pendidikan,14779078,9300634,Terdaftar,1
288217388,UD. Ulil Jayabaya,Pendidikan,12004958,7033408,Terdaftar,1
288217389,UD. Fatiah Widuri,Perdagangan,,4162734,Belum Terdaftar,0
288217390,UD. Karim Baswara,Kesehatan,37489909,2018198,Terdaftar,1
288217391,UD. Yoga Luhur,Kesehatan,9905675,9248525,Belum Terdaftar,0
288217392,UD. Umar Mulya,Pendidikan,14740817,5829405,Belum Terdaftar,0
288217393,UD. Uti Sahaja,Perdagangan,34543530,4181424,Belum Terdaftar,0
288217394,UD. Odie Bersemi,Jasa,25087570,659571,Terdaftar,1
288217395,UD. Bella Kusen,Pendidikan,27231505,9179854,Terdaftar,1
288217396,UD. Hesti Galang,Kesehatan,35483323,9289368,Belum Terdaftar,0
288217397,UD. Widya Anggara,Pendidikan,34634292,8759065,Belum Terdaftar,0
288217398,UD. Mira Wijaya,Perdagangan,33690515,4295043,Terdaftar,1
288217399,UD. Niken Resaputra,Kesehatan,44055053,888674,Terdaftar,1
288217400,UD. Khalid Mega Qanitah,Perdagangan,36846285,6058441,Terdaftar,1
288217401,UD. Mega Gatra,Jasa,1116742,2609190,,0
288217402,UD. Aqila Karang,Perdagangan,12199392,2413141,Terdaftar,1
288217403,UD. Zidan Galuh,Pendidikan,29581394,4826455,Terdaftar,1
288217404,UD. Jojo Saputrautama,Perdagangan,26433301,9360281,Terdaftar,1
288217405,UD. Karla Dharma,Jasa,4633289,5593387,Belum Terdaftar,0
288217406,UD. Fatimah Widuri,Perdagangan,25255198,3175630,Belum Terdaftar,0
288217407,UD. Eren Selaras Satria,Kesehatan,25875222,597157,Belum Terdaftar,0
288217408,UD. Umi Bagaskara Tegar,Pendidikan,35671118,551805,Belum Terdaftar,0
288217409,UD. Farhan Jaya,Jasa,12686658,6861593,Belum Terdaftar,0
288217410,UD. Nando Gandewa,Perdagangan,9653920,4753274,Terdaftar,1
288217411,UD. Salsa Kinarya,Jasa,19449913,1652224,Belum Terdaftar,0
288217412,UD. Rafa Agung,Pendidikan,46065672,7206512,Terdaftar,1
288217413,UD. Eren Puri Ulil,Pendidikan,34440326,6113388,Belum Terdaftar,0
288217414,UD. Gadis Pelangi Esa,Jasa,26500387,9633903,Terdaftar,1
288217415,UD. Ovan Agung,Perdagangan,1506902,6986425,Terdaftar,1
288217416,UD. Chika Paningrat,Jasa,32817263,9853463,Belum Terdaftar,0
288217417,UD. Aqila Wirawati,Pendidikan,41035927,3232592,Terdaftar,1
288217418,UD. Vita Resaputra,Jasa,12662706,6106230,Terdaftar,1
288217419,UD. Fikra Tri,Kesehatan,23658122,8876685,Belum Terdaftar,0
288217420,UD. Tariq Manunggal,Kesehatan,26877558,6232550,Terdaftar,1
288217421,UD. Aqila Satriya,Perdagangan,23692577,3344092,Belum Terdaftar,0
288217422,UD. Andi Pramudita,Jasa,36851256,9190261,,0
288217423,UD. Pasha Pramana Ulya,Jasa,24060801,9620221,Belum Terdaftar,0
288217424,UD. Pipit Jayaningrat,Pendidikan,13554877,6558648,Terdaftar,1
288217425,UD. Olla Gatra,Pendidikan,11410831,9699788,Terdaftar,1
288217426,UD. Deni Panembahan,Kesehatan,10752190,5751346,Belum Terdaftar,0
288217427,UD. Sella Jaya,Pendidikan,26269718,4363936,Belum Terdaftar,0
288217428,UD. Qomar Santosa,Perdagangan,7761194,2876055,Terdaftar,1
288217429,UD. Ulya Adiwarna,Jasa,15516147,788875,Terdaftar,1
288217430,UD. Yumna Adiwarna,Kesehatan,19115201,8215726,Terdaftar,1
288217431,UD. Wahyu Sukarela,Kesehatan,30046340,9864711,Belum Terdaftar,0
288217432,UD. Asep Kawiswara,Kesehatan,13251884,6519083,Belum Terdaftar,0
288217433,UD. Tiara Suci,Kesehatan,19300122,6243379,Belum Terdaftar,0
288217434,UD. Zain Jagad,Perdagangan,34939799,9888532,Belum Terdaftar,0
288217435,UD. Gani Sentosa,Kesehatan,40838866,7893216,Terdaftar,1
288217436,UD. Xenia Tunggul,Kesehatan,5807265,5253542,Belum Terdaftar,0
288217437,UD. Tama Rejo,Jasa,38038723,1246197,Belum Terdaftar,0
288217438,UD. Gusti Wacana,Perdagangan,8451809,5149021,Terdaftar,1
288217439,UD. Pipit Mardika,Jasa,1397256,6861646,Terdaftar,1
288217440,UD. Maudy Widjaja,Perdagangan,48911323,5132109,Terdaftar,1
288217441,UD. Gisel Lingga,Perdagangan,10762933,8440513,Belum Terdaftar,0
288217442,UD. Grego Jatiwangi Leni,Perdagangan,34999303,9391020,Belum Terdaftar,0
288217443,UD. Grego Gita,Pendidikan,11588205,4153729,Belum Terdaftar,0
288217444,UD. Yumna Kulon,Jasa,29520073,4087259,Belum Terdaftar,0
288217445,UD. Ovan Adikara,Pendidikan,7775982,4398664,,0
288217446,UD. Fatimah Hilir,Perdagangan,19443608,1975912,Belum Terdaftar,0
288217447,UD. Kirana Pelangi,Pendidikan,49833306,4693269,Belum Terdaftar,0
288217448,UD. Oki Trijaya,Jasa,21963586,2385095,Belum Terdaftar,0
288217449,UD. Anang Raharja,Kesehatan,25822691,8772916,Belum Terdaftar,0
288217450,UD. Romi Jaya,Kesehatan,39943727,6299753,Belum Terdaftar,0
288217451,UD. Khalid Jati,Pendidikan,43004440,4215283,Belum Terdaftar,0
288217452,UD. Utha Sasmita,Perdagangan,44841260,6307122,Belum Terdaftar,0
288217453,UD. Laila Baswara,Kesehatan,11006956,9995436,Terdaftar,1
288217454,UD. Wenny Ilir,Jasa,28925799,6121840,Belum Terdaftar,0
288217455,UD. Echa Swargaloka,Pendidikan,18051011,5131162,Terdaftar,1
288217456,UD. Mirna Sumringah Qanita,Perdagangan,35073952,,Terdaftar,1
288217457,UD. Krisna Citra Barokah,Pendidikan,45372894,4849710,Belum Terdaftar,0
288217458,UD. Iman Agung,Kesehatan,39164971,2567919,Belum Terdaftar,0
288217459,UD. Ina Ratu,Jasa,5385939,5943099,Belum Terdaftar,0
288217460,UD. Qira Bersemi,Kesehatan,31017867,9365677,Belum Terdaftar,0
288217461,UD. Echa Persada,Jasa,25015673,6728050,Terdaftar,1
unknown,UD. Hasna Anggara,Jasa,20062839,2290854,Belum Terdaftar,0
288217463,UD. Naufal Wicaksana,Pendidikan,31174618,6225963,Terdaftar,1
288217464,UD. Vidi Sukma,Kesehatan,38612307,2179813,Belum Terdaftar,0
288217465,UD. Putri Jatinagara,,31561748,7545759,Terdaftar,1
288217466,UD. Zahra Gunawan,Kesehatan,15561461,8729846,Terdaftar,1
288217467,UD. Uti Wijaya,Pendidikan,36514115,2158741,Belum Terdaftar,0
288217468,UD. Syifa Surapati,Pendidikan,16110748,9842578,Terdaftar,1
288217469,UD. Yuli Anindita,Perdagangan,28809603,4952422,Terdaftar,1
288217470,UD. Iqra Tejakencana,Kesehatan,9900663,,Belum Terdaftar,0
288217471,UD. Hesti Kayastha,Perdagangan,46060618,4368425,Belum Terdaftar,0
288217472,UD. Pipit Darma,Pendidikan,14622323,849263,Terdaftar,1
288217473,UD. Oniel Anggara,Perdagangan,43212003,3528464,Belum Terdaftar,0
288217474,UD. Udin Nusa,Kesehatan,36657021,5285138,Terdaftar,1
288217475,UD. Jordi Sukarela,Jasa,47244412,7758478,Belum Terdaftar,0
288217476,UD. Mega Tunggal,Pendidikan,32516869,9086816,Terdaftar,1
288217477,UD. Rahmat Widhi,Perdagangan,17405548,9108956,Belum Terdaftar,0
288217478,UD. Salsa Trisula,Jasa,44811722,9218781,Terdaftar,1
288217479,UD. Yasir Bratadikara,Kesehatan,32078811,8557298,Belum Terdaftar,0
288217480,UD. Fauzan Jagad,Perdagangan,27812706,8653012,Belum Terdaftar,0
288217481,UD. Okta Cahyaningrat,Kesehatan,42552681,3139399,Belum Terdaftar,0
288217482,UD. Odie Wijaya,Perdagangan,4893186,777306,Terdaftar,1
288217483,UD. Ciko Bagaskara,Pendidikan,43640244,9783284,Terdaftar,1
288217484,UD. Gadis Ayodya,Pendidikan,8150683,576981,Belum Terdaftar,0
288217485,UD. Hasna Dewangga,Jasa,15213185,7559513,Terdaftar,1
288217486,UD. Habib Lintang,Perdagangan,10653100,874146,Terdaftar,1
288217487,UD. Candra Raharja,Pendidikan,12240011,3314401,Belum Terdaftar,0
288217488,UD. Berlian Bratadikara,Perdagangan,41294895,586450,Belum Terdaftar,0
288217489,UD. Nadia Sudharmo,Kesehatan,39972037,8401307,Terdaftar,1
288217490,UD. Jihan Ceria,Perdagangan,49551025,8841812,Belum Terdaftar,0
288217491,UD. Lidya Padi,Pendidikan,31384424,6668542,Belum Terdaftar,0
288217492,UD. Kirana Wacana,Jasa,24722084,8701546,Terdaftar,1
288217493,UD. Yoga Purnama,Perdagangan,29859917,7211243,Belum Terdaftar,0
288217494,UD. Zahra Permai,Jasa,20503382,1948759,Belum Terdaftar,0
288217495,UD. Nisa Agastya Erlangga,Jasa,27849355,1089686,Belum Terdaftar,0
288217496,UD. Kiki Hilir Inten,Perdagangan,1846311,4931059,Terdaftar,1
288217497,UD. Putri Pramudita,Kesehatan,40710060,9327237,Terdaftar,1
288217498,UD. Jibril Baskara Kirana,Kesehatan,9075337,7770062,Terdaftar,1
288217499,UD. Chika Merdeka,Kesehatan,39252614,9038039,Belum Terdaftar,0
288217500,UD. Heri Baru,Jasa,2572231,7673178,Belum Terdaftar,0
288217501,UD. Esa Pramana,Pendidikan,21694778,9148502,Belum Terdaftar,0
288217502,UD. Hendra Arya,Kesehatan,30462352,9118845,Belum Terdaftar,0
288217503,UD. Kamil Pagi,Perdagangan,10893046,5342293,Terdaftar,1
288217504,UD. Niken Bratadikara,Jasa,34952936,6355738,Terdaftar,1
288217505,UD. Inten Sukma,Pendidikan,14059549,9598306,Terdaftar,1
288217506,UD. Odie Mardika Eren,Jasa,5884114,8641795,Terdaftar,1
288217507,UD. Binar Wiratama Zahira,Perdagangan,3372393,9452256,Terdaftar,1
288217508,UD. Salsa Utama,Kesehatan,34207293,2341345,Belum Terdaftar,0
unknown,UD. Chiko Darma,Jasa,9852287,6841134,Terdaftar,1
288217510,UD. Cinta Prajurit,Kesehatan,14611176,6040239,Terdaftar,1
288217511,UD. Jasmine Wisesa,Perdagangan,25725477,2972108,,0
288217512,UD. Clarissa Siang,Kesehatan,38045509,8834174,Belum Terdaftar,0
288217513,UD. Tegar Wijaksana,Kesehatan,6120638,7912779,Terdaftar,1
288217514,UD. Utha Cinta,Pendidikan,7388235,2636966,Terdaftar,1
288217515,UD. Qasya Resaputra,Jasa,13577842,1478509,Terdaftar,1
288217516,UD. Farhan Wisnu,Pendidikan,41410744,7681651,Belum Terdaftar,0
288217517,UD. Indira Tengah,Perdagangan,11997617,3514125,Terdaftar,1
288217518,UD. Yasir Madani,Jasa,21927771,9509916,Belum Terdaftar,0
288217519,UD. Chintya Arya,Perdagangan,25670177,6877278,Terdaftar,1
288217520,UD. Marsya Kamajaya,Pendidikan,15889696,971497,Belum Terdaftar,0
288217521,UD. Utami Kencana Mario,Jasa,9413692,3666755,Belum Terdaftar,0
288217522,UD. Raka Mandala,Perdagangan,4176275,8937372,Terdaftar,1
288217523,UD. Hilmiyah Karya Nayla,Kesehatan,16950196,7220240,Terdaftar,1
288217524,UD. Yaniar Tirta Berlian,Pendidikan,25790163,6956380,Belum Terdaftar,0
288217525,UD. Koko Wetan,Pendidikan,19396271,5534538,Terdaftar,1
288217526,UD. Karim Madusari,Kesehatan,35503210,7094446,Terdaftar,1
288217527,UD. Evan Satria,Pendidikan,23080564,4926914,Terdaftar,1
288217528,UD. Laila Cinta,Pendidikan,9088390,1413992,Belum Terdaftar,0
288217529,UD. Winda Mahkota,Jasa,4067288,2667928,Terdaftar,1
288217530,UD. Najwa Bima,Pendidikan,31514230,7877963,Belum Terdaftar,0
288217531,UD. Baim Utama Pipit,Kesehatan,17741772,8557870,Belum Terdaftar,0
288217532,UD. Qira Suci,Kesehatan,26596718,3904323,Belum Terdaftar,0
288217533,UD. Ojan Sangga,Kesehatan,46177825,914900,Terdaftar,1
288217534,UD. Silvi Mayang,Perdagangan,39436881,6006890,Terdaftar,1
288217535,UD. Heri Pagi,Perdagangan,18945983,5741073,Belum Terdaftar,0
288217536,UD. Balqis Bahagia,Perdagangan,24385583,5109774,Terdaftar,1
288217537,UD. Echa Kulon,Perdagangan,44209069,7879687,Belum Terdaftar,0
288217538,UD. Hendra Darma,Pendidikan,43350095,5338197,Terdaftar,1
288217539,UD. Putri Agung Alma,Jasa,30845421,4184349,Belum Terdaftar,0
288217540,UD. Widya Adikara,Jasa,23210467,6413389,Belum Terdaftar,0
288217541,UD. Abdi Karya,Kesehatan,45362087,2040268,Terdaftar,1
288217542,UD. Alya Dewangga Bambang,Jasa,30216098,4753601,Belum Terdaftar,0
288217543,UD. Fauzan Luhur Lintang,Kesehatan,3199762,8148778,Belum Terdaftar,0
288217544,UD. Shinta Setia,Perdagangan,40879059,6228852,Terdaftar,1
288217545,UD. Riyan Rejo,Kesehatan,26270096,9095447,Belum Terdaftar,0
288217546,UD. Icha Senja Hesti,Perdagangan,27224296,5287799,Belum Terdaftar,0
288217547,UD. Pio Agung,Pendidikan,10123202,5090432,Belum Terdaftar,0
288217548,UD. Ulya Kelana,Pendidikan,28611140,5142508,Belum Terdaftar,0
288217549,UD. Pipit Brata,Perdagangan,35788761,3881312,Belum Terdaftar,0
288217550,UD. Zidan Mahkota Yana,Perdagangan,37244625,,Belum Terdaftar,0
288217551,UD. Sari Suryaatmaja,Jasa,43943014,8330592,Terdaftar,1
288217552,UD. Jihan Mardika,Jasa,29394616,5696241,Terdaftar,1
288217553,UD. Omar Bratadikara,Kesehatan,48669548,4638452,Belum Terdaftar,0
288217554,UD. Livia Berkarya,Perdagangan,26171301,3920569,Belum Terdaftar,0
288217555,UD. Novi Kusuma,Kesehatan,5140876,3474027,Belum Terdaftar,0
288217556,UD. Fatiah Kayastha,Kesehatan,16474103,762719,Belum Terdaftar,0
288217557,UD. Panji Sundawa,Jasa,23973331,2490684,Terdaftar,1
288217558,UD. Qasya Jagadmaya,Perdagangan,6139629,4923390,Terdaftar,1
288217559,UD. Fahmi Nirmala,Jasa,34766245,5393330,Belum Terdaftar,0
288217560,UD. Hilmiyah Santosa,Pendidikan,27542940,9629601,Belum Terdaftar,0
288217561,UD. Aqila Prajurit,Pendidikan,14611180,9586399,,0
288217562,UD. Nisa Utama,Perdagangan,29274020,1867620,Belum Terdaftar,0
288217563,UD. Gisel Cendana,Kesehatan,18378060,3274033,Belum Terdaftar,0
288217564,UD. Jihan Bijaksana,unknown,14779385,5508176,Belum Terdaftar,0
288217565,UD. Gerry Radhitya,Kesehatan,24026435,5433497,Terdaftar,1
288217566,UD. Pandu Jagadmaya,Perdagangan,44977789,929766,Terdaftar,1
288217567,UD. Laila Gandewa,Kesehatan,8719054,3527343,Terdaftar,1
288217568,UD. Santi Wicaksana,Pendidikan,45845066,1312350,Belum Terdaftar,0
288217569,UD. Qisya Rejo,Kesehatan,19495765,9850370,Belum Terdaftar,0
288217570,UD. Ziva Wangi Jojo,Pendidikan,42299563,8156846,Belum Terdaftar,0
288217571,UD. Zidan Suryaatmaja,Pendidikan,42453043,5324895,Belum Terdaftar,0
288217572,UD. Wulan Resmi,Perdagangan,48749777,2156320,Terdaftar,1
288217573,UD. Panji Wetan Maudy,Kesehatan,27107569,7236983,Belum Terdaftar,0
288217574,UD. Wenda Wiratama,Pendidikan,23465993,6718760,Terdaftar,1
288217575,UD. Lidya Pramana,Kesehatan,31909124,5895243,Terdaftar,1
288217576,UD. Qyla Galang,Perdagangan,49981470,8194415,Belum Terdaftar,0
288217577,UD. Syifa Suci,Pendidikan,33449696,5725891,Belum Terdaftar,0
288217578,UD. Rafif Lingga,Pendidikan,35090679,1898976,Terdaftar,1
288217579,UD. Rian Utamaindah Tomi,Kesehatan,12379057,1774146,Terdaftar,1
288217580,UD. Kiki Kalbu,Kesehatan,48155509,1276145,Terdaftar,1
288217581,UD. Qira Tirta,Jasa,25847942,7010884,Terdaftar,1
288217582,UD. Gracia Raharja,Jasa,31202488,3298428,Terdaftar,1
288217583,UD. Jodi Hilir,Jasa,23499288,1343075,Terdaftar,1
288217584,UD. Ulil Merdeka,Kesehatan,44205012,632105,Terdaftar,1
288217585,UD. Pipit Pramudita,Jasa,38871201,6999342,Terdaftar,1
288217586,UD. Nando Suci,Kesehatan,10869782,,Belum Terdaftar,0
288217587,UD. Sekar Sidarta,Perdagangan,25611802,7997250,Terdaftar,1
288217588,UD. Hanafi Padi,Kesehatan,48893260,2513812,Terdaftar,1
288217589,UD. Sekar Pelangi,Perdagangan,18180428,9679611,Belum Terdaftar,0
288217590,UD. Chika Sakti,Kesehatan,49847704,,Terdaftar,1
288217591,UD. Cici Madya,Perdagangan,29239401,1857859,Belum Terdaftar,0
288217592,UD. Citra Prana,Pendidikan,47230624,6591857,Belum Terdaftar,0
288217593,UD. Rizki Warna,Pendidikan,20571664,6049555,Terdaftar,1
288217594,UD. Hendra Kawiswara Ilmi,Perdagangan,27756497,7498704,Terdaftar,1
288217595,UD. Tono Maju Arman,Perdagangan,23590191,1592785,Belum Terdaftar,0
288217596,UD. Candra Gita,Perdagangan,21769489,6744406,Belum Terdaftar,0
288217597,UD. Qayla Kusen,Pendidikan,47069556,7291561,Belum Terdaftar,0
288217598,UD. Dito Trisaktiatma,Perdagangan,38080496,9739746,Belum Terdaftar,0
288217599,UD. Farhan Mandala,Perdagangan,16855695,5856460,Belum Terdaftar,0
288217600,UD. Fira Sehat,Pendidikan,8712794,7353913,Terdaftar,1
288217601,UD. Obed Wicaksana,Jasa,24477449,3233642,Terdaftar,1
288217602,UD. Gilangga Wiratama Desta,Pendidikan,49435735,2153261,Terdaftar,1
288217603,UD. Barokah Cerah,Perdagangan,19864123,2979564,Terdaftar,1
288217604,UD. Yuli Jayawarsa,Kesehatan,26963159,2213740,Belum Terdaftar,0
288217605,UD. Sari Wening,Kesehatan,8317824,5770529,Terdaftar,1
288217606,UD. Umar Wangi,Jasa,39958239,2458479,Terdaftar,1
288217607,UD. Indah Pancasila,Pendidikan,11252872,7585336,Terdaftar,1
288217608,UD. Qayla Kusumajati,Perdagangan,18898884,1075458,Belum Terdaftar,0
288217609,UD. Berlian Manggala,Perdagangan,39951829,1154342,Belum Terdaftar,0
288217610,UD. Rafa Suci,Kesehatan,31761495,4272158,Terdaftar,1
288217611,UD. Inten Jayawarsa Rangga,Perdagangan,2426461,7166040,Terdaftar,1
288217612,UD. Uci Anggara Citra,Kesehatan,19969739,,Terdaftar,1
288217613,UD. Elen Sumringah Mega,Jasa,13025295,8544021,Belum Terdaftar,0
288217614,UD. Lando Lintang,Perdagangan,28090291,5537776,Belum Terdaftar,0
288217615,UD. Leni Widuri,Perdagangan,3951819,8204991,Terdaftar,1
288217616,UD. Khalid Mandala Tiara,,20960852,948115,Belum Terdaftar,0
288217617,UD. Echa Jagad Farhan,Kesehatan,,5865191,Terdaftar,1
288217618,UD. Verdi Pamungkas,Pendidikan,11915162,2025246,Belum Terdaftar,0
288217619,UD. Jaya Sidarta,Jasa,4800617,6215045,Belum Terdaftar,0
288217620,UD. Marwan Kinarya,Kesehatan,17518218,4548194,Terdaftar,1
288217621,UD. Ovan Kusuma,Pendidikan,44461608,2265584,Belum Terdaftar,0
288217622,UD. Marsel Senopati,Kesehatan,34860576,1118458,Terdaftar,1
288217623,UD. Zahira Suryaputra,Jasa,2959650,7110617,Belum Terdaftar,0
288217624,UD. Nando Kencana,Kesehatan,32523673,2079496,Belum Terdaftar,0
288217625,UD. Heri Arsana,Jasa,46400503,9903602,Terdaftar,1
288217626,UD. Marsel Kusen,Jasa,19756343,5344827,Terdaftar,1
288217627,UD. Lukita Wetan,Kesehatan,6352943,9508925,Belum Terdaftar,0
288217628,UD. Jasmine Abdi,Pendidikan,12481524,2857953,Belum Terdaftar,0
288217629,UD. Anang Sundawa,Perdagangan,24936768,6405164,Belum Terdaftar,0
288217630,UD. Lana Sudarsana,Kesehatan,14630248,8159984,Terdaftar,1
288217631,UD. Grego Cempaka,Perdagangan,28742391,7920401,Terdaftar,1
288217632,UD. Kirana Jayeng,Pendidikan,43866719,5608817,Terdaftar,1
288217633,UD. Barokah Pagi,Jasa,41751124,8620225,Terdaftar,1
288217634,UD. Delia Madya,Perdagangan,6427665,9169169,Belum Terdaftar,0
288217635,UD. Pasha Ayodya,Kesehatan,19361479,9786207,Belum Terdaftar,0
288217636,UD. Wawan Luhur,Jasa,4388306,5840592,Terdaftar,1
288217637,UD. Nando Abadi,Jasa,26383225,3482430,Terdaftar,1
288217638,UD. Putri Trisudira,Pendidikan,26031572,3189190,Belum Terdaftar,0
288217639,UD. Wesly Tirtaatmaja,Perdagangan,26125430,980392,Terdaftar,1
288217640,UD. Made Gemilang,Kesehatan,48540196,6896146,Belum Terdaftar,0
288217641,UD. Nindy Wijaksana,Jasa,32733794,8807508,Terdaftar,1
288217642,UD. Yusuf Harapan,Pendidikan,43455090,2228703,Terdaftar,1
288217643,UD. Tomi Nirwasita,Pendidikan,2641300,3329665,Terdaftar,1
288217644,UD. Novi Paseban,Jasa,45074690,8122494,Terdaftar,1
288217645,UD. Kamil Kinarya,Pendidikan,49235165,1141332,Terdaftar,1
288217646,UD. Ciko Kinarya,Perdagangan,33932202,8470729,Terdaftar,1
288217647,UD. Kirana Bahari Pipit,Kesehatan,1259678,941115,Belum Terdaftar,0
288217648,UD. Khalid Ratu,Pendidikan,26234733,9770394,Belum Terdaftar,0
288217649,UD. Habib Darma,Kesehatan,21862633,907927,Belum Terdaftar,0
288217650,UD. Gadis Senja,Perdagangan,30220028,2125355,Terdaftar,1
unknown,UD. Ida Gandewa Harun,Kesehatan,12416707,5478953,Terdaftar,1
288217652,UD. Tomi Kamajaya,Perdagangan,48346494,4738412,Belum Terdaftar,0
288217653,UD. Zaki Resaputra,Pendidikan,10696119,719471,Terdaftar,1
288217654,UD. Koko Brata,Perdagangan,35213423,9531470,Belum Terdaftar,0
288217655,UD. Omar Mandiri,Kesehatan,21593885,9189559,Terdaftar,1
288217656,UD. Febri Mandiri,Pendidikan,27756983,8909777,Terdaftar,1
288217657,UD. Pasha Mayang,Pendidikan,17318618,5692069,Belum Terdaftar,0
288217658,UD. Marsel Santosa,Kesehatan,18859570,9137966,Terdaftar,1
288217659,UD. Salwa Sudharmo,Jasa,28619309,4012712,Terdaftar,1
288217660,UD. Fatimah Gatra Maudy,Kesehatan,14993692,2911619,Terdaftar,1
288217661,UD. Maudy Jati,Kesehatan,32066548,6407557,Terdaftar,1
288217662,UD. Abdi Radhitya,Perdagangan,32610462,8446919,Terdaftar,1
288217663,UD. Intan Surapati,Pendidikan,26249713,3892417,Terdaftar,1
288217664,UD. Ilmi Tejakencana,Perdagangan,36481288,7327079,Belum Terdaftar,0
288217665,UD. Lana Jatinagara,Perdagangan,47688892,8072813,Terdaftar,1
288217666,UD. Iqbal Citra,Kesehatan,7512430,1628426,Belum Terdaftar,0
288217667,UD. Dina Pancasila,Pendidikan,28251479,4902771,Terdaftar,1
288217668,UD. Raka Dwijaputra,Jasa,39925835,606006,Belum Terdaftar,0
288217669,UD. Gadis Setia,Kesehatan,16344636,1652767,Belum Terdaftar,0
288217670,UD. Diva Tunggul,Perdagangan,41254673,8903684,Terdaftar,1
288217671,UD. Laras Sukarela,Jasa,21362238,1098806,Terdaftar,1
288217672,UD. Wira Brata,Jasa,17708600,9061985,Terdaftar,1
288217673,UD. Hendra Gatra,Perdagangan,34904425,2148484,Terdaftar,1
288217674,UD. Fauzan Utamajaya,Pendidikan,21938440,5031404,,0
288217675,UD. Binar Radhitya,Pendidikan,37677399,5780943,Belum Terdaftar,0
288217676,UD. Ghani Widuri,Jasa,34578757,3699163,Belum Terdaftar,0
288217677,UD. Lono Prima,Kesehatan,3465092,2417925,Belum Terdaftar,0
288217678,UD. Bulan Luhur,Pendidikan,10493493,1359539,Belum Terdaftar,0
288217679,UD. Dora Ananta,Pendidikan,11598910,6653964,Terdaftar,1
288217680,UD. Nara Naraya,Pendidikan,32978175,8523553,Belum Terdaftar,0
288217681,UD. Nayla Jati,Jasa,19059176,3358275,Terdaftar,1
288217682,UD. Erlangga Tejakencana,Perdagangan,17236096,1971791,Terdaftar,1
288217683,UD. Bayu Nawasena,Pendidikan,5742311,1452632,Belum Terdaftar,0
288217684,UD. Vino Harmoni Ulya,Kesehatan,23407063,4396648,Belum Terdaftar,0
288217685,UD. Qanita Pamungkas,Jasa,39264126,2038153,Belum Terdaftar,0
288217686,UD. Eren Wibawa,Pendidikan,44874818,4481988,Terdaftar,1
288217687,UD. Gani Suryaatmaja,Jasa,22230171,6332264,Terdaftar,1
288217688,UD. Uli Artha,Perdagangan,46925383,3689661,Terdaftar,1
288217689,UD. Andi Damai,Pendidikan,46643223,6993364,Belum Terdaftar,0
288217690,UD. Rendi Jayengpati Bagir,Kesehatan,1614793,8619428,Terdaftar,1
288217691,UD. Hendra Raharja,Kesehatan,19614997,5772611,Terdaftar,1
288217692,UD. Zaki Saprahan,Pendidikan,16061894,2474172,Belum Terdaftar,0
288217693,UD. Nisa Pramana,Kesehatan,16174104,1269750,Terdaftar,1
288217694,UD. Lukita Tirtayasa,Pendidikan,3912756,9810173,Terdaftar,1
288217695,UD. Vega Cendana,Perdagangan,46649278,9421736,Terdaftar,1
288217696,UD. Zulkarnaen Jati,Kesehatan,39332327,2330000,Terdaftar,1
288217697,UD. Qila Sari,Pendidikan,35805212,3303529,Terdaftar,1
288217698,UD. Livia Sahaja,Jasa,32485510,8078832,Belum Terdaftar,0
288217699,UD. Nando Pamungkas,Perdagangan,1782411,5451868,Terdaftar,1
288217700,UD. Ujang Jayeng,Pendidikan,44154725,5893724,Belum Terdaftar,0
288217701,UD. Hanafi Adiwarna,Jasa,29555475,7628773,Terdaftar,1
288217702,UD. Sinta Nirbayu,Jasa,45815072,5372209,Belum Terdaftar,0
288217703,UD. Echa Naraya,Kesehatan,2135732,6530151,Belum Terdaftar,0
288217704,UD. Rafa Haji,Perdagangan,48988965,1827035,Belum Terdaftar,0
288217705,UD. Jojo Makmur,Jasa,29855461,9426678,Belum Terdaftar,0
288217706,UD. Tomi Anindita Dewi,Kesehatan,46322625,8819779,Terdaftar,1
288217707,UD. Maudy Trisula,Perdagangan,20010661,1078285,Terdaftar,1
288217708,UD. Dina Jayawarsa,,47697938,6253392,Terdaftar,1
288217709,UD. Qomar Kawiswara,Kesehatan,34456295,5579537,Terdaftar,1
288217710,UD. Lukita Hastinapura,Jasa,20586895,9008461,Terdaftar,1
288217711,UD. Rangga Prima,Perdagangan,3885396,4532634,Belum Terdaftar,0
288217712,UD. Adinda Kinarya,Perdagangan,11733712,5814910,Terdaftar,1
288217713,UD. Heri Manggala,Pendidikan,46633172,2364805,Terdaftar,1
288217714,UD. Bela Tirtaatmaja,Perdagangan,11315303,9060126,Belum Terdaftar,0
288217715,UD. Zaki Jagadmaya,Jasa,6274143,670058,Belum Terdaftar,0
288217716,UD. Viona Bratadikara Indira,Perdagangan,46461067,3461296,Belum Terdaftar,0
288217717,UD. Halim Jati,Perdagangan,4630588,9847403,Terdaftar,1
288217718,UD. Elok Tri Delia,Perdagangan,29977209,4853412,Terdaftar,1
288217719,UD. Qanitah Bijaksana,Perdagangan,48660566,8392001,Terdaftar,1
288217720,UD. Qory Nusa Nina,Perdagangan,45248308,1839098,Belum Terdaftar,0
288217721,UD. Zainab Widjaja,Pendidikan,45019791,8400176,Belum Terdaftar,0
288217722,UD. Vincent Cendana Zahra,Kesehatan,42359597,5973094,Belum Terdaftar,0
288217723,UD. Dora Panuluh,Pendidikan,49194778,2187548,Terdaftar,1
288217724,UD. Aldo Adikara,Perdagangan,13817511,5422466,Belum Terdaftar,0
288217725,UD. Teguh Sidarta,Jasa,9693326,1960259,Belum Terdaftar,0
288217726,UD. Desta Bersemi,Perdagangan,4016967,4461381,Belum Terdaftar,0
288217727,UD. Qisha Pamungkas,Jasa,29671958,6348027,Terdaftar,1
288217728,UD. Khayla Karya,Pendidikan,42565693,5906334,Belum Terdaftar,0
288217729,UD. Pandu Jayengpati,Pendidikan,32462193,5492955,Terdaftar,1
288217730,UD. Hilmiyah Jayabaya,Pendidikan,23832122,9078880,Terdaftar,1
288217731,UD. Qori Pancasila,Perdagangan,21426205,3570164,Belum Terdaftar,0
288217732,UD. Desi Cahaya,Perdagangan,19054454,8075523,Terdaftar,1
288217733,UD. Gisel Setia,Jasa,14726324,2009406,Belum Terdaftar,0
288217734,UD. Tariq Sulaksana,Perdagangan,8748246,8228167,Terdaftar,1
288217735,UD. Jordi Suryaatmaja,Pendidikan,22091705,656798,Terdaftar,1
288217736,UD. Dora Setia,Jasa,41233704,7065193,Belum Terdaftar,0
288217737,UD. Lukita Swargaloka Grego,Kesehatan,29107248,9944699,Belum Terdaftar,0
288217738,UD. Qisha Luhur,Pendidikan,6897704,9409051,Belum Terdaftar,0
288217739,UD. Prananda Tejakencana,Jasa,15048949,4435411,Belum Terdaftar,0
288217740,UD. Diyan Wiratama,Kesehatan,32223603,1121269,Belum Terdaftar,0
288217741,UD. Lintang Nirbayu Gani,Jasa,34778878,9762550,Belum Terdaftar,0
288217742,UD. Miko Gandewa,Kesehatan,6866306,9034642,Terdaftar,1
288217743,UD. Gerry Nirbayu,Pendidikan,35962445,7191914,Belum Terdaftar,0
288217744,UD. Heri Sasmita,Pendidikan,12305473,7807908,Terdaftar,1
288217745,UD. Widi Mandala,Pendidikan,25406456,8634281,Terdaftar,1
288217746,UD. Eka Saprahan Fikri,Perdagangan,27865119,5717871,Belum Terdaftar,0
288217747,UD. Indira Cerah,Perdagangan,7892924,3371625,Terdaftar,1
288217748,UD. Pandu Trijaya,Perdagangan,19996178,7453014,Belum Terdaftar,0
288217749,UD. Wawan Mahendra,Jasa,28192649,1708468,Terdaftar,1
288217750,UD. Desi Mandala,Kesehatan,3103167,5280835,Terdaftar,1
288217751,UD. Berlian Arsana,Pendidikan,15776941,5456064,Terdaftar,1
288217752,UD. Ismail Kusumatmaja,Kesehatan,22841953,2639792,Terdaftar,1
288217753,UD. Ina Sukma,Kesehatan,26333273,5772844,Terdaftar,1
288217754,UD. Celsi Kalbu Satria,Kesehatan,36631000,979277,Belum Terdaftar,0
288217755,UD. Karim Wetan,Perdagangan,29924220,5691719,Belum Terdaftar,0
288217756,UD. Yaniar Binasena,Pendidikan,48273027,6379531,Terdaftar,1
288217757,UD. Dora Tirtaatmaja,Perdagangan,24906490,6680041,Belum Terdaftar,0
288217758,UD. Anis Bahari,Jasa,40123986,3120856,Terdaftar,1
288217759,UD. Alif Sidarta,Jasa,36171841,1484869,Terdaftar,1
288217760,UD. Iqbal Atma,Kesehatan,11799022,9445456,Belum Terdaftar,0
288217761,UD. Iqra Kusen,Perdagangan,11820657,2635927,Belum Terdaftar,0
288217762,UD. Iqra Wirajaya,Jasa,4597621,3410259,Belum Terdaftar,0
288217763,UD. Wawan Utamaindah,Perdagangan,20237414,6193343,Belum Terdaftar,0
288217764,UD. Berlian Jatiwangi,Jasa,31486734,8535904,Terdaftar,1
288217765,UD. Heri Maju,Pendidikan,26669197,9810807,Belum Terdaftar,0
288217766,UD. Rendi Wisesa Nando,Perdagangan,7212262,5557749,Belum Terdaftar,0
288217767,UD. Mario Trijaya,Perdagangan,8141366,1004437,Terdaftar,1
288217768,UD. Qira Malam,Perdagangan,38080479,5570249,Belum Terdaftar,0
288217769,UD. Elok Wiyata,Perdagangan,33535592,6332075,Terdaftar,1
288217770,UD. Indira Lingga Mario,Kesehatan,17417239,7363441,Belum Terdaftar,0
288217771,UD. Yayan Wening,Kesehatan,44949803,4640509,Belum Terdaftar,0
288217772,UD. Salwa Winata,Perdagangan,15984632,5625571,Belum Terdaftar,0
288217773,UD. Citra Sehat,Jasa,2144308,9513698,Terdaftar,1
288217774,UD. Esa Panuluh Rafi,Perdagangan,23235170,6512673,Terdaftar,1
288217775,UD. Alya Wening,Pendidikan,11506458,5866779,Belum Terdaftar,0
288217776,UD. Putri Prabawa,Kesehatan,43333666,9880675,Terdaftar,1
288217777,UD. Winda Utamaindah,Perdagangan,5480423,6961251,Belum Terdaftar,0
288217778,UD. Nadia Siang,Jasa,41077122,8777321,Terdaftar,1
288217779,UD. Umi Tejakusuma,Pendidikan,15623655,6705277,Belum Terdaftar,0
288217780,UD. Niken Wicaksana,Jasa,12418050,3176373,Belum Terdaftar,0
288217781,UD. Miko Manunggal Yana,Perdagangan,39308634,3475899,Terdaftar,1
288217782,UD. Fira Jati,Jasa,38465231,6085564,Terdaftar,1
288217783,UD. Pasha Sasmita,Perdagangan,31815495,9519823,Terdaftar,1
288217784,UD. Jojo Wijaksana,Jasa,24112771,7182916,Belum Terdaftar,0
288217785,UD. Ilham Madya,Pendidikan,46282507,1838347,Terdaftar,1
288217786,UD. Hanafi Pramudita,Perdagangan,37771177,6880044,Terdaftar,1
288217787,UD. Zulkarnaen Wiraatmaja,Kesehatan,41966884,3343205,Belum Terdaftar,0
288217788,UD. Habib Sasmita,Perdagangan,28816657,3288572,Belum Terdaftar,0
288217789,UD. Indah Mulyo Halim,Perdagangan,14068916,4809570,Terdaftar,1
288217790,UD. Alya Asri,Pendidikan,29167109,7267362,Belum Terdaftar,0
288217791,UD. Qanita Sumringah,Perdagangan,42983849,4507753,Belum Terdaftar,0
288217792,UD. Winda Ranggalawe,Pendidikan,34249542,5330778,Terdaftar,1
288217793,UD. Vito Ayodya Tiara,Kesehatan,19135157,1022542,Belum Terdaftar,0
288217794,UD. Yusuf Sidarta,Kesehatan,38757280,7954450,Belum Terdaftar,0
288217795,UD. Balqis Kusumatmaja,Kesehatan,22996744,6432929,Terdaftar,1
288217796,UD. Ojan Nirwasita Irma,Kesehatan,26523239,868316,Belum Terdaftar,0
288217797,UD. Halim Agung,Kesehatan,11595449,9691478,Terdaftar,1
288217798,UD. Cinta Jatinagara,Pendidikan,27066093,5305648,Belum Terdaftar,0
288217799,UD. Ulfa Putri,Pendidikan,10064609,5090709,Terdaftar,1
288217800,UD. Kevin Adikara,Pendidikan,13919116,1691806,Belum Terdaftar,0
288217801,UD. Melati Swargaloka,Jasa,48470603,768795,Belum Terdaftar,0
288217802,UD. Thariq Wirawati,Pendidikan,20997943,5477898,Belum Terdaftar,0
288217803,UD. Kiki Madya Owen,Perdagangan,48093226,2955785,Belum Terdaftar,0
288217804,UD. Zara Sakti Ilham,Jasa,33308627,3931141,Terdaftar,1
288217805,UD. Dewi Selaras,Perdagangan,47143680,5635044,Terdaftar,1
288217806,UD. Gani Asih,Perdagangan,41892338,6981191,Belum Terdaftar,0
288217807,UD. Khalid Sukarela,Kesehatan,49374190,3922084,Terdaftar,1
288217808,UD. Fatimah Prana,Kesehatan,10921011,8510016,Terdaftar,1
288217809,UD. Binar Sudarsana Umi,Jasa,19449727,9572409,Terdaftar,1
288217810,UD. Udin Sulaksana,Perdagangan,25060753,3212858,Terdaftar,1
288217811,UD. Budi Sari,Kesehatan,28138434,4414541,Terdaftar,1
288217812,UD. Erni Baskara,Perdagangan,35434914,1436740,Terdaftar,1
288217813,UD. Eddy Suryaputra,Perdagangan,26734105,4458566,Terdaftar,1
288217814,UD. Jibril Luhur,Kesehatan,8119016,6766734,Terdaftar,1
288217815,UD. Delia Wiraatmaja,Jasa,32186275,4386478,Belum Terdaftar,0
288217816,UD. Qasya Bagaskara Febri,Kesehatan,31541852,3203902,Terdaftar,1
288217817,UD. Putri Baruna Umar,Pendidikan,36567778,7716603,Terdaftar,1
288217818,UD. Qila Wira,Perdagangan,27325237,6540936,Belum Terdaftar,0
288217819,UD. Jasmine Atma Lea,Perdagangan,7753076,2671430,Terdaftar,1
288217820,UD. Koko Alam,Kesehatan,48857262,7008908,Belum Terdaftar,0
288217821,UD. Nara Taruna Mila,Perdagangan,15606453,9330080,Belum Terdaftar,0
288217822,UD. Sari Wijapranata,Kesehatan,45383837,4577702,Belum Terdaftar,0
288217823,UD. Adinda Damai,Kesehatan,42668109,823577,Terdaftar,1
288217824,UD. Bella Bima,Kesehatan,37347228,7337190,Terdaftar,1
288217825,UD. Elyas Bahari,Jasa,44257248,1884840,Belum Terdaftar,0
288217826,UD. Nadia Wiraatmaja Ari,Perdagangan,28142703,9088280,Terdaftar,1
288217827,UD. Hesti Winata,Pendidikan,4340187,6103563,Belum Terdaftar,0
288217828,UD. Vina Trijaya,Pendidikan,22205428,2717844,Belum Terdaftar,0
288217829,UD. Rafi Sangkala,Jasa,46226573,2666422,Belum Terdaftar,0
288217830,UD. Abdi Resaputra,Perdagangan,28096155,6047385,Belum Terdaftar,0
288217831,UD. Uli Gemilang,,41661425,4236485,Belum Terdaftar,0
288217832,UD. Anis Anggara,Pendidikan,36567383,6338737,Belum Terdaftar,0
288217833,UD. Kiki Bintang,Perdagangan,9713210,,Belum Terdaftar,0
288217834,UD. Sekar Sangkala,Pendidikan,8317024,6359245,Belum Terdaftar,0
288217835,UD. Tami Atma Binar,Kesehatan,23870954,8488440,Terdaftar,1
288217836,UD. Satria Paningrat,Pendidikan,33448106,4372115,Terdaftar,1
288217837,UD. Kurnia Gatra,Kesehatan,6308202,500605,Terdaftar,1
288217838,UD. Fanny Baskara,Pendidikan,7973093,3698321,Belum Terdaftar,0
288217839,UD. Heri Satria,Perdagangan,14320397,9457879,Belum Terdaftar,0
288217840,UD. Berlian Radhitya,Kesehatan,32700588,890616,Terdaftar,1
288217841,UD. Viona Harapan,Kesehatan,47516644,3350418,Terdaftar,1
288217842,UD. Nina Raharja,Kesehatan,35057312,9628643,Terdaftar,1
288217843,UD. Jafar Kamajaya,Perdagangan,22850701,6793458,Terdaftar,1
288217844,UD. Irma Satria,Jasa,36753381,5209087,Terdaftar,1
288217845,UD. Asep Bintang,Pendidikan,29079367,2755487,Terdaftar,1
288217846,UD. Cici Madusari,Jasa,12986261,6942827,Belum Terdaftar,0
288217847,UD. Priska Abdi,Pendidikan,41902813,9372675,Belum Terdaftar,0
288217848,UD. Mega Arsana,Jasa,31237205,5400165,Belum Terdaftar,0
288217849,UD. Okta Galang,Kesehatan,22498026,2115248,Terdaftar,1
288217850,UD. Vidi Sumirat,Kesehatan,48270043,5801901,Terdaftar,1
288217851,UD. Zera Pancasila,Kesehatan,22477189,4087265,Belum Terdaftar,0
288217852,UD. Uci Wirawati,Perdagangan,24263100,9036779,Terdaftar,1
288217853,UD. Qila Karang Suci,Perdagangan,43848204,4587928,Belum Terdaftar,0
288217854,UD. Sella Cahaya,,39795836,6236778,Belum Terdaftar,0
288217855,UD. Celsi Wisesa,Kesehatan,5344108,1200527,Terdaftar,1
288217856,UD. Farid Trisudira,Perdagangan,3039753,9939584,Terdaftar,1
288217857,UD. Inten Agung,Jasa,6545165,2290011,Belum Terdaftar,0
288217858,UD. Chika Abdi,Perdagangan,14737487,8545775,Terdaftar,1
288217859,UD. Juli Mahendra,Pendidikan,46335323,5067926,Terdaftar,1
288217860,UD. Karla Jayaningrat,unknown,31785676,1542306,Terdaftar,1
288217861,UD. Verdi Lestari Zara,Kesehatan,20838618,6736455,Belum Terdaftar,0
288217862,UD. Bagas Kencana,Pendidikan,13707955,2471070,Belum Terdaftar,0
288217863,UD. Qasya Tejakusuma,Jasa,8139885,9970316,Belum Terdaftar,0
288217864,UD. Vito Saputrautama,Jasa,14487906,7143087,Terdaftar,1
288217865,UD. Yayan Resaputra,Kesehatan,23606771,9097784,Terdaftar,1
288217866,UD. Qira Sulaksana,Jasa,26953061,7732210,Terdaftar,1
288217867,UD. Nara Tunggal,Jasa,40212233,6159196,Belum Terdaftar,0
288217868,UD. Jihan Jayabaya,Jasa,26466281,9712269,Terdaftar,1
288217869,UD. Deni Arsana,Jasa,10231482,708209,Terdaftar,1
288217870,UD. Rendi Prawira,Pendidikan,35321120,2990586,Belum Terdaftar,0
288217871,UD. Nayla Sangkala,Kesehatan,15809892,7773975,Belum Terdaftar,0
288217872,UD. Halim Hilir,Kesehatan,40964862,3262612,Terdaftar,1
288217873,UD. Khalid Tri,Jasa,34303476,5179304,Belum Terdaftar,0
288217874,UD. Opik Makmur Taufik,Jasa,38715743,2460165,Terdaftar,1
288217875,UD. Qory Tirtayasa,Jasa,21329813,6279540,Terdaftar,1
288217876,UD. Bagas Elok Qayla,Pendidikan,38036199,4729572,Terdaftar,1
288217877,UD. Qori Ayodya,Perdagangan,25617925,7261455,Belum Terdaftar,0
288217878,UD. Cipta Pramudita,Perdagangan,9488919,740669,Terdaftar,1
288217879,UD. Barokah Bima Lono,Jasa,46334094,633968,Terdaftar,1
288217880,UD. Eni Galang,Pendidikan,24521727,9554180,Belum Terdaftar,0
288217881,UD. Hesti Prabawa,Kesehatan,4962992,7462814,Terdaftar,1
288217882,UD. Abel Sudharmo,Perdagangan,43041069,8341300,Belum Terdaftar,0
288217883,UD. Abdi Jagadmaya Widya,Jasa,27664622,4121748,Terdaftar,1
288217884,UD. Cipta Raharja,Perdagangan,36847356,4032681,Belum Terdaftar,0
288217885,UD. Bela Brawijaya,Pendidikan,48483813,2288485,Belum Terdaftar,0
288217886,UD. Zahra Cerah,Perdagangan,15528906,7920651,Belum Terdaftar,0
288217887,UD. Utha Merdeka,Perdagangan,36734944,9892854,Terdaftar,1
288217888,UD. Cinta Pagi Kiki,Pendidikan,14866842,8096664,Belum Terdaftar,0
288217889,UD. Yudi Tri,Jasa,5035079,2617996,Belum Terdaftar,0
288217890,UD. Joko Suci,Perdagangan,21179948,2432429,Terdaftar,1
288217891,UD. Tari Utama,Kesehatan,32699059,6647027,Belum Terdaftar,0
288217892,UD. Xenia Hilir,Perdagangan,5122917,5811157,Belum Terdaftar,0
288217893,UD. Hilmiyah Swargaloka,Perdagangan,17290797,8953176,Terdaftar,1
288217894,UD. Tariq Anggrek,Pendidikan,8418834,2048990,Terdaftar,1
288217895,UD. Vidi Sundawa Pipit,Pendidikan,11227534,873077,Terdaftar,1
288217896,UD. Widya Kelana Poppy,Kesehatan,49519430,8819010,Belum Terdaftar,0
288217897,UD. Uti Mardika,Perdagangan,46484040,3262207,Belum Terdaftar,0
288217898,UD. Jafar Jatinagara,Pendidikan,3480905,2494265,Terdaftar,1
288217899,UD. Galang Harapan,Jasa,9803019,6762561,Terdaftar,1
288217900,UD. Wira Mandiri,Pendidikan,32710075,2987268,Terdaftar,1
288217901,UD. Elen Sehat Vita,Pendidikan,32052621,1718828,,0
288217902,UD. Vincent Manik,Jasa,29291842,9752046,Terdaftar,1
288217903,UD. Sani Wangi,Perdagangan,45865128,5203269,Belum Terdaftar,0
288217904,UD. Yuli Kencana,Perdagangan,28965083,2064866,Terdaftar,1
288217905,UD. Wira Utamaindah,Perdagangan,12579108,6648067,Belum Terdaftar,0
288217906,UD. Kinan Jatiwangi,Jasa,45894515,2974305,Terdaftar,1
288217907,UD. Yudi Kusumatmaja,Kesehatan,5610858,2265070,Belum Terdaftar,0
288217908,UD. Kanza Tejakencana Fatiah,Jasa,6545184,7120202,Belum Terdaftar,0
288217909,UD. Hesti Damai,Pendidikan,13403531,1843939,Belum Terdaftar,0
288217910,UD. Uchie Trisaktiatma Obed,Jasa,31570167,6758828,Terdaftar,1
288217911,UD. Farid Makmur,Pendidikan,45074324,7909039,Belum Terdaftar,0
288217912,UD. Nina Warna,Perdagangan,27419029,5665424,Belum Terdaftar,0
288217913,UD. Tegar Jagad Willy,Pendidikan,24377149,5590888,Terdaftar,1
288217914,UD. Uci Jatinagara,Pendidikan,16455826,2598943,Belum Terdaftar,0
288217915,UD. Umar Sudharmo,Jasa,22547816,3966137,Belum Terdaftar,0
288217916,UD. Khayla Suryaatmaja,Perdagangan,1734903,6666362,Terdaftar,1
288217917,UD. Marsel Suryaputra,Perdagangan,28467748,1280361,Belum Terdaftar,0
288217918,UD. Vina Prabawa,Perdagangan,37794265,644185,Belum Terdaftar,0
288217919,UD. Ulya Utama,Perdagangan,47850050,7950458,Terdaftar,1
288217920,UD. Wahyu Kusen,Kesehatan,2942169,7516242,Belum Terdaftar,0
288217921,UD. Qory Indah,Perdagangan,48643516,4119980,Terdaftar,1
288217922,UD. Qanita Hilir,Pendidikan,33274326,2171401,Terdaftar,1
288217923,UD. Rafif Madya,Kesehatan,30219193,9150934,Terdaftar,1
288217924,UD. Dito Bijaksana Ziva,Jasa,,7392253,Belum Terdaftar,0
288217925,UD. Deni Gatra,Jasa,39531467,3266085,Belum Terdaftar,0
288217926,UD. Zidan Sidarta,Perdagangan,18183696,1935908,Belum Terdaftar,0
288217927,UD. Agus Wicaksana,Perdagangan,44480387,9249481,Terdaftar,1
288217928,UD. Owen Harapan,Pendidikan,19667615,1256828,Terdaftar,1
288217929,UD. Bambang Damai,Jasa,47693964,4321649,Belum Terdaftar,0
288217930,UD. Vera Mahkota,Pendidikan,49265839,6234637,Belum Terdaftar,0
288217931,UD. Rian Asmaralaya,Pendidikan,6777243,6054317,Terdaftar,1
288217932,UD. Obed Wacana,Pendidikan,38528422,2251977,Terdaftar,1
288217933,UD. Qomar Lempung,Perdagangan,23577897,,Terdaftar,1
288217934,UD. Indah Maheswara,Kesehatan,3079779,7384522,Belum Terdaftar,0
288217935,UD. Gerry Wira,Jasa,28791434,4535655,Belum Terdaftar,0
288217936,UD. Haidar Manggala,Perdagangan,43302976,2746151,Belum Terdaftar,0
288217937,UD. Lina Selaras,Jasa,47775674,4441970,Belum Terdaftar,0
,UD. Yana Asih,Perdagangan,35426915,2244358,Terdaftar,1
288217939,UD. Sinta Bintang Veronika,Kesehatan,21869196,6837061,Terdaftar,1
288217940,UD. Dani Nawasena,Perdagangan,8249971,7875318,Belum Terdaftar,0
288217941,UD. Pardi Maju,Pendidikan,24135739,3415561,Terdaftar,1
288217942,UD. Halimah Satriya,Pendidikan,14743108,1122300,Belum Terdaftar,0
288217943,UD. Salsa Satria,,22663120,2221565,Belum Terdaftar,0
288217944,UD. Sinta Taruna,Kesehatan,43536043,773706,Belum Terdaftar,0
288217945,UD. Dora Mahkota,Pendidikan,12843903,4785777,Terdaftar,1
288217946,UD. Mario Gandewa,Kesehatan,13061449,3162196,Terdaftar,1
288217947,UD. Kamil Pelangi,Pendidikan,46346338,3938693,Terdaftar,1
288217948,UD. Syana Sahaja,Pendidikan,32556332,1370823,Terdaftar,1
288217949,UD. Priska Pagi,Kesehatan,39120761,532876,Belum Terdaftar,0
288217950,UD. Hana Baruna,Perdagangan,30909859,7904476,Terdaftar,1
288217951,UD. Utha Utamaindah,Kesehatan,16091606,3511528,Terdaftar,1
288217952,UD. Gerry Rejo Fajar,Pendidikan,12250987,7804314,Belum Terdaftar,0
288217953,UD. Jojo Jagadmaya,Perdagangan,30334951,4017495,Belum Terdaftar,0
288217954,UD. Aqila Pramana,Perdagangan,46944466,5789562,Terdaftar,1
288217955,UD. Marwan Segar,Perdagangan,22562787,9381424,Terdaftar,1
288217956,UD. Amir Prabawa,Pendidikan,28161114,2850218,Belum Terdaftar,0
288217957,UD. Riyan Cahyaningrat,Perdagangan,25600066,5461888,Terdaftar,1
288217958,UD. Sella Lempung,Perdagangan,,5049745,Belum Terdaftar,0
288217959,UD. Shinta Suryaputra Baim,Jasa,11902488,501227,Terdaftar,1
288217960,UD. Jordi Jagad,Jasa,48711729,6656148,Belum Terdaftar,0
288217961,UD. Mario Sasmita,Pendidikan,21804081,1310569,Terdaftar,1
288217962,UD. Rangga Satria Rian,Perdagangan,17791158,3105910,Belum Terdaftar,0
288217963,UD. Wenny Paseban,Perdagangan,13692037,7163841,Belum Terdaftar,0
288217964,UD. Qais Mulyo,Perdagangan,28443392,990905,Terdaftar,1
288217965,UD. Echa Wicaksana,Pendidikan,9258846,4081793,Terdaftar,1
288217966,UD. Elva Cerah,Pendidikan,11404266,4396462,Terdaftar,1
288217967,UD. Fikra Tirtaatmaja,Perdagangan,30550762,5358207,Belum Terdaftar,0
288217968,UD. Raka Bima,Perdagangan,45357663,5229634,,0
288217969,UD. Kanza Gemilang,Perdagangan,46222943,6099703,Belum Terdaftar,0
288217970,UD. Jasmine Haji Berlian,Kesehatan,16758980,8531188,Terdaftar,1
288217971,UD. Yusuf Anggrek,Perdagangan,35455433,4243999,Terdaftar,1
288217972,UD. Tami Abadi,Kesehatan,13281115,8366277,Belum Terdaftar,0
288217973,UD. Fadli Harmoni,Pendidikan,39698621,6550742,Terdaftar,1
288217974,UD. Yusuf Arya,Perdagangan,25226328,1379649,Terdaftar,1
288217975,UD. Wesly Ananta,Kesehatan,5745335,933152,Belum Terdaftar,0
288217976,UD. Viona Sejahtera,Pendidikan,35808116,1883303,Belum Terdaftar,0
288217977,UD. Hendra Mulyo Zulfa,Jasa,28663575,8460783,Belum Terdaftar,0
288217978,UD. Qamar Pancasila,Kesehatan,38983289,4490130,Terdaftar,1
288217979,UD. Gani Jatiwangi,Kesehatan,44261260,2883650,Belum Terdaftar,0
288217980,UD. Ulil Resaputra,Kesehatan,4375488,1510110,Terdaftar,1
288217981,UD. Ari Cendana,Perdagangan,10493479,6811056,Terdaftar,1
288217982,UD. Anisa Baskara,unknown,30625003,2239759,Terdaftar,1
288217983,UD. Oki Wijaya,Jasa,36256596,8678517,Belum Terdaftar,0
288217984,UD. Pandu Sangkala,Jasa,39821865,5830010,Terdaftar,1
288217985,UD. Bella Manunggal,Jasa,30280483,9693986,Belum Terdaftar,0
288217986,UD. Ulya Ranggalawe,Perdagangan,26604680,9441435,Terdaftar,1
288217987,UD. Lea Nirmala,Kesehatan,5381104,6361998,Terdaftar,1
288217988,UD. Balqis Adiwarna,Perdagangan,46596926,9169154,Terdaftar,1
288217989,UD. Zera Siang,Pendidikan,15116483,7227478,Terdaftar,1
288217990,UD. Marwan Pancasila,Kesehatan,25760046,5628556,Terdaftar,1
288217991,UD. Anis Cendana,Kesehatan,28045537,689862,Belum Terdaftar,0
288217992,UD. Gita Anindita,Pendidikan,8016035,8948455,Terdaftar,1
288217993,UD. Yasir Trisakti,Kesehatan,12512247,5478029,Terdaftar,1
288217994,UD. Guntur Wisesa,Jasa,39543017,869887,Belum Terdaftar,0
288217995,UD. Maudy Prana,Kesehatan,41277125,1051311,Belum Terdaftar,0
288217996,UD. Bela Purnama,Jasa,24416936,6162966,Terdaftar,1
288217997,UD. Omar Prima,Jasa,38230659,2335170,Belum Terdaftar,0
288217998,UD. Dani Asmaralaya,Jasa,45115057,9773801,Terdaftar,1
288217999,UD. Lono Pelangi,Perdagangan,13517772,6284659,Terdaftar,1
288218000,UD. Laras Swargaloka,Jasa,27597811,6396803,Belum Terdaftar,0
288218001,UD. Wesly Cinta,Pendidikan,23013687,2674622,Terdaftar,1
288218002,UD. Zidan Jatinagara Bagir,Jasa,18547479,8283366,Terdaftar,1
288218003,UD. Willy Tirtayasa,Perdagangan,49503413,3168314,Belum Terdaftar,0
288218004,UD. Galang Malam Vega,Kesehatan,42867388,3056897,Belum Terdaftar,0
288218005,UD. Heri Purnama,Perdagangan,17340730,2048242,Terdaftar,1
288218006,UD. Febri Baskara,Perdagangan,32426441,6067486,Terdaftar,1
288218007,UD. Hanafi Sanjaya,Pendidikan,17450874,2851975,Terdaftar,1
288218008,UD. Eddy Adikara,Jasa,36624809,6653323,Terdaftar,1
288218009,UD. Barokah Trisaktiatma,Kesehatan,20320709,5103321,Terdaftar,1
288218010,UD. Ony Damai,Pendidikan,25771710,5445707,Terdaftar,1
288218011,UD. Zidan Agung,Jasa,31311529,5277715,Terdaftar,1
288218012,UD. Fanny Citra,Kesehatan,11805809,2713237,Belum Terdaftar,0
288218013,UD. Krisna Jayengpati,Pendidikan,40159820,6948393,Terdaftar,1
288218014,UD. Chiko Hastinapura Alif,Perdagangan,27464719,1047646,,0
288218015,UD. Prananda Gatra,Perdagangan,37204892,9829849,Terdaftar,1
288218016,UD. Obed Kusuma,Perdagangan,24996131,1372781,Terdaftar,1
288218017,UD. Maudy Anggrek,Pendidikan,42671385,5583116,Belum Terdaftar,0
288218018,UD. Aqila Kawiswara,Pendidikan,19715801,4402681,Belum Terdaftar,0
288218019,UD. Prita Mayang,Perdagangan,4553326,7258232,Terdaftar,1
288218020,UD. Qasya Mahkota,Perdagangan,11151422,3365676,Terdaftar,1
288218021,UD. Arman Sentosa,Pendidikan,44089542,4743841,Terdaftar,1
288218022,UD. Xenia Cinta,Pendidikan,47029249,4779655,Belum Terdaftar,0
288218023,UD. Yola Merdeka,Kesehatan,31927528,7668435,Terdaftar,1
288218024,UD. Oki Tengah,Kesehatan,19348680,4408584,Belum Terdaftar,0
288218025,UD. Viera Tengah,Kesehatan,5315237,8423035,Belum Terdaftar,0
288218026,UD. Khalid Wicaksana,Jasa,15572097,2164136,Terdaftar,1
288218027,UD. Ciko Manik,Pendidikan,26804748,5757663,Belum Terdaftar,0
288218028,UD. Rian Ratu,Jasa,7209186,9715234,Belum Terdaftar,0
288218029,UD. Eddy Arya Vera,Jasa,9777094,3575012,Terdaftar,1
288218030,UD. Alif Sanjaya Abdi,Perdagangan,18391871,8675907,Belum Terdaftar,0
288218031,UD. Amir Tirtayasa,Jasa,43025693,9028964,Belum Terdaftar,0
288218032,UD. Lana Darma,Perdagangan,9069230,7204909,Belum Terdaftar,0
288218033,UD. Tariq Mahkota,Kesehatan,32897062,3112974,Terdaftar,1
288218034,UD. Hanaura Mahendra,Perdagangan,25390721,8124258,Terdaftar,1
288218035,UD. Indira Prana,Pendidikan,2133957,9999760,Belum Terdaftar,0
288218036,UD. Citra Purnama Made,Kesehatan,5204098,,Belum Terdaftar,0
288218037,UD. Nisa Sasmita Iqbal,Pendidikan,22546877,5942797,Belum Terdaftar,0
288218038,UD. Bulan Wetan,Jasa,2120317,3609971,Terdaftar,1
288218039,UD. Zainab Gita Zulfa,Perdagangan,17359910,3020394,Belum Terdaftar,0
288218040,UD. Oniel Darussalam,Pendidikan,44162061,2039438,Belum Terdaftar,0
288218041,UD. Eni Tirta,Perdagangan,13863949,3905387,Belum Terdaftar,0
288218042,UD. Harun Sasmita,Pendidikan,45635854,4650947,Belum Terdaftar,0
288218043,UD. Tama Brata Laras,Pendidikan,26035117,6906344,Belum Terdaftar,0
288218044,UD. Lukita Agung,Jasa,49746072,3267733,Belum Terdaftar,0
288218045,UD. Marsya Wijaya,Jasa,40409445,6786845,Belum Terdaftar,0
288218046,UD. Gerry Dewangga,Jasa,8375461,8233724,Belum Terdaftar,0
288218047,UD. Lea Suryaatmaja,Jasa,45034862,3246943,Terdaftar,1
288218048,UD. Iman Kencana,Perdagangan,38126353,5139569,Belum Terdaftar,0
288218049,UD. Eni Nawasena,Perdagangan,28513836,3540235,Belum Terdaftar,0
288218050,UD. Yuli Wacana Priska,Pendidikan,,9235263,Belum Terdaftar,0
288218051,UD. Fahmi Wirajaya,Jasa,5660013,6650541,Belum Terdaftar,0
288218052,UD. Obed Utama,Pendidikan,30081169,9228547,Belum Terdaftar,0
288218053,UD. Vidi Gandewa,Perdagangan,32150150,1393558,Terdaftar,1
288218054,UD. Raka Gandewa,Jasa,2059015,4121865,Terdaftar,1
,UD. Arman Suryaputra Adinda,Jasa,31587025,9996183,Terdaftar,1
288218056,UD. Anis Resaputra,Pendidikan,39825926,8643927,Terdaftar,1
288218057,UD. Yayan Bahari Bayu,Perdagangan,26981737,3700246,Terdaftar,1
288218058,UD. Miko Pusaka,Jasa,23650821,5917216,Belum Terdaftar,0
288218059,UD. Jaya Anindita,Kesehatan,13993965,3021219,Terdaftar,1
288218060,UD. Baim Trisaktiatma,Perdagangan,47770893,3582848,Terdaftar,1
288218061,UD. Zainab Wetan,Perdagangan,15856463,3057415,Belum Terdaftar,0
288218062,UD. Riko Cendana,Jasa,37041361,9733926,Terdaftar,1
288218063,UD. Tami Taruna,Pendidikan,35373094,8116767,Terdaftar,1
288218064,UD. Santi Sasmita,Jasa,17953424,8017694,Belum Terdaftar,0
288218065,UD. Chintya Nawasena Widya,Jasa,19817846,8078505,Terdaftar,1
288218066,UD. Alya Baruna,Kesehatan,17138569,8303467,Belum Terdaftar,0
288218067,UD. Dewi Jati,Jasa,23292503,5536384,Belum Terdaftar,0
288218068,UD. Elen Dwijaputra,Jasa,34405208,9251585,Belum Terdaftar,0
288218069,UD. Joko Sukarela Krisna,Jasa,19608586,6571413,Belum Terdaftar,0
288218070,UD. Rosa Dwijaputra,Jasa,31024312,3625430,Terdaftar,1
288218071,UD. Iman Prabawa,Kesehatan,41908993,5652914,Terdaftar,1
288218072,UD. Zidanar Praja,Jasa,17735749,6989943,Belum Terdaftar,0
288218073,UD. Ayesha Sumringah,Perdagangan,12314854,8804927,Belum Terdaftar,0
288218074,UD. Ismail Trisakti,Kesehatan,13321162,6159343,Belum Terdaftar,0
288218075,UD. Pandu Persada Nando,Pendidikan,27424205,711221,Terdaftar,1
unknown,UD. Vera Kinarya Pandu,Jasa,34300257,7935256,Terdaftar,1
288218077,UD. Rendi Trisakti,Perdagangan,34416691,6916626,Terdaftar,1
288218078,UD. Andi Manunggal Jibril,Perdagangan,5449394,7382203,Belum Terdaftar,0
288218079,UD. Uchie Adhi,Jasa,34943453,4897173,Terdaftar,1
288218080,UD. Tariq Agastya,Perdagangan,3713674,8367694,Belum Terdaftar,0
,UD. Omar Makmur,Kesehatan,40676691,4530288,Belum Terdaftar,0
288218082,UD. Habib Adhi,Perdagangan,22875995,6432131,Terdaftar,1
288218083,UD. Gracia Brata,Perdagangan,1507831,4286485,Terdaftar,1
288218084,UD. Zulkarnaen Nirwasita,Perdagangan,2671984,2037193,Belum Terdaftar,0
288218085,UD. Irma Indah Sella,Jasa,27742806,1734835,Terdaftar,1
288218086,UD. Udin Buana,Jasa,30982026,4466441,Terdaftar,1
288218087,UD. Diva Nirwasita,Perdagangan,37880831,1644521,Belum Terdaftar,0
288218088,UD. Zaki Citra,Pendidikan,48756732,5430047,Belum Terdaftar,0
288218089,UD. Yolanda Kencana,Jasa,24962671,3039702,Terdaftar,1
288218090,UD. Qyla Pusaka,Jasa,17760117,1889059,,0
288218091,UD. Ziva Baruna,Kesehatan,42225754,9722313,Belum Terdaftar,0
288218092,UD. Dewi Bahagia,Kesehatan,24300657,1426175,Terdaftar,1
288218093,UD. Gerry Prima,Jasa,11688200,811629,Terdaftar,1
288218094,UD. Wulan Panji,Pendidikan,43832508,5987653,Terdaftar,1
288218095,UD. Ony Wiratama Hana,Kesehatan,3756986,8888272,Terdaftar,1
288218096,UD. Wahyu Baskara Fikri,Kesehatan,19587349,871968,Belum Terdaftar,0
288218097,UD. Carissa Wetan,Perdagangan,27966620,1581453,Belum Terdaftar,0
288218098,UD. Mario Dharma,Perdagangan,45972224,,Belum Terdaftar,0
288218099,UD. Rian Satriya,Jasa,35192802,8907317,Terdaftar,1
288218100,UD. Salsa Saprahan,Jasa,49216334,3330901,Belum Terdaftar,0
288218101,UD. Kiki Widhi,Jasa,20611591,7468236,Terdaftar,1
288218102,UD. Vino Gunawan Halim,Perdagangan,47358861,7152172,Belum Terdaftar,0
288218103,UD. Jordi Panji Fikri,Perdagangan,25263800,3165936,Belum Terdaftar,0
288218104,UD. Eka Sumirat,Kesehatan,44384360,2918553,Belum Terdaftar,0
288218105,UD. Gisel Brata Nadia,Jasa,31223558,2292017,Terdaftar,1
288218106,UD. Candra Tejakusuma,Kesehatan,9437162,2094448,Belum Terdaftar,0
288218107,UD. Vera Indah,Pendidikan,23109574,712016,Terdaftar,1
288218108,UD. Zainab Sudarsana,Pendidikan,3621241,9754543,Belum Terdaftar,0
288218109,UD. Bagas Lempung,Jasa,35418809,3584748,Terdaftar,1
288218110,UD. Ghani Ceria,Jasa,7021727,3815184,Belum Terdaftar,0
288218111,UD. Diva Pusaka Yaniar,Pendidikan,31448615,3126411,Belum Terdaftar,0
288218112,UD. Dina Tri,Pendidikan,27322681,2074978,Terdaftar,1
288218113,UD. Qayla Setia,Jasa,19167033,3634646,Terdaftar,1
288218114,UD. Chintya Merdeka,Perdagangan,28128673,9616894,Terdaftar,1
288218115,UD. Uli Saputrautama,Kesehatan,31222597,6823909,Terdaftar,1
288218116,UD. Ghani Kinarya,Jasa,20788308,9194377,Terdaftar,1
288218117,UD. Yusuf Karya,Kesehatan,44855066,987984,Belum Terdaftar,0
288218118,UD. Hilmi Sarwono,Perdagangan,23392155,1047323,Terdaftar,1
288218119,UD. Hasna Tirtaatmaja,Perdagangan,41636102,4401818,Belum Terdaftar,0
288218120,UD. Berlian Raharja,Jasa,34849112,5653718,Terdaftar,1
288218121,UD. Reza Yudhistira,Jasa,2981679,3029421,Terdaftar,1
288218122,UD. Zidan Bangun,Pendidikan,32133834,8634509,Terdaftar,1
288218123,UD. Riyan Utama,Kesehatan,12424954,9434927,Terdaftar,1
288218124,UD. Gani Winata,Kesehatan,40667500,3921366,Terdaftar,1
288218125,UD. Reza Sejahtera Monica,Pendidikan,2262788,9545269,Terdaftar,1
288218126,UD. Jasmine Sakti,Pendidikan,38696424,4470480,Belum Terdaftar,0
288218127,UD. Halim Artha,Perdagangan,26767539,2193772,Terdaftar,1
288218128,UD. Cahya Prawira,Pendidikan,14211493,4236936,Terdaftar,1
288218129,UD. Elok Suryaatmaja,Jasa,6483715,6102253,Terdaftar,1
288218130,UD. Agus Sasmita,Pendidikan,30627647,3234241,Terdaftar,1
288218131,UD. Elen Kencana Lea,Kesehatan,18934710,7052815,Terdaftar,1
288218132,UD. Balqis Nirmala,Pendidikan,26419483,7634873,Belum Terdaftar,0
288218133,UD. Cinta Berkarya,Perdagangan,32451248,1125696,Terdaftar,1
288218134,UD. Yuli Kulon,Kesehatan,25661749,949399,Terdaftar,1
288218135,UD. Vino Karang Ilham,Pendidikan,30351875,2337813,Belum Terdaftar,0
288218136,UD. Jordi Gemilang Fatimah,Pendidikan,19058521,2348206,Terdaftar,1
288218137,UD. Marwan Suryaatmaja,Pendidikan,2631506,8858419,Belum Terdaftar,0
288218138,UD. Inten Dharma,Pendidikan,12273180,8725540,Terdaftar,1
288218139,UD. Elen Wijaksana,Perdagangan,49878538,9571788,Terdaftar,1
288218140,UD. Bella Sukadarma Viona,Kesehatan,32978280,7802864,Belum Terdaftar,0
288218141,UD. Yayan Prima,Jasa,21018860,4667743,Terdaftar,1
288218142,UD. Ujang Darussalam Viani,Perdagangan,9794545,8491253,Terdaftar,1
288218143,UD. Zahra Anggara,Jasa,5620378,7063234,Terdaftar,1
288218144,UD. Nadia Kalbu,Pendidikan,49957379,1364678,Belum Terdaftar,0
288218145,UD. Bagir Wiyata,Kesehatan,6681527,6527239,Belum Terdaftar,0
288218146,UD. Chiko Hilir,Perdagangan,19072267,9184679,Terdaftar,1
288218147,UD. Andi Kelana,Pendidikan,1112961,7186338,Belum Terdaftar,0
288218148,UD. Panji Wijaya Tama,Perdagangan,37468935,7903877,Terdaftar,1
288218149,UD. Laila Purnama,Jasa,4971174,4523304,Terdaftar,1
288218150,UD. Chika Warna,Jasa,32087326,6681986,Terdaftar,1
288218151,UD. Nayla Pagi,Kesehatan,33993627,7223647,Belum Terdaftar,0
288218152,UD. Jordi Sudharmo,Perdagangan,48246577,5324202,Belum Terdaftar,0
288218153,UD. Lidya Raharja,Perdagangan,46884824,5417523,Terdaftar,1
288218154,UD. Widya Winata,Perdagangan,26494069,2573192,Belum Terdaftar,0
288218155,UD. Tariq Sasmita,Perdagangan,35776109,7168626,Terdaftar,1
288218156,UD. Tari Gandewa Maudy,Jasa,30435177,8233038,Belum Terdaftar,0
288218157,UD. Lintang Sangga,Perdagangan,43221172,9822606,Terdaftar,1
288218158,UD. Qayla Jagad,Perdagangan,40725494,7652267,Terdaftar,1
288218159,UD. Tono Taruna,Pendidikan,18743212,2455284,,0
288218160,UD. Salsa Yudhistira,Kesehatan,28186295,6558600,Belum Terdaftar,0
288218161,UD. Monica Wijaksana,Perdagangan,2583823,6593204,Belum Terdaftar,0
288218162,UD. Bulan Nirwana,Kesehatan,35087447,542413,Belum Terdaftar,0
288218163,UD. Ojan Suryaatmaja,Jasa,27315322,9368506,Belum Terdaftar,0
288218164,UD. Uci Bagaskara,Perdagangan,14072349,6766644,Terdaftar,1
288218165,UD. Fikra Lempung,Pendidikan,16005100,8153358,Belum Terdaftar,0
288218166,UD. Rosa Sukarela,Perdagangan,20996113,7174533,Terdaftar,1
288218167,UD. Qira Raharja,Perdagangan,22953262,6569517,Terdaftar,1
288218168,UD. Erlangga Dharma,Kesehatan,41631999,8978831,Belum Terdaftar,0
288218169,UD. Wenny Ratu,Jasa,7235527,8679129,Belum Terdaftar,0
288218170,UD. Rafi Nirmala Chika,Pendidikan,34565826,8914724,Belum Terdaftar,0
288218171,UD. Nando Maheswara,Kesehatan,7534600,2361269,,0
288218172,UD. Pipit Purnama,Perdagangan,17960177,985801,Terdaftar,1
288218173,UD. Poppy Adhi,Jasa,41195559,7760428,Terdaftar,1
288218174,UD. Hilmiyah Ananta,Pendidikan,8884888,1641323,Belum Terdaftar,0
288218175,UD. Vidi Ratu Citra,Perdagangan,7588223,3782420,Terdaftar,1
288218176,UD. Juli Cempaka,Pendidikan,35312756,2655040,Belum Terdaftar,0
288218177,UD. Naila Naraya,Pendidikan,41867376,9484962,Belum Terdaftar,0
288218178,UD. Aldo Jaya Wenny,Kesehatan,28973318,,Belum Terdaftar,0
288218179,UD. Wawan Satya Marsya,Jasa,28540285,,Belum Terdaftar,0
288218180,UD. Vino Mahendra,Kesehatan,32914514,8731660,Belum Terdaftar,0
288218181,UD. Bella Surapati,Perdagangan,49202640,5519766,Terdaftar,1
288218182,UD. Juni Nirwasita,Pendidikan,7625336,2930323,Terdaftar,1
288218183,UD. Taufan Wiraatmaja,Pendidikan,45215284,3145301,Belum Terdaftar,0
288218184,UD. Viera Rejo,Jasa,37393417,3472211,Terdaftar,1
288218185,UD. Yusuf Resmi,Pendidikan,19047686,3901383,Belum Terdaftar,0
288218186,UD. Prita Asih,Kesehatan,9617961,6135774,Terdaftar,1
288218187,UD. Budi Siang Qamar,Pendidikan,19692422,2601108,Terdaftar,1
288218188,UD. Farid Maheswara,Pendidikan,2226967,7342559,Belum Terdaftar,0
288218189,UD. Dea Damai,Pendidikan,11135811,9479196,Belum Terdaftar,0
288218190,UD. Iqbal Ranggalawe,Pendidikan,22517301,4792517,Belum Terdaftar,0
288218191,UD. Niken Karang,Pendidikan,33357573,7951782,Terdaftar,1
288218192,UD. Pandu Satriya,Perdagangan,unknown,4408887,Belum Terdaftar,0
288218193,UD. Jojo Artha Tomi,Jasa,38151437,1322819,Terdaftar,1
288218194,UD. Syana Kusuma,Perdagangan,20941420,5029836,Terdaftar,1
288218195,UD. Pasha Mahendra,Perdagangan,43599304,8260791,Terdaftar,1
288218196,UD. Erni Pagi,Kesehatan,37799405,4620185,Terdaftar,1
288218197,UD. Jihan Bratadikara,Jasa,10945140,5825237,Belum Terdaftar,0
288218198,UD. Amir Baswara,Perdagangan,12765022,7436307,Terdaftar,1
288218199,UD. Qisya Putra,Pendidikan,26690221,5127491,Terdaftar,1
288218200,UD. Syana Lingga,Jasa,47401817,926514,Belum Terdaftar,0
288218201,UD. Vincent Wijaksana,Jasa,22642841,8425398,Belum Terdaftar,0
288218202,UD. Zulkarnaen Adiwarna Qomar,Kesehatan,47921729,6721134,Terdaftar,1
288218203,UD. Harun Cempaka,Jasa,4524533,3177908,Belum Terdaftar,0
288218204,UD. Mirna Jaladara,Jasa,32454264,3258549,Terdaftar,1
288218205,UD. Pardi Sudharmo,Pendidikan,21946716,8401015,Belum Terdaftar,0
288218206,UD. Laila Kusuma,Kesehatan,25912096,9456395,Belum Terdaftar,0
288218207,UD. Lukita Radhitya Syana,Perdagangan,42506159,9339004,Terdaftar,1
288218208,UD. Elok Purnama,Kesehatan,34417978,6900709,Terdaftar,1
288218209,UD. Taufik Kencana Umi,Jasa,49763196,4752565,Terdaftar,1
288218210,UD. Mario Pancasila,Pendidikan,33043522,7698977,Belum Terdaftar,0
288218211,UD. Ayesha Widuri Qila,Kesehatan,43060775,9484562,Belum Terdaftar,0
288218212,UD. Verdi Gatra,Jasa,49208210,1344576,Belum Terdaftar,0
288218213,UD. Arman Tirta,Pendidikan,24827174,3937398,Belum Terdaftar,0
288218214,UD. Uti Reswara,Perdagangan,39442864,4114264,Belum Terdaftar,0
288218215,UD. Oniel Panembahan,Kesehatan,42362083,7389093,Terdaftar,1
288218216,UD. Juli Nirbayu,Pendidikan,34808526,3262576,Belum Terdaftar,0
288218217,UD. Willy Tejakusuma,Kesehatan,3999841,5986609,Terdaftar,1
288218218,UD. Ujang Ayodya,Perdagangan,10917387,9763670,Terdaftar,1
288218219,UD. Wito Resaputra,Perdagangan,34068470,2549378,Belum Terdaftar,0
288218220,UD. Cakra Sentosa Olla,Perdagangan,32578684,2321128,Terdaftar,1
288218221,UD. Kiki Siang,Perdagangan,30730646,9009948,Terdaftar,1
288218222,UD. Lando Wisesa,Jasa,16647500,2652273,Terdaftar,1
288218223,UD. Barokah Wicaksana,Jasa,17043361,7807427,Terdaftar,1
288218224,UD. Ujang Jati,Jasa,19903922,2753149,Terdaftar,1
288218225,UD. Yola Trijaya,Kesehatan,18949441,6779495,Terdaftar,1
288218226,UD. Elva Jagad,Jasa,27491625,5885689,Belum Terdaftar,0
288218227,UD. Zahira Mega,Kesehatan,18632442,3975743,Belum Terdaftar,0
288218228,UD. Citra Bratadikara,Kesehatan,32787102,2854558,Terdaftar,1
288218229,UD. Lintang Sunardi,Pendidikan,32626553,665294,Terdaftar,1
288218230,UD. Ziva Ranggalawe,Perdagangan,31909400,,Belum Terdaftar,0
288218231,UD. Fatimah Kalbu,Jasa,17422672,2169184,Belum Terdaftar,0
288218232,UD. Niken Mulya,Jasa,2321667,6918499,Belum Terdaftar,0
288218233,UD. Pandu Baru,Perdagangan,3443249,5301756,Terdaftar,1
288218234,UD. Elsa Jagadmaya,Jasa,22938775,8441788,Terdaftar,1
288218235,UD. Zahra Kayastha,Pendidikan,10438507,712533,Belum Terdaftar,0
288218236,UD. Nando Wisnu Fadli,Jasa,22988423,,Belum Terdaftar,0
288218237,UD. Elyas Wijaksana Mega,Perdagangan,30349144,2633992,Belum Terdaftar,0
288218238,UD. Muthia Trisaktiatma,Pendidikan,17553225,3834915,Belum Terdaftar,0
288218239,UD. Willy Lestari,Perdagangan,24003760,7055343,Belum Terdaftar,0
288218240,UD. Yuli Yudhistira,Pendidikan,6077081,3077018,Terdaftar,1
288218241,UD. Kanza Mulyo,Pendidikan,1458047,8876489,Belum Terdaftar,0
288218242,UD. Kurnia Kusumatmaja,Perdagangan,29600087,5306283,Belum Terdaftar,0
288218243,UD. Gisel Kusumajati,Pendidikan,41926639,5034860,Belum Terdaftar,0
288218244,UD. Jafar Suryaputra,Jasa,8885018,8160730,Terdaftar,1
288218245,UD. Yana Jagad,Pendidikan,2943451,1160667,Belum Terdaftar,0
288218246,UD. Nisa Persada Salsa,Jasa,35314612,3766164,Terdaftar,1
288218247,UD. Hilmiyah Kulon,Pendidikan,24249829,3804500,Belum Terdaftar,0
288218248,UD. Fikra Kencana Najwa,Jasa,44781094,2711380,Belum Terdaftar,0
288218249,UD. Anisa Utama,Pendidikan,36840114,4115459,Belum Terdaftar,0
288218250,UD. Anang Puri,Jasa,48465512,8818164,Terdaftar,1
288218251,UD. Nara Prima Tariq,Jasa,5909189,8768125,Terdaftar,1
288218252,UD. Icha Bangun,Pendidikan,23378147,8505251,Belum Terdaftar,0
288218253,UD. Rafif Dewangga,Kesehatan,41810105,4155244,Terdaftar,1
288218254,UD. Pasha Cempaka,Perdagangan,31049192,5562738,Belum Terdaftar,0
288218255,UD. Mega Kamajaya,Pendidikan,,8190460,Belum Terdaftar,0
288218256,UD. Alif Pelangi,Jasa,37113902,7024682,Terdaftar,1
288218257,UD. Dea Sarwono,Pendidikan,6727875,1579153,Terdaftar,1
288218258,UD. Qory Mayang,Kesehatan,45544284,9364541,Belum Terdaftar,0
288218259,UD. Vita Kusumah,Pendidikan,34156842,1793059,Belum Terdaftar,0
288218260,UD. Cici Gandewa,Pendidikan,36813596,5361680,Terdaftar,1
288218261,UD. Bella Trisakti,Perdagangan,48160264,2033230,Belum Terdaftar,0
288218262,UD. Eddy Trisudira Budi,Perdagangan,36026153,9530888,Terdaftar,1
288218263,UD. Lono Adhi,Kesehatan,39861839,9404051,Belum Terdaftar,0
288218264,UD. Najwa Resaputra,Jasa,13277313,9719239,Belum Terdaftar,0
288218265,UD. Fatimah Kusen,Pendidikan,28942279,8091322,Belum Terdaftar,0
288218266,UD. Naila Manunggal,Pendidikan,24327314,4601279,Belum Terdaftar,0
288218267,UD. Tomi Pusaka,Pendidikan,47470126,7189289,Belum Terdaftar,0
288218268,UD. Uchie Adiwangsa,Perdagangan,45260702,4394134,Belum Terdaftar,0
288218269,UD. Bagas Madusari,Pendidikan,35602281,3920452,Terdaftar,1
288218270,UD. Muthia Satriya,Jasa,3331757,3748390,Terdaftar,1
288218271,UD. Fatimah Warna,Jasa,5885186,5576234,Terdaftar,1
288218272,UD. Gracia Nusa,Perdagangan,9259867,7680088,Terdaftar,1
288218273,UD. Bagas Citra,Kesehatan,18256479,880494,Terdaftar,1
288218274,UD. Laila Jatiwangi,Pendidikan,41130347,5638304,Belum Terdaftar,0
288218275,UD. Anisa Cahaya,Jasa,23153523,4508826,Terdaftar,1
288218276,UD. Ony Jaladara Farid,Kesehatan,27550844,711728,Terdaftar,1
288218277,UD. Galih Satriya,Jasa,26861865,8816403,Terdaftar,1
288218278,UD. Iman Pamungkas,Pendidikan,33780983,2399512,Terdaftar,1
288218279,UD. Indah Ranggalawe,Perdagangan,12651837,2077727,Belum Terdaftar,0
288218280,UD. Lukita Sukadarma,Jasa,48890383,9828743,Belum Terdaftar,0
288218281,UD. Laila Sulaksana,Jasa,18004625,8232783,Terdaftar,1
288218282,UD. Nisa Utama Jay,Kesehatan,44741892,6835270,Belum Terdaftar,0
288218283,UD. Pasha Suryaputra,Jasa,7496484,6193352,Belum Terdaftar,0
288218284,UD. Taufan Raharja,Kesehatan,27171205,706020,Terdaftar,1
288218285,UD. Veronika Wiyata,Jasa,28236342,4955338,Belum Terdaftar,0
288218286,UD. Alya Trisula,Kesehatan,34064446,8988622,Belum Terdaftar,0
288218287,UD. Jordi Kayastha,Perdagangan,37513922,3871248,Terdaftar,1
288218288,UD. Syana Wicaksana,Perdagangan,1123289,1995161,Terdaftar,1
288218289,UD. Gusti Pancasila,Perdagangan,15428349,7944112,Terdaftar,1
288218290,UD. Qomar Suci,Pendidikan,46501178,4175761,Terdaftar,1
288218291,UD. Hanafi Sasmita Made,Pendidikan,29601447,6892464,Belum Terdaftar,0
288218292,UD. Fikra Pramudita,Perdagangan,32799645,4247322,Terdaftar,1
288218293,UD. Cinta Abdi,Kesehatan,33117499,2586772,Terdaftar,1
288218294,UD. Halim Suryaputra,Perdagangan,11318208,8910634,Belum Terdaftar,0
288218295,UD. Syifa Asa,,13489940,2108162,Belum Terdaftar,0
288218296,UD. Laras Lintang,Kesehatan,4259518,4370611,Belum Terdaftar,0
288218297,UD. Riko Abdi Asep,Jasa,11732777,3844258,Terdaftar,1
288218298,UD. Hana Kusuma,Perdagangan,19536886,unknown,Terdaftar,1
288218299,UD. Adinda Kencana,Pendidikan,31097213,5675017,Belum Terdaftar,0
288218300,UD. Kirana Haji,Kesehatan,33369144,8187780,Terdaftar,1
288218301,UD. Galang Utama,Jasa,36980001,8263221,Terdaftar,1
288218302,UD. Gema Panuluh,Jasa,40329233,3251368,Belum Terdaftar,0
288218303,UD. Ilmi Hilir,Perdagangan,43536828,4804485,Belum Terdaftar,0
288218304,UD. Anisa Swargaloka,Jasa,15130952,4069597,Terdaftar,1
288218305,UD. Oniel Adhi,Kesehatan,45305677,8509523,Belum Terdaftar,0
288218306,UD. Qory Ratu,Pendidikan,25820265,1680562,Terdaftar,1
288218307,UD. Qory Sejahtera,Pendidikan,7944316,5077747,Belum Terdaftar,0
,UD. Jibril Kusuma,Perdagangan,32797271,3331300,Terdaftar,1
288218309,UD. Santi Ayodya,Pendidikan,7447989,1743678,Terdaftar,1
288218310,UD. Intan Jayaningrat,Kesehatan,32287750,3206174,Belum Terdaftar,0
288218311,UD. Utha Jayeng,Perdagangan,37936167,,Belum Terdaftar,0
288218312,UD. Okta Utama,Pendidikan,10197577,4954038,Terdaftar,1
288218313,UD. Oki Praja Vidi,Jasa,29927114,2377234,Belum Terdaftar,0
288218314,UD. Valen Tri,Jasa,,6835976,Belum Terdaftar,0
288218315,UD. Damaris Panembahan,Pendidikan,46973697,6317951,Terdaftar,1
288218316,UD. Bambang Trisakti,Pendidikan,41675696,6178254,Belum Terdaftar,0
288218317,UD. Rizki Asih,Kesehatan,30847719,7128877,Belum Terdaftar,0
288218318,UD. Owen Trisula Salsa,Pendidikan,40659303,3266531,Terdaftar,1
288218319,UD. Qasya Darma,Kesehatan,41039497,6792905,Terdaftar,1
288218320,UD. Obed Arsana,Pendidikan,11023325,3021421,Belum Terdaftar,0
288218321,UD. Kirana Mulya Verdi,Kesehatan,22532488,4959390,Belum Terdaftar,0
288218322,UD. Jay Suci,Perdagangan,22843439,5652384,Terdaftar,1
288218323,UD. Karim Widjaja,Pendidikan,14188754,7967957,Belum Terdaftar,0
288218324,UD. Cipta Mahkota,Pendidikan,26967631,8867764,Terdaftar,1
288218325,UD. Dewi Praja,Kesehatan,40378281,3877318,Terdaftar,1
288218326,UD. Bulan Tejakusuma,Pendidikan,37184476,4285354,Belum Terdaftar,0
288218327,UD. Ovan Kencana,Pendidikan,31172923,3509459,Belum Terdaftar,0
288218328,UD. Ojan Harmoni Rafif,Kesehatan,39560122,1717833,Belum Terdaftar,0
288218329,UD. Ari Kencana,Pendidikan,40487293,7106380,Terdaftar,1
288218330,UD. Karla Tirtayasa,Jasa,36675964,2285024,Belum Terdaftar,0
288218331,UD. Hilmi Persada,Perdagangan,unknown,6666810,Belum Terdaftar,0
288218332,UD. Cinta Abadi Icha,Jasa,43761289,7050081,Belum Terdaftar,0
288218333,UD. Zulkarnaen Gatra,Perdagangan,16991051,1985121,Belum Terdaftar,0
288218334,UD. Odie Asa,Perdagangan,31724907,3579665,Terdaftar,1
288218335,UD. Rafif Anugerah,Pendidikan,48358498,2473548,Terdaftar,1
288218336,UD. Fanny Panuluh,Kesehatan,30456532,2402237,Belum Terdaftar,0
288218337,UD. Yola Kusumasari,Pendidikan,12140653,2992347,Belum Terdaftar,0
288218338,UD. Guntur Mardika,Kesehatan,10486549,5407359,Belum Terdaftar,0
288218339,UD. Yudi Kusuma,Kesehatan,1742944,9135936,Belum Terdaftar,0
288218340,UD. Jihan Jayawarsa,Perdagangan,25179337,4271253,Terdaftar,1
288218341,UD. Lono Jayawarsa,Jasa,32077585,5586292,Belum Terdaftar,0
288218342,UD. Qomar Praja,Jasa,24111082,4407085,Terdaftar,1
288218343,UD. Fauzan Nirmala,Pendidikan,20534277,6821911,Belum Terdaftar,0
288218344,UD. Miko Sumirat Budi,Pendidikan,1331709,3195128,Belum Terdaftar,0
288218345,UD. Erlangga Maju Alif,Kesehatan,15887394,4446250,Terdaftar,1
288218346,UD. Prananda Prajurit,Pendidikan,25477805,2607394,Terdaftar,1
288218347,UD. Gilangga Jayabaya,Perdagangan,40263730,3561165,Belum Terdaftar,0
288218348,UD. Juni Bima,Perdagangan,32901674,3290376,Belum Terdaftar,0
288218349,UD. Habib Utamaindah,Perdagangan,21729798,4059088,Belum Terdaftar,0
288218350,UD. Candra Panuluh,Perdagangan,5010236,573921,Belum Terdaftar,0
288218351,UD. Nando Bima,Perdagangan,29326601,6063804,Belum Terdaftar,0
288218352,UD. Mira Pancasila,Kesehatan,16272680,8749325,Terdaftar,1
288218353,UD. Rahmat Cahaya,Kesehatan,41482988,9687052,Terdaftar,1
288218354,UD. Nina Prabawa Farhan,Jasa,31838563,8832391,Terdaftar,1
288218355,UD. Aldo Hilir Cinta,Perdagangan,35491116,6478185,Belum Terdaftar,0
288218356,UD. Hanafi Senja,Perdagangan,6823418,2393992,Terdaftar,1
288218357,UD. Erni Kinarya,Kesehatan,41030473,6348264,Belum Terdaftar,0
288218358,UD. Wenda Bima,Perdagangan,49483575,1533617,Terdaftar,1
288218359,UD. Fikri Reswara,Jasa,7113807,7832518,Terdaftar,1
288218360,UD. Sari Wacana Abel,Perdagangan,31825380,2506210,Belum Terdaftar,0
288218361,UD. Dito Citra Ilmi,Pendidikan,22236613,9476909,Terdaftar,1
288218362,UD. Verdi Wetan,Jasa,34600255,1460906,Terdaftar,1
288218363,UD. Rangga Taruna,Perdagangan,42028466,4438796,Belum Terdaftar,0
288218364,UD. Jasmin Sehat,Jasa,7410577,3522835,Belum Terdaftar,0
288218365,UD. Syifa Raharja,Jasa,27985238,5538954,Terdaftar,1
288218366,UD. Zidan Pramana Dewi,Perdagangan,11990392,9730631,Belum Terdaftar,0
288218367,UD. Tami Asa,Perdagangan,41522933,3420344,Terdaftar,1
288218368,UD. Nadia Sarwono,Pendidikan,35455164,2897727,Terdaftar,1
288218369,UD. Taufik Nirbayu,Pendidikan,41047281,5140752,Belum Terdaftar,0
288218370,UD. Naila Hastinapura,Pendidikan,40284331,6868077,Belum Terdaftar,0
288218371,UD. Rizki Utama,Kesehatan,22175826,4917625,Belum Terdaftar,0
288218372,UD. Ucup Sulaksana,Pendidikan,4006843,3641334,Belum Terdaftar,0
288218373,UD. Romi Ranggalawe,Kesehatan,15008088,7008897,Terdaftar,1
288218374,UD. Nisa Sasmita Yolanda,Jasa,40223067,7193669,Belum Terdaftar,0
288218375,UD. Galang Jayawarsa,Perdagangan,,1268218,Belum Terdaftar,0
288218376,UD. Gerry Artha,Pendidikan,28160450,1849607,Terdaftar,1
288218377,UD. Kirana Tirtaatmaja,Pendidikan,4002790,715104,Terdaftar,1
288218378,UD. Erni Tirta Lukman,Kesehatan,11922166,9757577,Belum Terdaftar,0
288218379,UD. Lando Wangi,Kesehatan,4821997,2406176,Belum Terdaftar,0
,UD. Nayla Cinta,Jasa,32455802,6583843,Terdaftar,1
288218381,UD. Ucup Ilir,Perdagangan,13164140,5839721,Belum Terdaftar,0
288218382,UD. Veronika Sehat,Kesehatan,10967587,7013226,Terdaftar,1
288218383,UD. Sani Sarwono,Kesehatan,48824698,2036752,Terdaftar,1
288218384,UD. Ayesha Jayengprana,Perdagangan,14949975,7610937,Terdaftar,1
288218385,UD. Monica Harapan,Kesehatan,24109670,8894557,Terdaftar,1
288218386,UD. Rosa Jatiwangi,Perdagangan,24091074,5354832,Belum Terdaftar,0
288218387,UD. Vidi Bahagia,Pendidikan,,6973477,Belum Terdaftar,0
288218388,UD. Anang Tirtayasa,Pendidikan,44726980,8442403,Belum Terdaftar,0
288218389,UD. Romi Baru,Kesehatan,10460462,2669660,Terdaftar,1
288218390,UD. Uci Sukma,Pendidikan,48146576,3752722,Terdaftar,1
288218391,UD. Erni Tejakusuma,Perdagangan,20161908,2766603,Belum Terdaftar,0
288218392,UD. Gerry Baruna Desta,Jasa,27450055,7666061,Belum Terdaftar,0
288218393,UD. Jafar Adiwarna,Jasa,12577584,8821178,Belum Terdaftar,0
288218394,UD. Marsya Madusari Yusuf,Perdagangan,28483066,7739623,Terdaftar,1
288218395,UD. Poppy Prawira,Kesehatan,21687944,7688117,Terdaftar,1
288218396,UD. Jafar Jayawarsa,Pendidikan,32607268,9726277,Terdaftar,1
288218397,UD. Pandu Asmaralaya Jojo,Kesehatan,9137993,4585142,Terdaftar,1
288218398,UD. Hanaura Suci,Kesehatan,46479771,2913074,Terdaftar,1
288218399,UD. Gilangga Asih,Perdagangan,47627494,6241344,Belum Terdaftar,0
288218400,UD. Prananda Jatinagara,Perdagangan,23166948,2027242,Belum Terdaftar,0
288218401,UD. Wito Jaladara,Kesehatan,18693015,7251174,Terdaftar,1
288218402,UD. Sella Asih,Pendidikan,38792343,,Belum Terdaftar,0
288218403,UD. Carissa Sahaja,Jasa,12990639,5795409,Belum Terdaftar,0
288218404,UD. Salwa Wisesa,Pendidikan,24472936,3708843,Terdaftar,1
288218405,UD. Zain Wacana,Perdagangan,47288563,9154521,Terdaftar,1
288218406,UD. Made Sunardi,Jasa,7684522,2230101,Belum Terdaftar,0
288218407,UD. Diyan Lempung Farhan,Jasa,22846751,3586116,Belum Terdaftar,0
288218408,UD. Celsi Nirwana,Kesehatan,36341030,2640443,Belum Terdaftar,0
288218409,UD. Oniel Tengah,Kesehatan,49910889,6050693,Terdaftar,1
288218410,UD. Alvino Tejakencana,Pendidikan,4259617,4980965,Belum Terdaftar,0
288218411,UD. Lono Sudarsana,Kesehatan,33953927,2384934,Terdaftar,1
288218412,UD. Gema Sudharmo,Perdagangan,1369062,9365822,Terdaftar,1
288218413,UD. Echa Bijaksana Romi,Jasa,1995315,9567139,Terdaftar,1
288218414,UD. Uti Haji,Perdagangan,47324673,8365714,Belum Terdaftar,0
288218415,UD. Gilang Wisnu,Jasa,33057732,2238775,Terdaftar,1
288218416,UD. Laila Asa,Jasa,37611978,9099329,Belum Terdaftar,0
288218417,UD. Hesti Bintang,Kesehatan,1901543,3497624,Belum Terdaftar,0
288218418,UD. Sella Pusaka Daffa,Jasa,4365012,2397579,Belum Terdaftar,0
288218419,UD. Yusuf Rejo,Kesehatan,34825350,5622615,Belum Terdaftar,0
288218420,UD. Chiko Wirawati,Perdagangan,9179100,2431853,Belum Terdaftar,0
288218421,UD. Kanza Satriya,Perdagangan,,7273308,Belum Terdaftar,0
288218422,UD. Viera Buana,Kesehatan,6387665,3758775,Terdaftar,1
288218423,UD. Ucup Kalbu,Kesehatan,11158190,8096659,Belum Terdaftar,0
288218424,UD. Yudi Maju,Kesehatan,34337703,3453778,Terdaftar,1
288218425,UD. Kurnia Ceria,Jasa,26035223,2989807,Belum Terdaftar,0
288218426,UD. Odie Jatinagara,Kesehatan,46738270,3528423,Belum Terdaftar,0
288218427,UD. Qamar Artha,Pendidikan,12239677,3462310,Belum Terdaftar,0
288218428,UD. Arman Wening,Jasa,23650309,4702057,Terdaftar,1
288218429,UD. Ujang Sakti,Pendidikan,11870996,9284959,Terdaftar,1
288218430,UD. Gani Sundawa,Kesehatan,12736739,4777493,Terdaftar,1
288218431,UD. Yusuf Mandala,Jasa,14305862,1629617,Belum Terdaftar,0
288218432,UD. Qayla Langit,Perdagangan,25993464,7578649,Terdaftar,1
288218433,UD. Okta Pusaka,Kesehatan,40547396,9419087,Terdaftar,1
288218434,UD. Valen Asri,Jasa,28645345,2285843,Belum Terdaftar,0
,UD. Bulan Ayodya,Jasa,5174330,5186052,Terdaftar,1
288218436,UD. Fira Lintang,Kesehatan,30515543,3968900,Belum Terdaftar,0
288218437,UD. Uchie Wiyata,Jasa,17549373,9225191,Terdaftar,1
288218438,UD. Juli Dwijaputra,Perdagangan,31332300,2599848,Belum Terdaftar,0
288218439,UD. Gracia Jayeng,Jasa,23912997,4471207,Belum Terdaftar,0
288218440,UD. Cici Damai,Perdagangan,9026573,2955211,Belum Terdaftar,0
288218441,UD. Qayla Wijaksana,Perdagangan,24204479,6362145,Terdaftar,1
288218442,UD. Rian Kusen,Kesehatan,47326190,9458667,Terdaftar,1
288218443,UD. Isna Brata,Perdagangan,13634825,1739011,Terdaftar,1
288218444,UD. Esa Surya,Kesehatan,10751178,4688695,Terdaftar,1
288218445,UD. Dora Tunggul,Perdagangan,36351152,4104202,Belum Terdaftar,0
288218446,UD. Qory Kulon,Jasa,33475383,7556017,Terdaftar,1
288218447,UD. Jojo Ceria,Jasa,47515317,3599718,Terdaftar,1
288218448,UD. Chiko Damai,Jasa,46304430,3010186,Belum Terdaftar,0
288218449,UD. Kinan Abadi,Perdagangan,9896082,7548661,Belum Terdaftar,0
288218450,UD. Wulan Mahkota Evan,Perdagangan,14861904,2232218,Belum Terdaftar,0
288218451,UD. Suci Jayeng,Kesehatan,43986543,7931775,Terdaftar,1
288218452,UD. Umi Harapan,Jasa,49375025,592616,Terdaftar,1
288218453,UD. Zidan Elok,Jasa,30684420,7830793,Terdaftar,1
288218454,UD. Qyla Suryaputra Jihan,Pendidikan,8896976,1408466,Terdaftar,1
288218455,UD. Ida Adikara,Perdagangan,29312458,4171400,Belum Terdaftar,0
288218456,UD. Tomi Arya,Kesehatan,14276105,7788576,Belum Terdaftar,0
288218457,UD. Wahyu Prawira Kanza,Perdagangan,1717180,9319485,Terdaftar,1
288218458,UD. Agus Atma,Pendidikan,43103649,5017787,Belum Terdaftar,0
288218459,UD. Umi Sumringah,Pendidikan,6011124,1291928,Belum Terdaftar,0
288218460,UD. Harun Jayabaya,Pendidikan,40854476,654089,Belum Terdaftar,0
288218461,UD. Deni Darussalam,Perdagangan,20389410,9743823,Terdaftar,1
288218462,UD. Salwa Baru Lono,Kesehatan,47190778,4934125,Terdaftar,1
288218463,UD. Erni Rejo,Kesehatan,44745194,3646349,Terdaftar,1
288218464,UD. Damaris Galuh,Perdagangan,34748118,5613263,Belum Terdaftar,0
unknown,UD. Nindy Kusen Elyas,Jasa,35064814,1399743,Belum Terdaftar,0
288218466,UD. Anisa Kusen,Jasa,36544285,3162219,Belum Terdaftar,0
288218467,UD. Kiki Berkarya,Pendidikan,36549761,7475423,Belum Terdaftar,0
288218468,UD. Fitri Mandala,Jasa,14913390,1248580,Terdaftar,1
288218469,UD. Nisa Bintang,Perdagangan,18974492,9461746,Terdaftar,1
288218470,UD. Nara Bersemi,Pendidikan,21616063,9664110,Belum Terdaftar,0
288218471,UD. Binar Widuri,Perdagangan,29851879,2068438,Belum Terdaftar,0
288218472,UD. Iman Panji,Pendidikan,46219162,866468,Belum Terdaftar,0
288218473,UD. Zahra Agung,Pendidikan,39820866,6849853,Terdaftar,1
288218474,UD. Dina Widuri,Kesehatan,46539358,8044457,Belum Terdaftar,0
288218475,UD. Damaris Utama,Kesehatan,14604688,7483154,Belum Terdaftar,0
288218476,UD. Pio Ceria,Pendidikan,12302958,8884346,Terdaftar,1
288218477,UD. Evan Kencana Qori,Perdagangan,7756126,2447196,Belum Terdaftar,0
288218478,UD. Cahya Trisudira,Kesehatan,34334683,1171892,Belum Terdaftar,0
288218479,UD. Wito Tunggul,Jasa,16867263,3473327,Belum Terdaftar,0
288218480,UD. Miko Dewangga,Pendidikan,12540664,unknown,Terdaftar,1
288218481,UD. Pardi Mandala,Pendidikan,17754133,8423171,Terdaftar,1
288218482,UD. Juni Surya,Kesehatan,25032046,2057053,Belum Terdaftar,0
288218483,UD. Sella Alam,Jasa,45028571,5124056,Terdaftar,1
288218484,UD. Ulfa Puri,Kesehatan,16509936,3554293,Terdaftar,1
288218485,UD. Wulan Sumirat,Perdagangan,18177179,5123122,Terdaftar,1
288218486,UD. Lukita Pelangi,Kesehatan,20492335,1298431,Belum Terdaftar,0
288218487,UD. Hanaura Mardika Lina,Pendidikan,2010919,7614797,Terdaftar,1
288218488,UD. Winda Trisudira,Jasa,32774979,1493273,Belum Terdaftar,0
288218489,UD. Amir Dewangga,Pendidikan,45250295,6339937,Terdaftar,1
288218490,UD. Taufan Pramudita,Kesehatan,33193566,6952441,Belum Terdaftar,0
288218491,UD. Kirana Winata,Pendidikan,43215910,7310979,Belum Terdaftar,0
288218492,UD. Thariq Sangga,Pendidikan,1877494,2569538,Terdaftar,1
288218493,UD. Iqra Lingga Satria,Perdagangan,9653747,2462139,Belum Terdaftar,0
288218494,UD. Esa Widuri,Kesehatan,6836475,8029151,Belum Terdaftar,0
288218495,UD. Farid Kayastha,Pendidikan,15583748,9727725,Belum Terdaftar,0
288218496,UD. Dito Makmur,Pendidikan,7684570,773365,Terdaftar,1
288218497,UD. Tomi Wirawati,Jasa,1229338,6520074,Terdaftar,1
288218498,UD. Vito Wisnu,Jasa,10679746,8922422,Terdaftar,1
288218499,UD. Ida Galang,Jasa,21196898,7412430,Terdaftar,1
288218500,UD. Agus Mahkota,Jasa,30107547,3997953,Belum Terdaftar,0
288218501,UD. Odie Baskara,Jasa,35286799,2690546,Terdaftar,1
288218502,UD. Diyan Kayastha,Perdagangan,3620486,5282562,Belum Terdaftar,0
288218503,UD. Diyan Kusumah Qisha,Perdagangan,1699202,8448554,Terdaftar,1
288218504,UD. Dito Wacana Jasmine,Pendidikan,12720108,2487420,Belum Terdaftar,0
288218505,UD. Gerry Kinarya,Kesehatan,47258655,3142014,Terdaftar,1
288218506,UD. Kanza Arsana,Jasa,32966540,3459674,Terdaftar,1
288218507,UD. Ucup Sukma Umi,Perdagangan,3431389,5670633,Belum Terdaftar,0
288218508,UD. Hesti Gunawan Mario,Jasa,6151499,5252824,Belum Terdaftar,0
288218509,UD. Eni Wiraatmaja Bambang,Jasa,17731966,1425225,Terdaftar,1
288218510,UD. Livia Jatinagara,Jasa,49011695,5402000,Belum Terdaftar,0
288218511,UD. Yani Trisaktiatma,Kesehatan,24351792,6615773,Belum Terdaftar,0
288218512,UD. Ujang Surapati,Pendidikan,35945107,1195829,Terdaftar,1
288218513,UD. Tania Tirta,Jasa,35713633,508074,Belum Terdaftar,0
288218514,UD. Wesly Saputranegara,Pendidikan,46955192,4083106,Terdaftar,1
,UD. Wira Jayeng,Perdagangan,14375305,3736537,Belum Terdaftar,0
288218516,UD. Fikri Manggala,Pendidikan,3056882,4552804,Terdaftar,1
288218517,UD. Gadis Hastinapura,Jasa,13206106,9145984,Belum Terdaftar,0
288218518,UD. Juli Cerah Heri,Kesehatan,36862511,3552973,Belum Terdaftar,0
288218519,UD. Yumna Tengah Kiki,Jasa,38840452,4075927,Terdaftar,1
288218520,UD. Zaki Asri,Perdagangan,43388746,6583845,Belum Terdaftar,0
288218521,UD. Qomar Sukadarma,Pendidikan,1231278,1152410,Terdaftar,1
288218522,UD. Priska Tengah,Perdagangan,6188401,2371753,Terdaftar,1
288218523,UD. Elyas Langit,Pendidikan,5541135,7453084,Belum Terdaftar,0
288218524,UD. Desi Baru Dani,Perdagangan,37037656,9064167,Terdaftar,1
288218525,UD. Rangga Atma,Pendidikan,32187333,1666478,Belum Terdaftar,0
288218526,UD. Melati Agastya,Perdagangan,39410216,3385396,Belum Terdaftar,0
288218527,UD. Ghani Saputranegara,,31262986,3990041,Terdaftar,1
288218528,UD. Dina Nawasena,Pendidikan,11344083,783591,Terdaftar,1
288218529,UD. Tami Darussalam,Pendidikan,30675662,8229552,Belum Terdaftar,0
288218530,UD. Gerry Adikara,Pendidikan,49865619,1038479,Belum Terdaftar,0
288218531,UD. Alvino Wiratama Yuli,Perdagangan,18331755,8416399,Belum Terdaftar,0
288218532,UD. Ghani Bagaskara,Pendidikan,35293866,4044852,Belum Terdaftar,0
288218533,UD. Lando Kusuma,Kesehatan,7722545,8698635,Belum Terdaftar,0
288218534,UD. Ida Satya Kirana,Jasa,17070916,5482331,Belum Terdaftar,0
288218535,UD. Vidi Manunggal,Jasa,26225361,3234466,Belum Terdaftar,0
288218536,UD. Made Satriya,Jasa,29620916,3010055,Belum Terdaftar,0
288218537,UD. Dina Merdeka,Perdagangan,20624450,9675605,Belum Terdaftar,0
288218538,UD. Qanita Mardika,Perdagangan,6716598,4150284,Belum Terdaftar,0
288218539,UD. Livia Jagad,Pendidikan,11375180,4658492,Belum Terdaftar,0
288218540,UD. Vita Sanjaya,Kesehatan,23435976,6680669,Terdaftar,1
288218541,UD. Dea Atma,Pendidikan,10076103,8718551,Terdaftar,1
288218542,UD. Rafa Bintang,Jasa,2430339,3560226,Terdaftar,1
288218543,UD. Leni Sundawa,Kesehatan,38782543,4730167,Terdaftar,1
288218544,UD. Diyan Suryaatmaja,Jasa,19795520,9067756,Terdaftar,1
288218545,UD. Alma Bima,Perdagangan,48885981,3170154,Belum Terdaftar,0
288218546,UD. Qamar Wening,Jasa,2342875,2169044,Terdaftar,1
288218547,UD. Bagas Jayabaya,Kesehatan,21474686,4252677,Belum Terdaftar,0
288218548,UD. Joko Winata,Perdagangan,9456333,1950682,,0
288218549,UD. Obed Hastinapura,Jasa,45471633,6797483,Belum Terdaftar,0
288218550,UD. Rosa Galang,Kesehatan,20048178,9315078,Terdaftar,1
288218551,UD. Tiara Sentosa,Perdagangan,48731501,4650272,Terdaftar,1
288218552,UD. Omar Manggala,Perdagangan,15115506,4081133,,0
288218553,UD. Yessi Harmoni Jafar,Kesehatan,1992771,8941751,Terdaftar,1
288218554,UD. Ari Nirbayu Cici,Kesehatan,38146176,9850488,Belum Terdaftar,0
288218555,UD. Omar Wirajaya Thariq,Kesehatan,48208762,3590260,Terdaftar,1
288218556,UD. Eren Madya,Jasa,13218615,2112723,Terdaftar,1
288218557,UD. Kurnia Ananta,Jasa,9131699,4206780,Belum Terdaftar,0
288218558,UD. Bayu Saputra,Perdagangan,31176149,4575890,Terdaftar,1
288218559,UD. Karim Kusumah,Perdagangan,25893962,8358580,Belum Terdaftar,0
288218560,UD. Teguh Dewangga,Perdagangan,1725970,7559732,Terdaftar,1
288218561,UD. Thariq Jatiwangi,Perdagangan,46931206,952665,Belum Terdaftar,0
288218562,UD. Viona Wacana,Pendidikan,16249562,7815861,Belum Terdaftar,0
288218563,UD. Tami Wijaya,Perdagangan,42098139,9972849,Terdaftar,1
288218564,UD. Ziva Jayengprana,Kesehatan,11028001,2619804,Belum Terdaftar,0
288218565,UD. Pasha Putri,Kesehatan,21316539,5613729,Belum Terdaftar,0
288218566,UD. Elsa Widjaja,Jasa,39783530,unknown,Terdaftar,1
288218567,UD. Fahmi Jayeng,Pendidikan,11099443,7989885,Terdaftar,1
288218568,UD. Rangga Buana Icha,Perdagangan,46934668,9874066,Terdaftar,1
288218569,UD. Vidi Kalbu,Jasa,18282208,9118722,Belum Terdaftar,0
288218570,UD. Febri Winata,Jasa,40890471,8451389,Terdaftar,1
288218571,UD. Yessi Wacana,Jasa,18579055,7825235,Terdaftar,1
288218572,UD. Indira Tirtaatmaja,Kesehatan,21701891,6954655,Terdaftar,1
288218573,UD. Romi Makmur,Perdagangan,33419284,2914706,Belum Terdaftar,0
288218574,UD. Monica Ceria Adinda,Perdagangan,47544815,735259,Terdaftar,1
288218575,UD. Ismail Karang,Perdagangan,41628696,2245036,Belum Terdaftar,0
288218576,UD. Desta Tri Livia,Perdagangan,12473346,734126,Terdaftar,1
288218577,UD. Lea Langit,Pendidikan,33800436,8711704,Belum Terdaftar,0
288218578,UD. Ilmi Utamaindah Anis,Kesehatan,2855944,1063104,Terdaftar,1
288218579,UD. Chiko Wiratama Galih,Perdagangan,17434808,6371242,Belum Terdaftar,0
288218580,UD. Yola Tejakusuma,Kesehatan,36473298,4609460,Belum Terdaftar,0
288218581,UD. Elsa Tunggal,Perdagangan,43993598,9401885,Terdaftar,1
288218582,UD. Zidan Sidarta Jafar,Jasa,38127676,1926269,Belum Terdaftar,0
288218583,UD. Viona Persada,Kesehatan,42725351,2840428,Terdaftar,1
288218584,UD. Bella Santosa Tania,Perdagangan,10636542,6227309,Terdaftar,1
288218585,UD. Pardi Karya,Pendidikan,24830295,1910012,Terdaftar,1
288218586,UD. Hanafi Trijaya,Pendidikan,40833640,9738446,Belum Terdaftar,0
288218587,UD. Mario Baru,Perdagangan,36602501,2842825,Terdaftar,1
288218588,UD. Vita Mandala,Perdagangan,14730871,4683155,Belum Terdaftar,0
288218589,UD. Willy Asri,Pendidikan,,7520147,Belum Terdaftar,0
288218590,UD. Viera Panji,Perdagangan,46503337,9241069,Terdaftar,1
288218591,UD. Umi Dwijaputra,Perdagangan,6138260,3084034,Terdaftar,1
288218592,UD. Tania Ayodya,Pendidikan,10732636,7516488,Terdaftar,1
288218593,UD. Elva Utama,Pendidikan,4389639,4801732,Belum Terdaftar,0
,UD. Cahya Wisnu Wenda,Jasa,12703106,5917310,Belum Terdaftar,0
288218595,UD. Eka Maheswara,Jasa,41974937,3486464,Terdaftar,1
288218596,UD. Zahira Asmaralaya,Jasa,45696080,3685278,Belum Terdaftar,0
288218597,UD. Lando Karya,Kesehatan,29461799,1468893,Belum Terdaftar,0
288218598,UD. Zahra Yudhistira Ucup,Kesehatan,31980160,1689493,Terdaftar,1
288218599,UD. Dani Maheswara,Kesehatan,38433113,5493004,Terdaftar,1
288218600,UD. Hesti Suryaatmaja,Perdagangan,20764399,2952447,Belum Terdaftar,0
288218601,UD. Elok Bahagia,Perdagangan,49818130,8515003,Terdaftar,1
288218602,UD. Mila Radhitya,Perdagangan,36859789,6238537,Terdaftar,1
288218603,UD. Viera Gandewa,Perdagangan,44160894,6026601,Terdaftar,1
288218604,UD. Umi Jati,Kesehatan,3331149,4829684,Belum Terdaftar,0
288218605,UD. Vita Darma,Perdagangan,18278826,8796243,Belum Terdaftar,0
288218606,UD. Grego Mega,Pendidikan,26606216,7013493,Terdaftar,1
288218607,UD. Udin Bahari,Perdagangan,21394730,3827079,Terdaftar,1
288218608,UD. Vina Mardika,Perdagangan,27334015,3570169,Terdaftar,1
288218609,UD. Eren Kalbu,Pendidikan,3579426,8976619,Belum Terdaftar,0
288218610,UD. Vega Saprahan,Perdagangan,7891095,800514,Terdaftar,1
288218611,UD. Utha Kusumatmaja Berlian,Pendidikan,31282782,3138928,Belum Terdaftar,0
288218612,UD. Agus Langit,Jasa,25666664,3665201,Belum Terdaftar,0
288218613,UD. Wito Ayodya Jafar,Perdagangan,5216696,6508525,Belum Terdaftar,0
288218614,UD. Chika Baruna Pandu,Pendidikan,5119600,8738960,Belum Terdaftar,0
288218615,UD. Nina Jayawarsa,Kesehatan,11118199,8464843,Terdaftar,1
288218616,UD. Iman Tri,Jasa,34922409,6803196,Belum Terdaftar,0
288218617,UD. Ujang Trijaya,Perdagangan,34201435,1787663,Belum Terdaftar,0
288218618,UD. Olla Baru,Pendidikan,1781415,5459750,Terdaftar,1
288218619,UD. Pandu Setia,Pendidikan,13948941,1646362,Terdaftar,1
288218620,UD. Taufan Sarwono,Pendidikan,8993117,2263870,Belum Terdaftar,0
288218621,UD. Zidan Tejakusuma,Perdagangan,40217994,973093,Belum Terdaftar,0
288218622,UD. Wesly Atma,Perdagangan,19554025,5326489,Belum Terdaftar,0
288218623,UD. Uchie Prana,Pendidikan,32220969,3281027,Belum Terdaftar,0
288218624,UD. Laila Kulon,Jasa,24776656,9635214,Terdaftar,1
288218625,UD. Yana Kayastha,Jasa,39912365,6035785,Belum Terdaftar,0
288218626,UD. Gema Jati,Kesehatan,27384785,3963252,Terdaftar,1
288218627,UD. Salsa Karang,Kesehatan,43002229,822450,Terdaftar,1
288218628,UD. Naufal Resmi,Kesehatan,30778619,1971578,Terdaftar,1
288218629,UD. Fikri Wijapranata,Jasa,32451360,2099666,Terdaftar,1
288218630,UD. Dito Pramana Muthia,Pendidikan,3647743,2666780,Belum Terdaftar,0
288218631,UD. Joko Praja,Pendidikan,30721224,1271395,Terdaftar,1
288218632,UD. Monica Jatiwangi Vega,Jasa,39973770,3260029,Belum Terdaftar,0
288218633,UD. Zidanar Adiwarna,Kesehatan,47360357,964871,Belum Terdaftar,0
288218634,UD. Qais Resaputra,Perdagangan,28516141,9488059,Terdaftar,1
288218635,UD. Marsel Bersemi,Kesehatan,46809392,5653231,Belum Terdaftar,0
288218636,UD. Oki Hastinapura,Jasa,35576807,6748242,Terdaftar,1
288218637,UD. Fira Taruna,Kesehatan,2146573,4426733,Belum Terdaftar,0
288218638,UD. Poppy Harapan,Kesehatan,4903747,5321300,Terdaftar,1
288218639,UD. Iman Mandala Yessi,Jasa,34150731,1123313,Terdaftar,1
288218640,UD. Ovan Widuri,Kesehatan,45018102,8227825,Belum Terdaftar,0
288218641,UD. Gerry Kawiswara,Jasa,47515678,737781,Terdaftar,1
288218642,UD. Cipta Kinarya,Pendidikan,18039833,3031751,Terdaftar,1
288218643,UD. Bella Merdeka,Kesehatan,3194845,8669491,Belum Terdaftar,0
288218644,UD. Wenny Wisesa,Kesehatan,24190559,2270603,Belum Terdaftar,0
288218645,UD. Ziva Kawiswara,Kesehatan,36933348,4144859,Belum Terdaftar,0
288218646,UD. Bayu Pramana,Jasa,29856656,6341803,Belum Terdaftar,0
288218647,UD. Viani Lintang Cahya,Kesehatan,42635986,1380659,Belum Terdaftar,0
288218648,UD. Ari Bangun,Kesehatan,8856909,9210414,Belum Terdaftar,0
288218649,UD. Nazar Utama Jibril,Jasa,13406979,1628421,Terdaftar,1
288218650,UD. Qyla Purnama,Jasa,15020683,7550290,Belum Terdaftar,0
288218651,UD. Ziva Maju,Pendidikan,39874630,546966,Terdaftar,1
288218652,UD. Dea Hilir,Pendidikan,3358435,1959015,Belum Terdaftar,0
288218653,UD. Romi Kencana Rahmat,Jasa,47270211,4823607,Belum Terdaftar,0
288218654,UD. Viera Berkarya,Jasa,29661367,8615377,Belum Terdaftar,0
288218655,UD. Rafi Gandewa,Perdagangan,1589929,1037387,Terdaftar,1
288218656,UD. Barokah Pusaka,Jasa,18245236,6006170,Terdaftar,1
288218657,UD. Okta Kawiswara,Kesehatan,3780032,5355218,Terdaftar,1
288218658,UD. Sari Paseban,Pendidikan,8872212,8723540,Terdaftar,1
288218659,UD. Zera Prawira,Perdagangan,16081504,1749783,Belum Terdaftar,0
288218660,UD. Willy Prawira,Jasa,47722851,8079225,Belum Terdaftar,0
288218661,UD. Putra Satria,Pendidikan,40983617,3930354,Terdaftar,1
288218662,UD. Erni Mahkota,Kesehatan,8268394,1474890,Belum Terdaftar,0
288218663,UD. Yola Ranggalawe Wawan,Perdagangan,36084324,9624972,Terdaftar,1
288218664,UD. Syifa Wening,Pendidikan,43627592,2910853,Terdaftar,1
288218665,UD. Lando Prabawa,Perdagangan,18740187,1018938,Terdaftar,1
288218666,UD. Aqila Harmoni,Jasa,20118796,7198049,Terdaftar,1
288218667,UD. Ida Satya,Pendidikan,2824130,8627876,Belum Terdaftar,0
288218668,UD. Yana Jayengpati,Perdagangan,48140992,7624174,Terdaftar,1
288218669,UD. Haidar Adiwangsa,Jasa,26787880,4746840,Belum Terdaftar,0
288218670,UD. Leni Kalbu,Kesehatan,33444114,3696578,Terdaftar,1
288218671,UD. Jafar Resmi,Jasa,20045462,6814639,Terdaftar,1
288218672,UD. Wawan Mayang,Perdagangan,40611445,9483957,Terdaftar,1
288218673,UD. Zera Anugerah,Perdagangan,46932981,894714,Terdaftar,1
288218674,UD. Syifa Darma,Pendidikan,33011456,2664043,Terdaftar,1
288218675,UD. Lutfi Cinta Via,Perdagangan,21925725,8441060,Belum Terdaftar,0
288218676,UD. Hesti Wiratama,Kesehatan,33068595,6133889,Belum Terdaftar,0
288218677,UD. Gisel Tirta Priska,Perdagangan,1820574,4898420,Belum Terdaftar,0
288218678,UD. Andi Hilir,Pendidikan,8106880,6931365,Belum Terdaftar,0
288218679,UD. Chiko Mahendra,Jasa,10682218,3970502,Belum Terdaftar,0
288218680,UD. Halim Utama,Perdagangan,25532677,4765621,Terdaftar,1
288218681,UD. Ulya Pramudita,Jasa,6969866,9871751,Terdaftar,1
288218682,UD. Novi Prima,Jasa,36867076,8942273,Terdaftar,1
288218683,UD. Ziva Panji,Perdagangan,40386707,1276954,Belum Terdaftar,0
288218684,UD. Wahyu Reswara,Jasa,38759768,3247203,Belum Terdaftar,0
288218685,UD. Prananda Madusari,Kesehatan,31383063,9213873,Belum Terdaftar,0
288218686,UD. Jodi Bima,Kesehatan,12773097,5977032,Terdaftar,1
288218687,UD. Prananda Buana Livia,Kesehatan,46779690,9973300,Belum Terdaftar,0
288218688,UD. Zain Sejahtera Romi,Jasa,15698585,986136,Belum Terdaftar,0
288218689,UD. Utami Surapati,Perdagangan,11147599,4974809,Belum Terdaftar,0
288218690,UD. Livia Widjaja,Jasa,2095341,7035824,Terdaftar,1
288218691,UD. Oki Malam,Kesehatan,9235322,9209091,Belum Terdaftar,0
288218692,UD. Uchie Jayeng,Kesehatan,16204154,3301147,Belum Terdaftar,0
288218693,UD. Yasir Satria,Pendidikan,24109961,1346651,Belum Terdaftar,0
288218694,UD. Marsya Widjaja,Jasa,45916363,5194748,Terdaftar,1
288218695,UD. Gisel Pramana,Pendidikan,13440299,2970123,Terdaftar,1
288218696,UD. Fira Agung,Pendidikan,34436061,7396721,Terdaftar,1
288218697,UD. Naufal Manggala Yudi,Perdagangan,30199792,4457279,Terdaftar,1
288218698,UD. Asep Utama,Kesehatan,41740273,6528200,Terdaftar,1
288218699,UD. Bella Abdi,Kesehatan,46254219,2258929,Belum Terdaftar,0
288218700,UD. Zidan Adikara,Pendidikan,1030841,5232748,Terdaftar,1
288218701,UD. Heri Bahari,Kesehatan,36528333,5211132,Belum Terdaftar,0
288218702,UD. Fahmi Surapati,Kesehatan,49423383,6777990,Terdaftar,1
288218703,UD. Riko Pagi,Kesehatan,10842553,8139637,Terdaftar,1
288218704,UD. Oniel Sanjaya,Kesehatan,25467309,7855934,Belum Terdaftar,0
288218705,UD. Zainab Wening,Jasa,23055102,7994016,Belum Terdaftar,0
288218706,UD. Wawan Sundawa,Jasa,49990901,9725935,Belum Terdaftar,0
288218707,UD. Kamil Cahaya,Jasa,,8643947,Belum Terdaftar,0
288218708,UD. Qori Tunggul,Jasa,36619759,7472651,Belum Terdaftar,0
288218709,UD. Viona Cahaya,Pendidikan,37812750,4677310,Belum Terdaftar,0
288218710,UD. Fira Puri,Pendidikan,38821179,5854442,Terdaftar,1
288218711,UD. Wenda Winata,Jasa,10424109,6023524,Belum Terdaftar,0
288218712,UD. Diva Arya,Perdagangan,22268415,7072370,Terdaftar,1
288218713,UD. Ujang Cinta,Jasa,47438154,1139927,Belum Terdaftar,0
288218714,UD. Zera Trijaya,Kesehatan,27168516,4433934,Belum Terdaftar,0
288218715,UD. Elsa Utamajaya Jojo,Pendidikan,14734214,5300361,Belum Terdaftar,0
288218716,UD. Ghani Satria,Pendidikan,9326955,9561978,Terdaftar,1
288218717,UD. Ojan Sentosa,Perdagangan,26587290,2327995,Terdaftar,1
288218718,UD. Zidan Sumirat,Perdagangan,6204723,7584947,Terdaftar,1
288218719,UD. Wulan Ilir,Kesehatan,24654801,9379273,Belum Terdaftar,0
288218720,UD. Sani Trisula,Pendidikan,28146972,9823551,Terdaftar,1
288218721,UD. Qory Sahaja,Pendidikan,18101862,9976624,Terdaftar,1
288218722,UD. Qayla Karang Marsel,Pendidikan,25478395,6406860,Belum Terdaftar,0
288218723,UD. Zulkarnaen Satria,Perdagangan,27886960,5663991,Terdaftar,1
288218724,UD. Bayu Mulya,Perdagangan,23707183,5257933,Belum Terdaftar,0
288218725,UD. Hanaura Atma,Kesehatan,4688373,978872,Terdaftar,1
288218726,UD. Zulfa Persada,Kesehatan,4972673,801654,Belum Terdaftar,0
288218727,UD. Qasya Wiyata,Pendidikan,34350096,9480781,Belum Terdaftar,0
288218728,UD. Gisel Jatiwangi,Pendidikan,27988916,5655660,Terdaftar,1
288218729,UD. Fanny Pelangi,Pendidikan,3815049,3187477,Terdaftar,1
288218730,UD. Livia Asmaralaya,Kesehatan,35062711,8355134,Belum Terdaftar,0
288218731,UD. Mario Putri,Pendidikan,31924617,9726447,Terdaftar,1
288218732,UD. Oki Lempung,Jasa,36945004,898843,Belum Terdaftar,0
288218733,UD. Fatimah Sari,Perdagangan,34509491,7981570,Belum Terdaftar,0
288218734,UD. Ciko Atma,Jasa,38363138,3892354,Terdaftar,1
288218735,UD. Livia Senopati,Kesehatan,42613085,1430768,Belum Terdaftar,0
288218736,UD. Zara Kawiswara,Jasa,41901129,6072242,Belum Terdaftar,0
288218737,UD. Bagir Cempaka,Pendidikan,26980148,5947122,Terdaftar,1
288218738,UD. Kamil Galuh,Perdagangan,11096523,4099995,Belum Terdaftar,0
288218739,UD. Lea Wirajaya,Kesehatan,3107519,7883734,Belum Terdaftar,0
288218740,UD. Zain Tejakusuma,Kesehatan,9098959,4548463,Terdaftar,1
288218741,UD. Jordi Sejahtera,Pendidikan,3955879,5589131,Belum Terdaftar,0
288218742,UD. Galih Setia,Perdagangan,44951051,529088,Belum Terdaftar,0
288218743,UD. Isna Gemilang,Kesehatan,25938407,2134792,Belum Terdaftar,0
288218744,UD. Heri Ratu,Jasa,12552685,7047605,Terdaftar,1
288218745,UD. Marwan Pramana,Pendidikan,45143342,5873103,Terdaftar,1
288218746,UD. Umi Mandiri,Jasa,2818909,4554604,Terdaftar,1
288218747,UD. Isna Santosa,Kesehatan,25396371,4294106,Belum Terdaftar,0
288218748,UD. Zahira Madya,Pendidikan,42285375,1692331,Terdaftar,1
288218749,UD. Nisa Trisudira,Perdagangan,49144689,8273036,Terdaftar,1
288218750,UD. Pasha Pusaka Qanita,Jasa,23888304,2051727,Terdaftar,1
288218751,UD. Sella Wisesa,Perdagangan,39841352,921823,Belum Terdaftar,0
288218752,UD. Icha Bintang,Kesehatan,43884235,6566092,Terdaftar,1
288218753,UD. Zulkarnaen Agastya Odie,Pendidikan,16506968,6456824,Belum Terdaftar,0
288218754,UD. Tasya Wirawati,Jasa,25239933,2542506,Belum Terdaftar,0
288218755,UD. Laila Tejakencana,Pendidikan,45381970,7147986,Belum Terdaftar,0
288218756,UD. Wesly Prabawa,Jasa,6733951,5465088,Terdaftar,1
288218757,UD. Tami Dharma,Perdagangan,9280405,1298328,Terdaftar,1
288218758,UD. Jasmine Madusari,Pendidikan,13729090,1682683,Terdaftar,1
288218759,UD. Poppy Trisula,Perdagangan,8686270,3961964,Terdaftar,1
288218760,UD. Yaniar Ranggalawe,Perdagangan,20135293,1186185,Terdaftar,1
288218761,UD. Uci Pelangi,Perdagangan,39185074,2715267,Belum Terdaftar,0
288218762,UD. Jafar Terang,Pendidikan,26308700,8690187,Belum Terdaftar,0
288218763,UD. Oki Panji,Perdagangan,37282146,580383,Terdaftar,1
288218764,UD. Hana Sumirat,Perdagangan,17694698,2131123,Terdaftar,1
288218765,UD. Ilham Kusumasari,Pendidikan,35542842,1776411,Terdaftar,1
288218766,UD. Fajar Harapan,Jasa,8266763,2607311,Terdaftar,1
288218767,UD. Irma Sejahtera,Pendidikan,46369602,7510048,Terdaftar,1
288218768,UD. Krisna Trisakti,Perdagangan,39130536,2696967,Terdaftar,1
288218769,UD. Tomi Sumringah,Perdagangan,17725981,6270097,Belum Terdaftar,0
288218770,UD. Elen Cahyaningrat,Perdagangan,47846724,9336180,Terdaftar,1
288218771,UD. Hendra Ceria,Pendidikan,1384698,2002491,Belum Terdaftar,0
288218772,UD. Elva Paningrat,Pendidikan,27935581,4106278,Belum Terdaftar,0
288218773,UD. Anang Tunggul Delia,Perdagangan,14457181,2805772,Belum Terdaftar,0
288218774,UD. Prananda Naraya,Perdagangan,9942432,805657,Belum Terdaftar,0
288218775,UD. Pardi Tirtaatmaja,Jasa,38926820,5461676,Terdaftar,1
288218776,UD. Wulan Manik,Pendidikan,4474759,7376010,Terdaftar,1
288218777,UD. Ony Sumringah,Kesehatan,13985646,6373814,Terdaftar,1
288218778,UD. Cici Wijaya Anang,Kesehatan,46706457,648252,Terdaftar,1
288218779,UD. Willy Paningrat Novi,Kesehatan,46211080,3288619,Terdaftar,1
288218780,UD. Febri Maju,Jasa,4506448,8208480,Belum Terdaftar,0
288218781,UD. Sani Anindita,Kesehatan,17874139,4242116,Terdaftar,1
288218782,UD. Bulan Panembahan,Perdagangan,28196903,3907012,Terdaftar,1
288218783,UD. Jihan Abadi Nina,Perdagangan,10210249,7514203,Terdaftar,1
288218784,UD. Ujang Wirawati,Jasa,16946649,888718,Terdaftar,1
288218785,UD. Fatiah Wacana,Pendidikan,27117435,7358443,Terdaftar,1
288218786,UD. Vito Jayeng,Perdagangan,17862775,6802316,Terdaftar,1
288218787,UD. Shinta Bersemi,Pendidikan,42607318,802908,Terdaftar,1
288218788,UD. Hanaura Kamajaya,Kesehatan,26836154,5809297,Terdaftar,1
288218789,UD. Citra Atma,Kesehatan,24291149,1374065,Terdaftar,1
288218790,UD. Ari Haji,Kesehatan,26304893,1419156,Belum Terdaftar,0
288218791,UD. Isna Sukarela,Jasa,47319554,8713463,Belum Terdaftar,0
288218792,UD. Baim Wijaya,Jasa,25388253,672311,Belum Terdaftar,0
288218793,UD. Grego Tejakusuma,Perdagangan,24861205,1824215,Belum Terdaftar,0
288218794,UD. Indah Sudarsana,Kesehatan,9381762,9407906,Belum Terdaftar,0
288218795,UD. Panji Utamajaya,Pendidikan,40035769,5233329,Belum Terdaftar,0
288218796,UD. Omar Setia,Perdagangan,48028370,3761052,Terdaftar,1
288218797,UD. Qory Sukadarma Hesti,Perdagangan,11253281,4336690,Belum Terdaftar,0
288218798,UD. Wito Satriya,Jasa,18396077,2111085,Terdaftar,1
288218799,UD. Jojo Bahari,Perdagangan,10434439,9054589,Terdaftar,1
288218800,UD. Kirana Baruna,Perdagangan,13217955,4302711,Terdaftar,1
288218801,UD. Ina Jayengprana,Kesehatan,19217134,8436428,Terdaftar,1
288218802,UD. Citra Surapati Dea,Kesehatan,5727302,5448603,Belum Terdaftar,0
288218803,UD. Qyla Kusumasari,Pendidikan,14504629,5306958,Belum Terdaftar,0
288218804,UD. Nibras Jayengpati Anisa,Perdagangan,28537222,5552485,Terdaftar,1
288218805,UD. Jasmin Ilir,Pendidikan,36354563,5697117,Belum Terdaftar,0
288218806,UD. Damar Tengah,Jasa,3064323,4639027,Belum Terdaftar,0
288218807,UD. Poppy Merdeka,Jasa,25101117,2089521,Belum Terdaftar,0
288218808,UD. Nibras Madya,Jasa,24317544,1268492,Belum Terdaftar,0
288218809,UD. Jibril Sejahtera Salwa,Pendidikan,13759087,7503637,Terdaftar,1
288218810,UD. Bagir Gatra,Kesehatan,24160465,2749152,Belum Terdaftar,0
288218811,UD. Qory Suryaatmaja Nadia,Perdagangan,4641386,4574844,Terdaftar,1
288218812,UD. Anisa Tunggal,Jasa,12778979,9903682,Terdaftar,1
288218813,UD. Muthia Wangi,Kesehatan,6498994,2851512,Belum Terdaftar,0
288218814,UD. Fitri Madani Desta,Jasa,33028483,8073753,Terdaftar,1
288218815,UD. Qomar Prawira,Jasa,38655126,3632758,Terdaftar,1
288218816,UD. Wenda Arsana,Jasa,46201630,2246706,Terdaftar,1
288218817,UD. Nibras Manik Qori,Pendidikan,39890719,5133842,Belum Terdaftar,0
288218818,UD. Berlian Sudarsana,Perdagangan,8950363,5099309,Terdaftar,1
288218819,UD. Mirna Prajurit,Perdagangan,4094751,4221054,Belum Terdaftar,0
288218820,UD. Kurnia Haji,Jasa,20543524,7149228,Belum Terdaftar,0
288218821,UD. Elyas Paseban Naila,Kesehatan,16857283,2320516,Terdaftar,1
288218822,UD. Sella Lingga,Jasa,3471887,3088076,Terdaftar,1
288218823,UD. Prita Mardika,Kesehatan,49002184,4635430,Terdaftar,1
288218824,UD. Kiki Agung,Perdagangan,33312789,3401098,Belum Terdaftar,0
288218825,UD. Erni Citra,Kesehatan,20179713,2397879,Terdaftar,1
288218826,UD. Erlangga Sasmita,Perdagangan,3589298,2953985,Terdaftar,1
288218827,UD. Tomi Prawira Qomar,Pendidikan,49012339,9461867,Belum Terdaftar,0
288218828,UD. Qamar Bahari,Kesehatan,48648040,523738,Terdaftar,1
288218829,UD. Carissa Winata,Jasa,29236490,2407816,Belum Terdaftar,0
288218830,UD. Mika Adikara,Kesehatan,46308900,6989454,Belum Terdaftar,0
288218831,UD. Koko Sarwono,Kesehatan,27067803,6991307,Terdaftar,1
288218832,UD. Farhan Maju,Pendidikan,45860056,5319962,Terdaftar,1
288218833,UD. Lukita Sulaksana,Jasa,24085170,9729344,Belum Terdaftar,0
288218834,UD. Salsa Cerah,Kesehatan,26898916,6950342,Belum Terdaftar,0
288218835,UD. Qisha Kencana,Perdagangan,3154115,3941015,Terdaftar,1
288218836,UD. Livia Utamaindah,Perdagangan,36513547,5361742,Belum Terdaftar,0
288218837,UD. Yani Manik Viera,Pendidikan,28934555,7154565,Terdaftar,1
288218838,UD. Widya Suryaatmaja,Kesehatan,3749781,666997,Terdaftar,1
288218839,UD. Elen Sakti,Jasa,37645262,7607669,Terdaftar,1
288218840,UD. Yayan Dharma,Kesehatan,27923401,1633070,Belum Terdaftar,0
288218841,UD. Fadli Prima,Pendidikan,11944751,9627966,Belum Terdaftar,0
288218842,UD. Udin Hilir Elen,Pendidikan,14021781,4148094,Belum Terdaftar,0
288218843,UD. Kinan Utamajaya,Kesehatan,7654386,8359025,Belum Terdaftar,0
288218844,UD. Dito Paseban Joko,Kesehatan,28536454,7882276,Belum Terdaftar,0
288218845,UD. Monica Tri,Perdagangan,9165287,9969382,Belum Terdaftar,0
288218846,UD. Ulya Dharma,Kesehatan,27859205,8947140,Terdaftar,1
288218847,UD. Kiki Jayengprana,Perdagangan,7678899,5834501,Terdaftar,1
288218848,UD. Rangga Wiyata,Kesehatan,49028375,4985946,Terdaftar,1
288218849,UD. Anisa Harapan,Perdagangan,38879521,6894226,Terdaftar,1
288218850,UD. Khayla Kusumatmaja,Jasa,4142228,8729198,Terdaftar,1
288218851,UD. Tama Gita,Pendidikan,36034745,9800261,Belum Terdaftar,0
288218852,UD. Bagas Bagaskara,Jasa,11054244,1719965,Terdaftar,1
288218853,UD. Lutfi Berkarya,Perdagangan,48843177,1119277,Belum Terdaftar,0
288218854,UD. Ujang Nirwana,Jasa,1344460,,Terdaftar,1
288218855,UD. Uli Ilir,Perdagangan,45552213,4554100,Terdaftar,1
288218856,UD. Yora Harapan,Kesehatan,32312942,4381706,Belum Terdaftar,0
288218857,UD. Lukman Kusumasari,Kesehatan,19960619,9320869,Terdaftar,1
288218858,UD. Zahra Cinta,Kesehatan,39485087,5015362,Belum Terdaftar,0
288218859,UD. Indira Karang,Jasa,40149607,8576731,Belum Terdaftar,0
288218860,UD. Pandu Kawiswara,Jasa,14237346,3741571,Terdaftar,1
288218861,UD. Nindy Asri,Jasa,41269065,3708476,Belum Terdaftar,0
288218862,UD. Lutfi Wiyata,Jasa,4940945,2369754,,0
288218863,UD. Halim Wening,Jasa,38675989,4970082,Terdaftar,1
288218864,UD. Pipit Sanjaya,Kesehatan,34453284,7584003,Terdaftar,1
288218865,UD. Eddy Tejakencana Wesly,Pendidikan,18773131,2851907,Terdaftar,1
288218866,UD. Hendra Panembahan,Pendidikan,17799823,2466726,Terdaftar,1
288218867,UD. Qanitah Jagad,Kesehatan,10199909,6188289,Terdaftar,1
288218868,UD. Leni Kamajaya,Kesehatan,36159390,5927986,Terdaftar,1
288218869,UD. Celsi Panembahan,Kesehatan,47269991,8173452,Terdaftar,1
288218870,UD. Adinda Mandala,Jasa,9005157,4025845,Terdaftar,1
288218871,UD. Gusti Surya,Perdagangan,24867914,8057524,Belum Terdaftar,0
288218872,UD. Qyla Gita,Kesehatan,29967811,2660404,Terdaftar,1
288218873,UD. Lutfi Satya,Jasa,39196725,6158811,Terdaftar,1
288218874,UD. Gema Cerah,Kesehatan,39983164,7746617,Belum Terdaftar,0
288218875,UD. Made Suryaatmaja,Pendidikan,8490118,5601687,Terdaftar,1
288218876,UD. Carissa Raharja Mirna,Kesehatan,24231016,5314186,Belum Terdaftar,0
288218877,UD. Guntur Bahagia,Pendidikan,28121542,7296735,Belum Terdaftar,0
288218878,UD. Eni Senja,Perdagangan,45069708,2539185,Belum Terdaftar,0
288218879,UD. Joko Terang,Jasa,40504119,8082897,Belum Terdaftar,0
288218880,UD. Damar Hilir,Kesehatan,44020432,7791525,Belum Terdaftar,0
288218881,UD. Hasna Tri,Kesehatan,3961505,2624142,Belum Terdaftar,0
288218882,UD. Yoga Asih,Kesehatan,6831848,2298304,Terdaftar,1
288218883,UD. Willy Kusumatmaja,Kesehatan,28747409,4768246,Belum Terdaftar,0
288218884,UD. Oki Mega,Jasa,31736022,9992343,Belum Terdaftar,0
288218885,UD. Wahyu Ayodya,Jasa,44231092,2418297,Belum Terdaftar,0
288218886,UD. Zidan Agastya Yani,Pendidikan,16749469,8878579,Terdaftar,1
288218887,UD. Veronika Kinarya,Pendidikan,24646338,6222218,Belum Terdaftar,0
288218888,UD. Marsya Kawiswara,Pendidikan,42730733,8422225,Terdaftar,1
288218889,UD. Qori Saputranegara Riko,Perdagangan,15082085,7925322,Belum Terdaftar,0
288218890,UD. Gisel Lempung,Kesehatan,47487120,1197241,Terdaftar,1
288218891,UD. Desi Gandewa,Kesehatan,42453394,6491668,Terdaftar,1
288218892,UD. Wenny Buana,Jasa,44231828,1451835,Belum Terdaftar,0
288218893,UD. Khalid Lingga Hanaura,Kesehatan,39044980,4707291,Belum Terdaftar,0
288218894,UD. Gani Kayastha,Pendidikan,26636501,873752,Terdaftar,1
288218895,UD. Ulfa Sanjaya,Jasa,33417399,2465846,Belum Terdaftar,0
288218896,UD. Wito Widhi,Pendidikan,29761550,3886381,Belum Terdaftar,0
288218897,UD. Taufik Segar,Jasa,25889859,7494210,Terdaftar,1
288218898,UD. Satria Wening,Perdagangan,46472222,6707308,Terdaftar,1
288218899,UD. Chintya Wacana,Pendidikan,40712053,3236451,Belum Terdaftar,0
288218900,UD. Halimah Sunardi,Perdagangan,24915372,1441133,Belum Terdaftar,0
288218901,UD. Ilmi Sudarsana,Pendidikan,29080296,2405895,Belum Terdaftar,0
288218902,UD. Olla Asih,Pendidikan,47018839,4210623,Terdaftar,1
288218903,UD. Rafi Jagadmaya,Kesehatan,47570697,6531775,Terdaftar,1
288218904,UD. Lintang Sumirat,Jasa,8477536,1504562,Belum Terdaftar,0
288218905,UD. Fikra Wening,Kesehatan,37290886,8782659,Belum Terdaftar,0
288218906,UD. Jasmine Suryaatmaja,Jasa,10798443,3489141,Terdaftar,1
288218907,UD. Gracia Kusumatmaja,Kesehatan,27828893,3405637,Belum Terdaftar,0
288218908,UD. Elen Saputrautama,Perdagangan,39400193,7020778,Belum Terdaftar,0
288218909,UD. Budi Wiraatmaja,Pendidikan,22354734,753442,Terdaftar,1
288218910,UD. Anis Sudarsana,Perdagangan,20709079,8167127,Belum Terdaftar,0
288218911,UD. Bagas Buana,Jasa,15533368,5120793,Belum Terdaftar,0
288218912,UD. Jihan Mahkota Karla,Jasa,11431579,7895813,Belum Terdaftar,0
288218913,UD. Wenny Kelana Guntur,Perdagangan,8126298,8806713,Terdaftar,1
288218914,UD. Qanita Pelangi,Kesehatan,43795789,4988202,Terdaftar,1
288218915,UD. Pipit Anggrek,Perdagangan,36661213,1183836,Terdaftar,1
288218916,UD. Satria Jagad,Kesehatan,36556639,4427035,Terdaftar,1
288218917,UD. Tono Jaladara,Pendidikan,39452602,5779784,Belum Terdaftar,0
288218918,UD. Karla Tengah,Jasa,46891063,2334306,Belum Terdaftar,0
288218919,UD. Taufik Baru,Perdagangan,17624624,978045,Terdaftar,1
288218920,UD. Ari Prabawa,Kesehatan,26618849,7067293,Belum Terdaftar,0
288218921,UD. Zidan Gita Sella,Perdagangan,34735625,8191097,Belum Terdaftar,0
288218922,UD. Cinta Manunggal,Kesehatan,30163310,1702445,Terdaftar,1
288218923,UD. Jaya Warna,Kesehatan,32800749,,Terdaftar,1
288218924,UD. Tomi Widhi Bayu,Kesehatan,4208866,5997422,Terdaftar,1
288218925,UD. Vincent Saputrautama,Pendidikan,25294436,3145622,Terdaftar,1
288218926,UD. Lana Jagad,Kesehatan,16993884,8294389,Belum Terdaftar,0
288218927,UD. Ismail Bahagia,Perdagangan,13590409,7705940,Belum Terdaftar,0
288218928,UD. Oniel Jaladara,Pendidikan,39108664,4111460,Belum Terdaftar,0
288218929,UD. Pipit Langit,Jasa,17865013,8899581,Belum Terdaftar,0
288218930,UD. Nazar Mandala,Kesehatan,11960184,8453542,Terdaftar,1
288218931,UD. Andi Dwijaputra Iqra,,6912249,8910620,Belum Terdaftar,0
288218932,UD. Bagas Adiwarna,Perdagangan,30497866,8781799,Belum Terdaftar,0
288218933,UD. Tegar Sasmita,Jasa,12356720,6600392,Terdaftar,1
288218934,UD. Berlian Pamungkas,Jasa,30026601,4523790,Belum Terdaftar,0
288218935,UD. Desi Agung Lana,Perdagangan,5090549,6679935,Terdaftar,1
288218936,UD. Valen Abadi,Jasa,11105705,5194259,Terdaftar,1
288218937,UD. Tariq Indah,Jasa,19723566,6435145,Terdaftar,1
288218938,UD. Qanitah Sari Najwa,Jasa,7614385,8788098,Belum Terdaftar,0
288218939,UD. Aldo Prana Lukita,Perdagangan,25946939,8056018,Belum Terdaftar,0
288218940,UD. Diva Saputrautama,Jasa,41572009,7172112,Belum Terdaftar,0
288218941,UD. Koko Surya,Pendidikan,9924106,1339043,Terdaftar,1
288218942,UD. Ulfa Asa,Perdagangan,46615267,8026611,Terdaftar,1
288218943,UD. Gilangga Kencana,Jasa,12316721,8951930,Belum Terdaftar,0
288218944,UD. Qiana Praja Bela,Perdagangan,12538873,2940723,Belum Terdaftar,0
288218945,UD. Dora Rejo Yumna,Kesehatan,9722419,4872210,Terdaftar,1
288218946,UD. Budi Wetan,Perdagangan,31641536,864764,Terdaftar,1
288218947,UD. Nisa Sukarela,Pendidikan,13628211,2630970,Belum Terdaftar,0
288218948,UD. Chiko Trisakti,Perdagangan,16927927,870846,Terdaftar,1
288218949,UD. Amir Sumirat,Pendidikan,10734307,9522722,Terdaftar,1
288218950,UD. Romi Bratadikara,Perdagangan,25145114,5746180,Terdaftar,1
288218951,UD. Qisya Jayeng,Kesehatan,9565640,5497776,Terdaftar,1
288218952,UD. Uti Arya Sekar,Jasa,28028660,3110644,Belum Terdaftar,0
288218953,UD. Elyas Sari,Kesehatan,45066616,8394933,Belum Terdaftar,0
288218954,UD. Veronika Bangun,Perdagangan,48767740,1075656,,0
288218955,UD. Santi Terang,Pendidikan,31941659,4281178,Belum Terdaftar,0
288218956,UD. Yuli Cahaya,Jasa,7808264,9544190,Belum Terdaftar,0
288218957,UD. Gracia Tejakusuma Verdi,Jasa,14790093,7422763,Terdaftar,1
288218958,UD. Qori Kamajaya,Perdagangan,17920882,2094180,Terdaftar,1
288218959,UD. Novi Senopati,,48945781,8470792,Belum Terdaftar,0
288218960,UD. Ucup Sudarsana,Pendidikan,49028780,8797238,Belum Terdaftar,0
288218961,UD. Hilmiyah Sudarsana,Jasa,19503964,8339959,Belum Terdaftar,0
288218962,UD. Sari Galang,Jasa,46295300,5822248,Terdaftar,1
288218963,UD. Galih Tejakencana,Pendidikan,2600004,1842854,Terdaftar,1
288218964,UD. Erni Wijaya,Perdagangan,22091801,3366995,unknown,0
288218965,UD. Fira Nirmala,Perdagangan,36022255,2050470,Terdaftar,1
288218966,UD. Yudi Merdeka,Kesehatan,30986675,9457841,Belum Terdaftar,0
288218967,UD. Pio Jaya Eddy,Kesehatan,38757790,6671251,Belum Terdaftar,0
288218968,UD. Qanitah Kusuma,Kesehatan,26386209,9542944,Belum Terdaftar,0
288218969,UD. Monica Elok,Kesehatan,44601209,7025311,Belum Terdaftar,0
288218970,UD. Jodi Rejo,Perdagangan,48351585,8815622,Terdaftar,1
288218971,UD. Suci Dharma Yusuf,Jasa,18092950,4220833,Terdaftar,1
288218972,UD. Santi Mega Abdi,Kesehatan,16855988,9195895,Belum Terdaftar,0
288218973,UD. Fatimah Sukadarma,Perdagangan,5469095,1914541,Terdaftar,1
288218974,UD. Fikri Cendana,Perdagangan,23851187,8418640,Belum Terdaftar,0
288218975,UD. Pipit Swargaloka,Jasa,46333014,8346146,Terdaftar,1
288218976,UD. Obed Berkarya,Perdagangan,5925347,8202433,Belum Terdaftar,0
288218977,UD. Citra Jagad Nazar,Pendidikan,37506408,3063379,Belum Terdaftar,0
288218978,UD. Lukman Wijaya,Perdagangan,42505618,5177609,Belum Terdaftar,0
288218979,UD. Krisna Ananta,Perdagangan,40264349,2727510,Terdaftar,1
288218980,UD. Melati Hastinapura,Kesehatan,41521848,4614579,Terdaftar,1
288218981,UD. Galang Suci,Pendidikan,24917990,5712285,Terdaftar,1
288218982,UD. Fikra Prawira,Jasa,31719048,4850245,Terdaftar,1
288218983,UD. Sani Taruna,Jasa,36172210,4978152,Belum Terdaftar,0
288218984,UD. Koko Wicaksana,Pendidikan,33379175,5542830,Terdaftar,1
288218985,UD. Berlian Panji,Kesehatan,49576234,4702167,Terdaftar,1
288218986,UD. Zulkarnaen Sahaja,Jasa,29161703,5187208,Terdaftar,1
288218987,UD. Qyla Madani,Kesehatan,13357237,2286120,Belum Terdaftar,0
288218988,UD. Rian Mardika,Pendidikan,38653989,3828485,Belum Terdaftar,0
288218989,UD. Wahyu Berkarya,Kesehatan,36705588,3429044,Terdaftar,1
288218990,UD. Wahyu Sumirat,Jasa,10906583,1391218,Terdaftar,1
288218991,UD. Halim Gita Gadis,Perdagangan,2673105,2752442,Terdaftar,1
288218992,UD. Tiara Pancasila,Kesehatan,9873194,8290710,Terdaftar,1
288218993,UD. Iman Kusuma,Pendidikan,5258819,9691099,Terdaftar,1
288218994,UD. Galang Sahaja,Jasa,18302510,9432170,Belum Terdaftar,0
288218995,UD. Livia Ayodya,Pendidikan,6248389,4913447,Terdaftar,1
288218996,UD. Qanita Nirmala,Perdagangan,47754787,6527835,Terdaftar,1
288218997,UD. Haidar Lempung,Perdagangan,36335473,1565124,Terdaftar,1
288218998,UD. Obed Sehat,Pendidikan,23614937,8119731,Terdaftar,1
288218999,UD. Karim Siang,Kesehatan,30836232,2609046,Belum Terdaftar,0
288219000,UD. Lintang Buana Fadli,Pendidikan,25150453,4023090,Terdaftar,1
288219001,UD. Ciko Trijaya,Kesehatan,44020344,1232297,Belum Terdaftar,0
288219002,UD. Monica Langit,Kesehatan,2555301,4092853,Belum Terdaftar,0
288219003,UD. Juni Swargaloka,Jasa,25490368,3617335,Belum Terdaftar,0
288219004,UD. Anis Mahkota Tari,Kesehatan,27467656,2586286,Terdaftar,1
288219005,UD. Nando Pelangi,Pendidikan,27077275,3788824,Belum Terdaftar,0
288219006,UD. Tasya Sukma,Kesehatan,21508301,3182658,Belum Terdaftar,0
288219007,UD. Daffa Mayang,Perdagangan,17907042,896991,Terdaftar,1
288219008,UD. Pandu Yudhistira,Kesehatan,17873630,3276710,Belum Terdaftar,0
288219009,UD. Marwan Utama,Kesehatan,22096777,8848378,Terdaftar,1
288219010,UD. Suci Widhi,Perdagangan,36995557,7106901,Terdaftar,1
288219011,UD. Gerry Jagad,Kesehatan,6929122,2725595,Belum Terdaftar,0
288219012,UD. Tasya Pramana,Kesehatan,32341282,5929764,Terdaftar,1
288219013,UD. Maudy Tunggul Wulan,Pendidikan,44033207,5541411,Terdaftar,1
288219014,UD. Icha Manunggal,Pendidikan,49842358,5275401,Belum Terdaftar,0
288219015,UD. Olivia Arya Nadia,Jasa,30367481,6811434,Terdaftar,1
288219016,UD. Juni Baru,Jasa,44998517,2386364,Belum Terdaftar,0
288219017,UD. Tariq Kelana,Pendidikan,42265541,1024336,Terdaftar,1
288219018,UD. Berlian Lestari,Jasa,5106285,9141322,Terdaftar,1
288219019,UD. Livia Atma,Kesehatan,47208336,4275329,Terdaftar,1
288219020,UD. Thariq Jati,Perdagangan,23605630,6447704,Terdaftar,1
288219021,UD. Uli Praja Lidya,Jasa,9424519,2460025,Belum Terdaftar,0
288219022,UD. Bella Jati,Perdagangan,14182500,7878096,Terdaftar,1
288219023,UD. Ujang Anindita Lintang,Jasa,37362685,2301111,Terdaftar,1
288219024,UD. Gani Asa,Perdagangan,14715654,9741762,Terdaftar,1
288219025,UD. Silvi Naraya Qisya,Kesehatan,27523711,6119186,Terdaftar,1
288219026,UD. Ina Bangun,Pendidikan,10451553,4838654,unknown,0
288219027,UD. Fitri Suryaatmaja,Jasa,5582263,6918988,Terdaftar,1
288219028,UD. Laras Sasmita,Jasa,32929232,566588,Terdaftar,1
288219029,UD. Diva Surapati,Pendidikan,18799396,2503520,Terdaftar,1
288219030,UD. Ovan Wicaksana,Pendidikan,43570559,4102358,Belum Terdaftar,0
288219031,UD. Lidya Darma,Kesehatan,48766028,7300866,Belum Terdaftar,0
288219032,UD. Sinta Wening,Pendidikan,42847629,,Belum Terdaftar,0
288219033,UD. Shinta Wibawa,Pendidikan,39908949,6407958,Belum Terdaftar,0
288219034,UD. Ziva Utama,Pendidikan,34243737,8700503,Terdaftar,1
288219035,UD. Salsa Merdeka,Perdagangan,44947463,3541173,Terdaftar,1
288219036,UD. Rian Wisesa,Pendidikan,6171044,2493917,Terdaftar,1
288219037,UD. Halim Persada,Pendidikan,49223163,3653524,Belum Terdaftar,0
288219038,UD. Bagas Jaladara,Pendidikan,22100141,2970176,Belum Terdaftar,0
288219039,UD. Veronika Tirtayasa,Kesehatan,16395082,2424848,Terdaftar,1
288219040,UD. Yola Putri,Perdagangan,46474545,6428364,Belum Terdaftar,0
288219041,UD. Baim Rejo,Jasa,34728052,2554686,Belum Terdaftar,0
288219042,UD. Wenda Gita,Jasa,,2637066,Belum Terdaftar,0
288219043,UD. Desta Swargaloka,Perdagangan,39613042,5342095,Belum Terdaftar,0
288219044,UD. Tania Nirmala,Pendidikan,25561248,4332944,Belum Terdaftar,0
288219045,UD. Maudy Tirta,Perdagangan,39829650,5365163,Belum Terdaftar,0
288219046,UD. Qira Nusa,Pendidikan,10157513,6085296,Terdaftar,1
288219047,UD. Fani Cahaya,Perdagangan,6007333,1282945,Terdaftar,1
288219048,UD. Kinan Malam,Pendidikan,18351874,8054881,Terdaftar,1
288219049,UD. Tomi Langit,Pendidikan,19351713,8026615,Belum Terdaftar,0
288219050,UD. Jordi Asih,Kesehatan,27848444,9512256,Belum Terdaftar,0
288219051,UD. Kiki Maheswara,Kesehatan,29247455,3003624,Terdaftar,1
288219052,UD. Dito Sudharmo,Kesehatan,35355380,2540331,Terdaftar,1
288219053,UD. Utha Panembahan Damar,Pendidikan,37251245,3763076,Belum Terdaftar,0
288219054,UD. Prananda Sejahtera,Pendidikan,31767518,1083851,Terdaftar,1
288219055,UD. Umar Panji,Jasa,13746718,4330195,Terdaftar,1
288219056,UD. Gita Wirajaya,Kesehatan,29106400,8983972,,0
288219057,UD. Lukman Jati,Perdagangan,43674739,8174028,Belum Terdaftar,0
288219058,UD. Sinta Santosa,Pendidikan,43805161,2878292,Belum Terdaftar,0
288219059,UD. Haidar Cempaka,Perdagangan,20322939,6694459,Belum Terdaftar,0
288219060,UD. Vina Kusumatmaja,Jasa,46544550,6697627,Terdaftar,1
288219061,UD. Tegar Jagadmaya,Kesehatan,44612415,610448,Belum Terdaftar,0
288219062,UD. Galang Jaya,Perdagangan,29411604,9281581,Terdaftar,1
288219063,UD. Mirna Nirwasita,Pendidikan,47018721,4106776,Belum Terdaftar,0
288219064,UD. Pardi Kusumatmaja,Jasa,11068242,1133991,Terdaftar,1
288219065,UD. Mirna Trisudira,Perdagangan,11467655,6960047,Belum Terdaftar,0
288219066,UD. Jasmine Adhi,Jasa,34368657,5490763,Belum Terdaftar,0
288219067,UD. Kevin Binasena,Jasa,39980684,3992204,Belum Terdaftar,0
288219068,UD. Irma Wijaya,Pendidikan,,3160771,Belum Terdaftar,0
288219069,UD. Tasya Harmoni,Perdagangan,29136002,4290302,Belum Terdaftar,0
288219070,UD. Halim Utamaindah,Perdagangan,29985173,2882445,Belum Terdaftar,0
288219071,UD. Berlian Jayeng,Jasa,3612493,5985707,Terdaftar,1
288219072,UD. Rangga Pramana,Jasa,42751989,4602237,Belum Terdaftar,0
288219073,UD. Viani Saprahan,Jasa,37146676,8741835,Belum Terdaftar,0
288219074,UD. Elok Harapan,Kesehatan,5678073,5908987,Terdaftar,1
288219075,UD. Hanafi Gunawan,Jasa,19944957,1384377,Belum Terdaftar,0
288219076,UD. Binar Kencana,Perdagangan,24342307,6972557,Terdaftar,1
288219077,UD. Livia Surya,Pendidikan,42690619,8133871,Belum Terdaftar,0
288219078,UD. Jasmine Wijaya,Jasa,17394864,4749530,Terdaftar,1
288219079,UD. Panji Artha,Perdagangan,17836207,7768230,Terdaftar,1
288219080,UD. Wesly Maju Sella,Pendidikan,19971075,4053851,Terdaftar,1
288219081,UD. Lutfi Widuri,Pendidikan,16830080,9973356,Terdaftar,1
288219082,UD. Elen Selaras,Kesehatan,15976442,7178471,Belum Terdaftar,0
288219083,UD. Binar Saputranegara,Perdagangan,21655363,4768702,Belum Terdaftar,0
288219084,UD. Sani Kencana,Kesehatan,41119247,8087911,Terdaftar,1
288219085,UD. Juli Sentosa,Perdagangan,38696184,8818045,Terdaftar,1
288219086,UD. Zahira Harapan,Kesehatan,34197242,4343620,Belum Terdaftar,0
288219087,UD. Winda Madusari,Pendidikan,43978987,9624833,Terdaftar,1
288219088,UD. Daffa Wijaksana,Perdagangan,,8208802,Terdaftar,1
288219089,UD. Olla Sidarta,Pendidikan,26717505,6098126,Belum Terdaftar,0
288219090,UD. Binar Swargaloka,Perdagangan,28847477,3841360,Belum Terdaftar,0
288219091,UD. Opik Jagad,unknown,49297505,3239428,Terdaftar,1
288219092,UD. Intan Tri,Pendidikan,21365787,2744185,Terdaftar,1
288219093,UD. Zaki Pramudita,Kesehatan,48134357,5557439,Terdaftar,1
288219094,UD. Oki Jayengpati,Kesehatan,17484745,2491383,Belum Terdaftar,0
288219095,UD. Omar Sulaksana,Kesehatan,23387203,1117634,Belum Terdaftar,0
288219096,UD. Gusti Wira,Pendidikan,17439179,1079508,Terdaftar,1
288219097,UD. Dani Paseban,Perdagangan,20803235,7226559,Belum Terdaftar,0
288219098,UD. Tama Sumirat Yola,Kesehatan,29432112,2464123,Belum Terdaftar,0
288219099,UD. Kanza Utama,Perdagangan,5484437,1350754,Terdaftar,1
288219100,UD. Sinta Gemilang,Pendidikan,46613365,7719188,Terdaftar,1
288219101,UD. Jibril Saprahan,Kesehatan,39757401,2586970,Terdaftar,1
288219102,UD. Harun Arsana,Perdagangan,47597650,6599438,Terdaftar,1
288219103,UD. Lando Jatiwangi,Pendidikan,11767198,2681057,Belum Terdaftar,0
288219104,UD. Jodi Kalbu,Pendidikan,10328808,1778401,Belum Terdaftar,0
288219105,UD. Desta Bangun,Kesehatan,37399824,5897102,Terdaftar,1
288219106,UD. Valen Adiwarna,Jasa,45291828,4334138,Belum Terdaftar,0
,UD. Jaya Bagaskara,Pendidikan,30298274,3944183,Belum Terdaftar,0
288219108,UD. Qira Setia,Jasa,16597218,4301660,Belum Terdaftar,0
288219109,UD. Lono Jati Tania,Jasa,44716716,4564975,Terdaftar,1
288219110,UD. Tasya Mulya,Jasa,10486220,5576712,Belum Terdaftar,0
288219111,UD. Maudy Madusari,Pendidikan,4620783,8183941,Belum Terdaftar,0
288219112,UD. Hasna Wisesa,Pendidikan,8594305,4496020,Terdaftar,1
288219113,UD. Livia Sangkala Vito,Kesehatan,47749545,2629315,Belum Terdaftar,0
288219114,UD. Grego Sukma,Jasa,18064320,1272760,Terdaftar,1
288219115,UD. Yasir Bagaskara,Jasa,40976942,1759185,Belum Terdaftar,0
288219116,UD. Oki Selaras,Kesehatan,11230947,964424,Belum Terdaftar,0
288219117,UD. Adinda Kinarya Tomi,Jasa,31351313,3695808,Terdaftar,1
288219118,UD. Priska Kamajaya Shinta,Jasa,21131873,2835812,Belum Terdaftar,0
288219119,UD. Ujang Wening,Pendidikan,1471595,3945553,Belum Terdaftar,0
288219120,UD. Mirna Putri Sella,Jasa,42096225,3170954,Belum Terdaftar,0
288219121,UD. Echa Cerah,Pendidikan,38856704,3307043,Terdaftar,1
288219122,UD. Salsa Bangun,Perdagangan,43918688,4613443,Terdaftar,1
288219123,UD. Nara Ratu,Kesehatan,6324042,7034139,Terdaftar,1
288219124,UD. Pandu Kencana,Jasa,20123836,6644038,Belum Terdaftar,0
288219125,UD. Inten Ananta,Jasa,14715954,4997948,Terdaftar,1
288219126,UD. Putra Anugerah,Perdagangan,22494866,9183155,Terdaftar,1
288219127,UD. Tami Abdi,Perdagangan,33695928,7346836,Belum Terdaftar,0
288219128,UD. Halimah Jati,Pendidikan,44002796,7060138,Belum Terdaftar,0
288219129,UD. Tami Saprahan,Kesehatan,10024854,1956120,Belum Terdaftar,0
288219130,UD. Zahira Utama,Pendidikan,46195613,8496273,Belum Terdaftar,0
288219131,UD. Gadis Yudhistira,Perdagangan,6843422,3395087,Terdaftar,1
288219132,UD. Yola Wibawa Qayla,Pendidikan,9483841,4541801,Belum Terdaftar,0
288219133,UD. Zahra Karya,Kesehatan,14516027,6124410,Terdaftar,1
288219134,UD. Jafar Kusumah,Perdagangan,13095697,6111781,Terdaftar,1
288219135,UD. Jihan Ratu Panji,Pendidikan,27758636,8626502,Terdaftar,1
288219136,UD. Inten Sasmita,Pendidikan,4864648,9291073,Belum Terdaftar,0
288219137,UD. Kevin Jati,Perdagangan,8623117,3595364,Belum Terdaftar,0
288219138,UD. Intan Bagaskara Putra,Jasa,27437055,748837,Belum Terdaftar,0
288219139,UD. Dora Winata Zidanar,Pendidikan,8904134,721892,Belum Terdaftar,0
288219140,UD. Gerry Trisudira,Pendidikan,6115032,3472198,Terdaftar,1
288219141,UD. Hanafi Resmi,Perdagangan,9291382,9797072,Belum Terdaftar,0
288219142,UD. Tegar Surapati,Jasa,46484803,8099032,Terdaftar,1
288219143,UD. Jafar Kusumasari,Jasa,1586850,9524816,Terdaftar,1
288219144,UD. Bambang Adhi,Perdagangan,44319924,1494725,Belum Terdaftar,0
288219145,UD. Mika Utama,Kesehatan,21892508,9852018,Terdaftar,1
288219146,UD. Veronika Panembahan,Pendidikan,33478476,7024532,Belum Terdaftar,0
288219147,UD. Lana Radhitya,Kesehatan,32049405,1478591,Belum Terdaftar,0
288219148,UD. Fanny Radhitya,Kesehatan,23509454,981804,Belum Terdaftar,0
288219149,UD. Leni Asri,Jasa,11153549,4498784,Terdaftar,1
288219150,UD. Khayla Kusen,Jasa,40136085,5727067,Terdaftar,1
288219151,UD. Wahyu Anindita,Pendidikan,49321480,4185687,Belum Terdaftar,0
288219152,UD. Kirana Tunggal,Pendidikan,45801688,9381678,Belum Terdaftar,0
288219153,UD. Indah Cinta,Perdagangan,45764861,6623017,Belum Terdaftar,0
288219154,UD. Salsa Prabawa,Pendidikan,22164232,6981361,Terdaftar,1
288219155,UD. Novi Suryaputra,Perdagangan,39814199,5472991,Terdaftar,1
288219156,UD. Jojo Sulaksana,Pendidikan,45881242,2359808,Terdaftar,1
288219157,UD. Opik Jayengprana,Perdagangan,26622610,8216737,Belum Terdaftar,0
288219158,UD. Ony Ananta,Perdagangan,1481500,4122597,Terdaftar,1
288219159,UD. Suci Bratadikara,Kesehatan,47391950,5902620,Terdaftar,1
288219160,UD. Verdi Adyatma,Pendidikan,44896803,7701196,Terdaftar,1
288219161,UD. Kamil Asih,Kesehatan,26897446,,Terdaftar,1
288219162,UD. Riyan Jayabaya,Kesehatan,44071491,9218199,Terdaftar,1
288219163,UD. Tiara Wirajaya,Pendidikan,18074404,2015406,Terdaftar,1
288219164,UD. Kamil Saputrautama,Pendidikan,3502963,2377433,Terdaftar,1
,UD. Raka Utama,Pendidikan,2776328,4439363,Terdaftar,1
288219166,UD. Dea Cempaka,Pendidikan,42279440,9764920,Terdaftar,1
288219167,UD. Pardi Abadi,Perdagangan,29599529,2955669,Terdaftar,1
288219168,UD. Tasya Jagadmaya,Perdagangan,9601747,6445826,Belum Terdaftar,0
288219169,UD. Owen Cerah,Kesehatan,12431089,6076934,Terdaftar,1
288219170,UD. Eni Damai,Perdagangan,2873651,5446307,Belum Terdaftar,0
288219171,UD. Vino Adiwangsa,Pendidikan,49527451,5036164,Terdaftar,1
288219172,UD. Uchie Ilir,Kesehatan,27683122,4060442,Belum Terdaftar,0
288219173,UD. Guntur Makmur,Perdagangan,1092849,3317428,Terdaftar,1
288219174,UD. Fitri Wiyata Fanny,,9610540,4195634,Terdaftar,1
288219175,UD. Baim Persada,Kesehatan,14194102,5964874,Belum Terdaftar,0
288219176,UD. Juli Utama Grego,Pendidikan,17459128,1402818,Terdaftar,1
288219177,UD. Khalid Permai Carissa,Perdagangan,19050644,8731992,Belum Terdaftar,0
288219178,UD. Yessi Adiwangsa,Jasa,8469252,1490537,Belum Terdaftar,0
288219179,UD. Vita Kawiswara,Kesehatan,31544900,8040335,Belum Terdaftar,0
288219180,UD. Jodi Buana,Perdagangan,36499576,6049698,Belum Terdaftar,0
288219181,UD. Hanafi Suryaputra,Pendidikan,2680523,7221232,Belum Terdaftar,0
288219182,UD. Tegar Puri,Perdagangan,20594585,7387037,Terdaftar,1
288219183,UD. Utami Mandala,Jasa,22014035,6687504,Terdaftar,1
288219184,UD. Tono Sulaksana,Kesehatan,40321217,547156,Belum Terdaftar,0
288219185,UD. Clarissa Terang,Pendidikan,8032964,2280779,Terdaftar,1
288219186,UD. Gita Wangi,Jasa,15179281,4708609,Terdaftar,1
288219187,UD. Yoga Manik,Pendidikan,5385620,5245738,Belum Terdaftar,0
288219188,UD. Bulan Wibawa,Pendidikan,13606706,8728412,Belum Terdaftar,0
288219189,UD. Thariq Pelangi Vincent,Perdagangan,32716741,3082865,Terdaftar,1
288219190,UD. Tasya Wisnu,Kesehatan,12058929,3234850,Terdaftar,1
288219191,UD. Silvi Tunggul,Perdagangan,9145008,763465,Terdaftar,1
288219192,UD. Mira Padi Kanza,Pendidikan,2076236,3669251,Belum Terdaftar,0
288219193,UD. Agus Agastya,Perdagangan,49797575,3170950,Terdaftar,1
288219194,UD. Nina Wicaksana,Pendidikan,38796442,4581574,Belum Terdaftar,0
288219195,UD. Zainab Praja,Kesehatan,36614961,8085936,Terdaftar,1
288219196,UD. Hana Nusa,Pendidikan,3212477,8149672,Terdaftar,1
288219197,UD. Winda Bahari Icha,Kesehatan,49399692,9569455,Terdaftar,1
288219198,UD. Marsel Naraya,Jasa,37339582,5418643,Terdaftar,1
288219199,UD. Maudy Padi,Perdagangan,8963519,8088717,Terdaftar,1
288219200,UD. Sella Adiwarna,Jasa,6351401,5068277,Belum Terdaftar,0
288219201,UD. Oki Cahaya,Kesehatan,12390464,1232773,Terdaftar,1
288219202,UD. Deni Anindita,Pendidikan,1152265,3967229,Terdaftar,1
288219203,UD. Widi Nirwasita,Perdagangan,47084692,3958150,Terdaftar,1
288219204,UD. Gerry Sulaksana,Pendidikan,11967212,2428593,Belum Terdaftar,0
288219205,UD. Lukita Satria,Jasa,41492442,2968193,Terdaftar,1
288219206,UD. Aldo Wibawa Ujang,Perdagangan,6298406,8463092,Terdaftar,1
288219207,UD. Chika Suci,Jasa,4024759,674286,Terdaftar,1
288219208,UD. Tari Anugerah,Perdagangan,9607188,5464065,Terdaftar,1
288219209,UD. Tania Wangi,Pendidikan,24180349,6796321,Belum Terdaftar,0
288219210,UD. Wenda Arya,Kesehatan,43577203,6293225,Terdaftar,1
288219211,UD. Jafar Trisaktiatma,Perdagangan,46084176,2778967,Belum Terdaftar,0
288219212,UD. Willy Indah,Pendidikan,49340799,3590125,Belum Terdaftar,0
288219213,UD. Pasha Adikara Ilmi,Perdagangan,2174394,4079601,Belum Terdaftar,0
288219214,UD. Uli Makmur,Jasa,26351131,9264999,Belum Terdaftar,0
288219215,UD. Amir Adhi,Perdagangan,19689331,3351392,Terdaftar,1
288219216,UD. Yani Sukadarma Qisya,Pendidikan,35136237,9146625,Belum Terdaftar,0
288219217,UD. Chiko Siang,,31240029,4948267,Terdaftar,1
288219218,UD. Iqra Tunggul,Perdagangan,42689690,4795896,Belum Terdaftar,0
288219219,UD. Najwa Segar,Jasa,39189179,7586457,Terdaftar,1
288219220,UD. Olivia Sanjaya,Jasa,46283155,8050214,Terdaftar,1
288219221,UD. Nazar Jagadmaya Icha,Pendidikan,11139043,819030,Belum Terdaftar,0
288219222,UD. Mirna Pramudita,Perdagangan,48212134,836625,Terdaftar,1
288219223,UD. Karla Tejakencana,Perdagangan,15060797,2471718,Belum Terdaftar,0
288219224,UD. Ony Wijaksana,Jasa,38032059,9867267,Belum Terdaftar,0
288219225,UD. Anang Mandala,Kesehatan,33048223,5208233,Terdaftar,1
288219226,UD. Oki Mulya,Kesehatan,13173295,6216351,Terdaftar,1
288219227,UD. Abel Saputra Jasmin,Jasa,40169256,8104294,Belum Terdaftar,0
288219228,UD. Yani Asmaralaya,Jasa,21201250,2765991,Terdaftar,1
288219229,UD. Lono Adyatma,Jasa,37594226,7961790,Belum Terdaftar,0
288219230,UD. Diyan Wijaksana,Kesehatan,9124326,3689538,Belum Terdaftar,0
288219231,UD. Abdi Prima,Jasa,25655030,9885599,Belum Terdaftar,0
288219232,UD. Celsi Prabawa,Pendidikan,24623573,1906377,Terdaftar,1
288219233,UD. Ulya Kinarya,Perdagangan,18756296,4471985,Belum Terdaftar,0
288219234,UD. Eka Resmi,Jasa,1184489,2950254,Terdaftar,1
288219235,UD. Halim Widuri,Jasa,41354547,8348381,Belum Terdaftar,0
288219236,UD. Mila Sukarela,Jasa,24379467,4720058,Terdaftar,1
288219237,UD. Gita Setia,Perdagangan,49364879,8851369,Belum Terdaftar,0
288219238,UD. Jasmin Wangi,Perdagangan,45245256,3353026,Belum Terdaftar,0
288219239,UD. Zaki Mayang,Jasa,33739153,6240237,Terdaftar,1
288219240,UD. Sani Santosa Nazar,Jasa,46176117,7041933,Belum Terdaftar,0
288219241,UD. Via Cendana,Kesehatan,35437361,942268,Terdaftar,1
288219242,UD. Tiara Padi,Pendidikan,11331138,3034642,Terdaftar,1
288219243,UD. Tono Langit,Pendidikan,35830967,8656324,Terdaftar,1
288219244,UD. Habib Tunggal,Jasa,14460635,1148321,Terdaftar,1
288219245,UD. Delia Sidarta,Perdagangan,16160271,7957632,Belum Terdaftar,0
288219246,UD. Mega Naraya,Jasa,21782619,8911385,Terdaftar,1
288219247,UD. Hesti Mulyo Juni,Perdagangan,27077224,6643570,Terdaftar,1
288219248,UD. Sinta Lintang,Kesehatan,37780386,4788832,Belum Terdaftar,0
288219249,UD. Zainab Jayengprana,Kesehatan,41217561,5508493,Belum Terdaftar,0
288219250,UD. Jasmine Puri Gita,Kesehatan,5255785,5447367,Belum Terdaftar,0
288219251,UD. Vidi Resmi,Jasa,5301419,6819947,Belum Terdaftar,0
288219252,UD. Febri Jagadmaya,Pendidikan,,4964249,Belum Terdaftar,0
288219253,UD. Fahmi Resmi,Kesehatan,49478972,4490856,Belum Terdaftar,0
288219254,UD. Wawan Prima,Perdagangan,49597875,1631902,Belum Terdaftar,0
288219255,UD. Satria Madusari,Kesehatan,43182648,1201365,Terdaftar,1
288219256,UD. Marsya Saputranegara Suci,Kesehatan,30466146,9635468,Terdaftar,1
,UD. Grego Baruna,Pendidikan,36466093,4551760,Terdaftar,1
288219258,UD. Olla Resmi,Pendidikan,36726792,7376219,Belum Terdaftar,0
288219259,UD. Laras Galuh,Perdagangan,21995553,847089,Terdaftar,1
288219260,UD. Elva Jayeng,Perdagangan,33004435,7223864,Belum Terdaftar,0
288219261,UD. Ujang Raharja,Perdagangan,36819575,4047280,Terdaftar,1
288219262,UD. Desi Tirtayasa,Jasa,33634925,853302,Terdaftar,1
288219263,UD. Cici Wangi,Kesehatan,24247473,6296404,Belum Terdaftar,0
288219264,UD. Yana Paningrat,Jasa,11415525,8773761,Belum Terdaftar,0
288219265,UD. Mira Utama,Pendidikan,30232302,8857855,Belum Terdaftar,0
288219266,UD. Qyla Prima,Perdagangan,32598077,5687755,Terdaftar,1
288219267,UD. Salsa Wijaya,Pendidikan,2419657,3912443,Belum Terdaftar,0
288219268,UD. Iqra Satria,Pendidikan,18692768,1196963,Terdaftar,1
288219269,UD. Febri Trisula,Jasa,7084265,7854716,Belum Terdaftar,0
288219270,UD. Qanita Madani,Perdagangan,44360956,9074309,Belum Terdaftar,0
288219271,UD. Zainab Madya,Jasa,27874576,3859570,Belum Terdaftar,0
288219272,UD. Fira Adiwarna,Kesehatan,28496827,5479375,Terdaftar,1
288219273,UD. Budi Reswara,Jasa,34470925,9153412,Belum Terdaftar,0
288219274,UD. Hasna Gunawan,Perdagangan,5187431,1277218,Terdaftar,1
288219275,UD. Riko Jayeng,Pendidikan,20963222,7094079,Belum Terdaftar,0
288219276,UD. Gilangga Dwijaputra,Pendidikan,24371369,6427595,Belum Terdaftar,0
288219277,UD. Kirana Bima,Kesehatan,30379192,2990472,Terdaftar,1
288219278,UD. Eddy Gandewa,Perdagangan,31789940,4476377,Belum Terdaftar,0
288219279,UD. Syifa Kamajaya Zahira,Jasa,32353725,6998878,Belum Terdaftar,0
288219280,UD. Mirna Jatinagara,Perdagangan,3633258,8895370,Belum Terdaftar,0
288219281,UD. Anis Tri,Kesehatan,45170990,5016889,Terdaftar,1
288219282,UD. Alma Trisaktiatma,Kesehatan,45191252,6750858,Terdaftar,1
288219283,UD. Kinan Ratu,Pendidikan,23885613,4532625,Belum Terdaftar,0
288219284,UD. Diyan Jati,Perdagangan,37223423,9610515,Belum Terdaftar,0
288219285,UD. Adinda Yudhistira,Jasa,28730558,9775189,Terdaftar,1
288219286,UD. Tami Agastya Jay,Perdagangan,14004854,3691778,Belum Terdaftar,0
288219287,UD. Zera Satria,Perdagangan,24611691,5351498,Belum Terdaftar,0
288219288,UD. Santi Sanjaya,Kesehatan,31169189,5440598,Belum Terdaftar,0
288219289,UD. Fitri Sarwono,Jasa,38912801,3058849,Terdaftar,1
288219290,UD. Hana Sulaksana,Perdagangan,43715749,1491257,Terdaftar,1
288219291,UD. Dea Tejakencana,Perdagangan,4945215,9603200,Terdaftar,1
288219292,UD. Wulan Mahkota,Perdagangan,30027529,3670830,Belum Terdaftar,0
288219293,UD. Sari Widjaja,Kesehatan,37345482,5627583,Belum Terdaftar,0
288219294,UD. Nibras Wangi Vino,Pendidikan,48370729,5570203,Terdaftar,1
288219295,UD. Tomi Resaputra,Pendidikan,42056897,866440,Belum Terdaftar,0
288219296,UD. Evan Binasena,Jasa,3787156,9042910,Terdaftar,1
288219297,UD. Gracia Pagi,Kesehatan,5786041,6206123,Terdaftar,1
288219298,UD. Qomar Padi Uci,Perdagangan,41885734,8752157,Terdaftar,1
288219299,UD. Santi Pusaka Adinda,Perdagangan,41327545,9894107,Belum Terdaftar,0
288219300,UD. Riyan Mandala,Jasa,39211146,6224075,Belum Terdaftar,0
288219301,UD. Aqila Bijaksana Jay,Pendidikan,20326537,2596545,Belum Terdaftar,0
288219302,UD. Livia Madusari,Perdagangan,47338848,1239994,Belum Terdaftar,0
288219303,UD. Ovan Gandewa,Kesehatan,26250657,7603834,Terdaftar,1
288219304,UD. Jihan Dharma,Kesehatan,9875469,9967580,Belum Terdaftar,0
288219305,UD. Eka Wijaksana Ida,Pendidikan,48203919,5745477,Terdaftar,1
288219306,UD. Halim Saputrautama Farhan,Pendidikan,30804106,1393363,Belum Terdaftar,0
288219307,UD. Diva Lestari,Perdagangan,35888443,1195983,Terdaftar,1
288219308,UD. Farid Sangga,Jasa,24153121,5068938,Belum Terdaftar,0
288219309,UD. Hasna Mayang,Jasa,9475686,3329945,Belum Terdaftar,0
288219310,UD. Iqra Kusen Bulan,Jasa,49678550,4937924,Belum Terdaftar,0
288219311,UD. Inten Utamajaya,Pendidikan,18834614,9644026,Belum Terdaftar,0
288219312,UD. Joko Nirwana,Perdagangan,48776003,6488443,Terdaftar,1
288219313,UD. Vidi Damai,Kesehatan,21604211,3739176,Belum Terdaftar,0
288219314,UD. Laras Harapan,Perdagangan,35002708,3909694,Belum Terdaftar,0
288219315,UD. Zainab Galang,Pendidikan,5846579,6096987,Belum Terdaftar,0
288219316,UD. Zahira Sangga,Kesehatan,34092002,6845200,Terdaftar,1
288219317,UD. Vino Mulyo,Jasa,12896484,9927567,Terdaftar,1
288219318,UD. Fauzan Bahari,Jasa,38509719,8855325,Terdaftar,1
288219319,UD. Romi Bratadikara Damaris,Jasa,44054389,4494197,Belum Terdaftar,0
288219320,UD. Qyla Lestari,Jasa,3892203,9572456,Terdaftar,1
288219321,UD. Laila Nusa,Pendidikan,30503862,6434259,Terdaftar,1
288219322,UD. Tariq Wangi,Jasa,5176207,7745004,Terdaftar,1
288219323,UD. Pipit Baswara,Kesehatan,39518858,2412069,Belum Terdaftar,0
288219324,UD. Teguh Bahari,Jasa,30658675,4341419,Terdaftar,1
288219325,UD. Syana Kencana,Perdagangan,20024287,8272669,Terdaftar,1
288219326,UD. Qira Sasmita,Kesehatan,40851061,2806887,Terdaftar,1
288219327,UD. Binar Cahaya,Perdagangan,43057766,6218784,Terdaftar,1
288219328,UD. Indah Surapati,Jasa,10695933,9073001,Terdaftar,1
288219329,UD. Rafif Mandala,Pendidikan,34695900,6431392,Belum Terdaftar,0
288219330,UD. Daffa Tejakencana,Kesehatan,15547261,9877616,Belum Terdaftar,0
288219331,UD. Leni Wiratama,Pendidikan,5741538,2479220,Belum Terdaftar,0
288219332,UD. Desi Saprahan Hendra,Perdagangan,33052172,8300255,Terdaftar,1
288219333,UD. Galang Binasena,Pendidikan,2497392,8176842,Belum Terdaftar,0
288219334,UD. Jaya Jati,Jasa,44716506,8697368,Terdaftar,1
288219335,UD. Zaki Siang,Kesehatan,1799438,2502635,Terdaftar,1
288219336,UD. Kinan Bijaksana,Perdagangan,22179929,7063705,Terdaftar,1
288219337,UD. Karla Sidarta,Pendidikan,23549228,9421059,unknown,0
288219338,UD. Chintya Sumringah,Perdagangan,1417774,8997538,Belum Terdaftar,0
288219339,UD. Qamar Kamajaya,Perdagangan,19970203,9266251,Belum Terdaftar,0
288219340,UD. Anang Kinarya,Perdagangan,38254847,6245501,Belum Terdaftar,0
288219341,UD. Kurnia Utama,Jasa,10459445,3757278,Terdaftar,1
288219342,UD. Chiko Persada,Pendidikan,13598111,3194611,Belum Terdaftar,0
288219343,UD. Monica Suryaputra,Jasa,24979390,2546740,Terdaftar,1
288219344,UD. Reza Persada,Perdagangan,35448497,2198455,,0
288219345,UD. Hilmi Kusumatmaja,Kesehatan,15148336,2972777,Terdaftar,1
288219346,UD. Citra Madya,Jasa,43675497,9410445,Terdaftar,1
288219347,UD. Ilham Dwijaputra,Jasa,28629706,4238301,Belum Terdaftar,0
288219348,UD. Sari Anugerah,Pendidikan,49796374,8865712,Terdaftar,1
288219349,UD. Evan Darma,Pendidikan,29845659,7859807,Belum Terdaftar,0
288219350,UD. Riko Sunardi,Jasa,49063592,1489348,Belum Terdaftar,0
288219351,UD. Aqila Sukma,Perdagangan,42859142,6650867,Terdaftar,1
288219352,UD. Niken Sarwono,Jasa,36464575,3546269,Terdaftar,1
288219353,UD. Heri Jayengprana,Jasa,11300099,5963867,Belum Terdaftar,0
288219354,UD. Chika Damai,Pendidikan,34096820,8149372,Terdaftar,1
288219355,UD. Prita Satria,Pendidikan,29090552,764390,Terdaftar,1
288219356,UD. Laila Utama,Perdagangan,48804586,3956942,Terdaftar,1
288219357,UD. Rahmat Asri,,35686847,3674583,Belum Terdaftar,0
288219358,UD. Gusti Gemilang,Perdagangan,49722161,6897945,Terdaftar,1
288219359,UD. Koko Sasmita,Jasa,39233793,2180029,Belum Terdaftar,0
288219360,UD. Mira Ranggalawe,Kesehatan,3600333,5832577,Terdaftar,1
288219361,UD. Elva Kusumajati,Perdagangan,7948161,8088742,Terdaftar,1
288219362,UD. Adinda Madusari Yora,Perdagangan,9883066,4759825,Belum Terdaftar,0
288219363,UD. Opik Nirmala,Pendidikan,33036711,4701906,Belum Terdaftar,0
288219364,UD. Rian Jati,Pendidikan,41371791,5257104,Terdaftar,1
288219365,UD. Chika Jayengprana,Perdagangan,5994374,7016045,Belum Terdaftar,0
288219366,UD. Olla Brawijaya,Pendidikan,10323057,6701151,Terdaftar,1
288219367,UD. Monica Damai Maudy,Jasa,28481779,7874600,Belum Terdaftar,0
288219368,UD. Fikri Kencana Melati,Perdagangan,26687728,9519834,Terdaftar,1
288219369,UD. Uli Wiratama,Perdagangan,40241269,7229920,Belum Terdaftar,0
288219370,UD. Viera Cahaya,Jasa,26390493,2942258,Terdaftar,1
288219371,UD. Olla Mardika,Kesehatan,38064900,8087872,Terdaftar,1
288219372,UD. Icha Widjaja,Jasa,48121401,9906897,Belum Terdaftar,0
288219373,UD. Lea Sasmita Syana,Kesehatan,24927643,5500560,Terdaftar,1
288219374,UD. Qais Resmi,Pendidikan,5009770,6560154,Terdaftar,1
288219375,UD. Widya Baskara,Perdagangan,42442521,8130737,Terdaftar,1
288219376,UD. Icha Purnama,Kesehatan,47702228,879719,Belum Terdaftar,0
288219377,UD. Ujang Anindita,Jasa,43677927,1770785,Terdaftar,1
288219378,UD. Prita Lingga,Perdagangan,30356140,7980517,Terdaftar,1
288219379,UD. Ujang Resaputra,Jasa,43157141,2810300,Terdaftar,1
288219380,UD. Fatiah Trijaya,Perdagangan,26475609,5879971,Terdaftar,1
288219381,UD. Livia Saputranegara,Kesehatan,35201259,7108045,Belum Terdaftar,0
288219382,UD. Dina Wisnu,Kesehatan,49130490,7478261,Belum Terdaftar,0
288219383,UD. Lono Wiyata,Jasa,27851956,8847305,Belum Terdaftar,0
288219384,UD. Halim Nirwasita,Perdagangan,34183494,2856647,Terdaftar,1
288219385,UD. Tariq Kusumasari Sinta,Kesehatan,15536379,636039,Terdaftar,1
288219386,UD. Ony Asih,Pendidikan,unknown,4435703,Belum Terdaftar,0
288219387,UD. Cici Karang,Pendidikan,15713460,525914,Terdaftar,1
288219388,UD. Deni Wiyata,Jasa,32615038,5821564,Terdaftar,1
288219389,UD. Lutfi Agung,Jasa,33107065,5836400,Terdaftar,1
288219390,UD. Jordi Karang,Jasa,11069149,6311185,Terdaftar,1
288219391,UD. Dani Trisaktiatma,Perdagangan,46980402,8270405,Belum Terdaftar,0
288219392,UD. Fira Trisakti,Perdagangan,23211952,8434250,Terdaftar,1
288219393,UD. Wulan Ayodya,Kesehatan,15679754,3921401,Belum Terdaftar,0
288219394,UD. Cipta Utama,Kesehatan,25717404,3820882,Terdaftar,1
288219395,UD. Yaniar Prana Rian,Kesehatan,25461243,4004875,Belum Terdaftar,0
288219396,UD. Laras Wening,Jasa,29991677,9585204,Belum Terdaftar,0
288219397,UD. Cahya Kencana,Jasa,26667973,2613519,Terdaftar,1
288219398,UD. Wira Mandala Vidi,Perdagangan,42585758,4270134,Belum Terdaftar,0
288219399,UD. Esa Suci,Perdagangan,37404720,7106092,Terdaftar,1
288219400,UD. Khalid Elok,Jasa,5949207,3570421,Terdaftar,1
288219401,UD. Satria Bijaksana,Pendidikan,38195023,2628492,Belum Terdaftar,0
288219402,UD. Salsa Jatinagara,Kesehatan,47203249,8650135,Terdaftar,1
288219403,UD. Alvino Radhitya,Perdagangan,41444753,5055370,Terdaftar,1
288219404,UD. Ilmi Makmur,Jasa,47934150,4494981,Terdaftar,1
288219405,UD. Khalid Mega,Perdagangan,5339760,6322611,Terdaftar,1
288219406,UD. Baim Sejahtera,Perdagangan,4601532,4927608,Belum Terdaftar,0
unknown,UD. Wesly Wisnu,Jasa,47283271,1390577,Terdaftar,1
288219408,UD. Gisel Kencana,Jasa,5901987,2425883,Belum Terdaftar,0
288219409,UD. Qanita Dewangga,Kesehatan,16958514,2927980,Terdaftar,1
288219410,UD. Nazar Mahkota,Perdagangan,40632979,3611104,Belum Terdaftar,0
288219411,UD. Pardi Binasena,Pendidikan,18780276,3933254,Terdaftar,1
288219412,UD. Zulkarnaen Bijaksana,Kesehatan,45903235,4310385,Terdaftar,1
288219413,UD. Zahira Purnama,Jasa,6331366,5545528,Terdaftar,1
288219414,UD. Nindy Jatinagara,Kesehatan,24938918,2528332,Belum Terdaftar,0
288219415,UD. Romi Kayastha Kiki,Pendidikan,9501081,3372533,,0
288219416,UD. Mira Jatinagara,Pendidikan,48144407,6810947,Belum Terdaftar,0
288219417,UD. Qamar Sundawa Wito,Pendidikan,16098938,6745796,Terdaftar,1
288219418,UD. Wira Utamajaya,Jasa,3287052,1334575,Terdaftar,1
288219419,UD. Pardi Pusaka,Perdagangan,9991018,9992851,Terdaftar,1
288219420,UD. Taufik Kawiswara,Kesehatan,19560623,5784569,Belum Terdaftar,0
288219421,UD. Khayla Kayastha,Kesehatan,18315297,2245119,Belum Terdaftar,0
288219422,UD. Prananda Pelangi,Perdagangan,8907990,4892433,Belum Terdaftar,0
288219423,UD. Lukman Bratadikara,Jasa,16649977,3141149,Terdaftar,1
288219424,UD. Ujang Jaladara,Pendidikan,8918249,3364247,Belum Terdaftar,0
288219425,UD. Anisa Kusumasari,Perdagangan,9535262,7615997,Terdaftar,1
288219426,UD. Pipit Wirajaya Damaris,Perdagangan,5905597,5453688,Belum Terdaftar,0
288219427,UD. Pipit Jaladara,Jasa,1178578,6165016,Terdaftar,1
288219428,UD. Oniel Kencana,,18175382,8004079,Belum Terdaftar,0
288219429,UD. Vega Swargaloka,Perdagangan,38791963,6065602,Terdaftar,1
288219430,UD. Tania Sanjaya,Perdagangan,37816137,6322437,Belum Terdaftar,0
288219431,UD. Guntur Jayengpati,Jasa,45804837,2210392,Belum Terdaftar,0
288219432,UD. Yumna Langit,Perdagangan,30077632,9341144,Belum Terdaftar,0
288219433,UD. Nara Sangkala,Kesehatan,5648746,7859361,Terdaftar,1
288219434,UD. Jasmine Artha,Jasa,22291774,4121409,Terdaftar,1
288219435,UD. Halim Nirwana,Perdagangan,8159857,7174653,Terdaftar,1
288219436,UD. Ony Sukadarma Balqis,Perdagangan,23209759,3796670,Belum Terdaftar,0
288219437,UD. Budi Mayang Lukman,Jasa,46860908,5942541,Terdaftar,1
288219438,UD. Qamar Mandiri,Jasa,4353138,3517149,Belum Terdaftar,0
288219439,UD. Barokah Artha,Kesehatan,14335176,2944637,Terdaftar,1
288219440,UD. Wenny Wangi,Kesehatan,48659786,1525849,Belum Terdaftar,0
288219441,UD. Pasha Dewangga,Jasa,26299020,5824933,Terdaftar,1
288219442,UD. Tari Harmoni,Perdagangan,9981850,2357553,Terdaftar,1
288219443,UD. Weni Adikara,Pendidikan,,3256102,Terdaftar,1
288219444,UD. Jaya Satria,Jasa,40606993,1728599,Belum Terdaftar,0
288219445,UD. Mira Malam,Kesehatan,7132817,8482108,Belum Terdaftar,0
288219446,UD. Tomi Artha,Pendidikan,1201738,8370821,Belum Terdaftar,0
288219447,UD. Yana Sejahtera Dito,Pendidikan,37767132,501654,Belum Terdaftar,0
288219448,UD. Ovan Jayengprana Eka,Kesehatan,44114926,7817276,Terdaftar,1
288219449,UD. Naila Raharja,Perdagangan,24409493,7716655,Belum Terdaftar,0
288219450,UD. Odie Darussalam,Jasa,42496414,2858031,Belum Terdaftar,0
288219451,UD. Raka Karya,Perdagangan,1146825,6820132,Belum Terdaftar,0
288219452,UD. Thariq Jayabaya,Jasa,,4702072,Terdaftar,1
288219453,UD. Balqis Bijaksana,Jasa,13731905,8341322,Belum Terdaftar,0
288219454,UD. Rahmat Jayeng,Kesehatan,22883526,1035619,Belum Terdaftar,0
288219455,UD. Qais Darma Eren,Pendidikan,1322164,7740963,Belum Terdaftar,0
288219456,UD. Mirna Buana,Kesehatan,4843515,3605152,Terdaftar,1
288219457,UD. Carissa Sari Mika,Pendidikan,44993067,1640960,Belum Terdaftar,0
288219458,UD. Echa Wangi,Jasa,45413607,3113307,Belum Terdaftar,0
288219459,UD. Zulfa Jaladara Tomi,Kesehatan,28830581,7059283,Belum Terdaftar,0
288219460,UD. Eka Kencana,Kesehatan,32684046,9312294,Terdaftar,1
288219461,UD. Tegar Madani,Pendidikan,17870683,1753526,Belum Terdaftar,0
288219462,UD. Lono Cendana,Perdagangan,14628545,8482031,Terdaftar,1
288219463,UD. Qasya Ratu,Jasa,36266777,5534048,Belum Terdaftar,0
288219464,UD. Veronika Jayengprana,Pendidikan,14409709,4414689,Belum Terdaftar,0
288219465,UD. Putri Kelana,Perdagangan,34766816,2987147,Terdaftar,1
288219466,UD. Ilmi Putri,Kesehatan,14724403,6396427,Belum Terdaftar,0
288219467,UD. Zidanar Kencana,Kesehatan,29987931,2043370,Belum Terdaftar,0
288219468,UD. Elva Bahagia,Kesehatan,6141335,2674592,Terdaftar,1
288219469,UD. Putri Panji,Kesehatan,22503447,8313369,Terdaftar,1
288219470,UD. Farhan Reswara,Pendidikan,36040030,3969663,Terdaftar,1
288219471,UD. Panji Surya Fira,Pendidikan,21258236,3923775,Terdaftar,1
288219472,UD. Gerry Wirawati,Jasa,9875851,7863855,Belum Terdaftar,0
288219473,UD. Jordi Wijaya Widi,Pendidikan,38535529,2771524,Belum Terdaftar,0
288219474,UD. Kinan Karya,Kesehatan,7878709,4686880,Terdaftar,1
288219475,UD. Alma Asri Utami,Kesehatan,36624090,819050,Terdaftar,1
288219476,UD. Zidanar Karya,Jasa,11537881,9968146,Terdaftar,1
288219477,UD. Galih Nirwasita,Kesehatan,43680943,8069692,Belum Terdaftar,0
288219478,UD. Irma Indah,Pendidikan,9854588,7418876,Belum Terdaftar,0
288219479,UD. Lina Wiraatmaja,Pendidikan,9642313,8246733,Terdaftar,1
288219480,UD. Hasna Widuri,Jasa,18041305,7984325,Belum Terdaftar,0
288219481,UD. Diva Kinarya Ismail,Pendidikan,3855750,,Terdaftar,1
288219482,UD. Cici Pramudita,Kesehatan,23592215,2020273,Belum Terdaftar,0
288219483,UD. Nina Bersemi,Pendidikan,16729223,584889,Terdaftar,1
288219484,UD. Tomi Bahagia,Kesehatan,29218532,7747540,Belum Terdaftar,0
288219485,UD. Wito Harapan,Jasa,36118339,9320502,Belum Terdaftar,0
288219486,UD. Hasna Langit,,19045512,8035138,Terdaftar,1
288219487,UD. Pandu Wiraatmaja,Perdagangan,,547203,Belum Terdaftar,0
288219488,UD. Kiki Adiwarna,Perdagangan,42560441,9224105,Belum Terdaftar,0
288219489,UD. Vino Mahendra Taufan,Perdagangan,48701804,8436472,Terdaftar,1
288219490,UD. Farid Sakti,Jasa,13593847,7834221,Terdaftar,1
288219491,UD. Nando Pramudita,Pendidikan,20534218,1187544,Terdaftar,1
288219492,UD. Uchie Darussalam,Pendidikan,48201742,9103039,Belum Terdaftar,0
288219493,UD. Eni Indah,Jasa,28024255,6853798,Terdaftar,1
288219494,UD. Nadia Mahendra,Perdagangan,27090083,4669934,Belum Terdaftar,0
288219495,UD. Celsi Utamajaya,Pendidikan,20402385,1710784,Terdaftar,1
288219496,UD. Yolanda Prajurit Taufan,Jasa,35745878,3286812,Belum Terdaftar,0
288219497,UD. Riko Jayaningrat,Pendidikan,6942715,1838339,Terdaftar,1
288219498,UD. Pipit Jatiwangi,Kesehatan,13407776,9943866,Terdaftar,1
288219499,UD. Harun Gunawan,Perdagangan,15083960,2535185,Terdaftar,1
288219500,UD. Tomi Gunawan,Kesehatan,17049361,7005926,Belum Terdaftar,0
288219501,UD. Jordi Resaputra,Perdagangan,48372583,1218683,Belum Terdaftar,0
288219502,UD. Ujang Wisnu,Kesehatan,11569676,6575739,Terdaftar,1
288219503,UD. Celsi Adikara,Pendidikan,1750907,9874327,Terdaftar,1
288219504,UD. Satria Segar,Kesehatan,39247645,7515810,Belum Terdaftar,0
288219505,UD. Berlian Agung,Perdagangan,16477675,4831309,Terdaftar,1
288219506,UD. Mario Panuluh,Jasa,41719978,1635453,Belum Terdaftar,0
288219507,UD. Reza Berkarya,Pendidikan,,6182550,Terdaftar,1
288219508,UD. Dora Jayeng,Kesehatan,29036822,5761109,Belum Terdaftar,0
288219509,UD. Galih Manggala,Jasa,8138004,8557651,Belum Terdaftar,0
288219510,UD. Pandu Wijapranata,Perdagangan,4093186,9057603,Belum Terdaftar,0
288219511,UD. Dani Widhi,Jasa,20645660,5960738,Belum Terdaftar,0
288219512,UD. Ilmi Bima,Kesehatan,49159059,3034507,Terdaftar,1
288219513,UD. Evan Ceria,Jasa,45246397,8952395,Belum Terdaftar,0
288219514,UD. Umar Sulaksana,Kesehatan,33382981,998319,Belum Terdaftar,0
288219515,UD. Hanaura Reswara,Jasa,9948018,7461930,Belum Terdaftar,0
288219516,UD. Odie Galang,Kesehatan,38199049,5583929,Terdaftar,1
288219517,UD. Lando Pamungkas,Pendidikan,34977380,8856742,Terdaftar,1
288219518,UD. Lukman Panji,Pendidikan,37990670,7576013,Belum Terdaftar,0
288219519,UD. Rizki Bijaksana,Jasa,45185863,1191244,Terdaftar,1
288219520,UD. Yana Cempaka,Jasa,18328367,2198362,Belum Terdaftar,0
288219521,UD. Ciko Satria,Kesehatan,21534342,4765199,Belum Terdaftar,0
288219522,UD. Xenia Paningrat,Pendidikan,29629297,2624890,Terdaftar,1
288219523,UD. Kevin Tejakusuma,Pendidikan,31422243,3659184,Belum Terdaftar,0
288219524,UD. Eren Tejakusuma,Jasa,45323246,4829752,Terdaftar,1
288219525,UD. Yolanda Raharja Kiki,Pendidikan,45660371,8410279,Belum Terdaftar,0
288219526,UD. Abel Jagad,Pendidikan,33520667,8417557,Terdaftar,1
288219527,UD. Chiko Merdeka,Kesehatan,17111461,796908,Belum Terdaftar,0
288219528,UD. Gita Bahagia,Perdagangan,28800134,7965093,Terdaftar,1
288219529,UD. Jafar Wening,Kesehatan,42980695,7263509,Terdaftar,1
288219530,UD. Wesly Paningrat Evan,Pendidikan,4374005,7989559,Belum Terdaftar,0
288219531,UD. Gilang Paningrat,Kesehatan,48400372,6782329,Belum Terdaftar,0
288219532,UD. Bela Radhitya,Perdagangan,1004276,4312662,Belum Terdaftar,0
288219533,UD. Umar Wijapranata,Kesehatan,7089800,6684590,Terdaftar,1
288219534,UD. Fahmi Cahaya,Jasa,2403465,566463,Belum Terdaftar,0
288219535,UD. Diyan Asri,Pendidikan,10296085,8265823,Belum Terdaftar,0
288219536,UD. Yuli Santosa,Pendidikan,20989767,1496532,Belum Terdaftar,0
288219537,UD. Bagas Satria,Jasa,43150676,6589132,Belum Terdaftar,0
288219538,UD. Taufan Prajurit,Kesehatan,20586166,6294288,Terdaftar,1
288219539,UD. Zera Jaya,Perdagangan,44799094,8714264,Belum Terdaftar,0
288219540,UD. Krisna Wiratama,Kesehatan,27328378,6541072,Belum Terdaftar,0
288219541,UD. Ulil Surya Yudi,Pendidikan,2800174,7835835,Terdaftar,1
288219542,UD. Lukita Mayang,Kesehatan,13267478,1120865,Terdaftar,1
288219543,UD. Qiana Widhi,Kesehatan,5413229,8312299,Belum Terdaftar,0
288219544,UD. Wulan Sarwono,Kesehatan,2955446,1159172,Belum Terdaftar,0
288219545,UD. Rizki Nawasena,Perdagangan,27649866,7055536,Terdaftar,1
288219546,UD. Hilmi Elok,Perdagangan,2138084,9765895,Terdaftar,1
288219547,UD. Syana Citra,Perdagangan,3576697,1383685,Terdaftar,1
288219548,UD. Lutfi Tirtayasa,Jasa,45462261,4536357,Terdaftar,1
288219549,UD. Muthia Utama Desta,Jasa,49625171,9668594,Belum Terdaftar,0
288219550,UD. Chintya Naraya Tami,Jasa,27633557,9694421,Terdaftar,1
288219551,UD. Qori Wijapranata,Jasa,33612370,6827410,Belum Terdaftar,0
288219552,UD. Iqra Gandewa Fajar,Jasa,25059843,5906101,Terdaftar,1
288219553,UD. Erlangga Saputra,Jasa,12399913,6071264,unknown,0
288219554,UD. Uti Purnama,Jasa,42249538,9262467,Terdaftar,1
288219555,UD. Hilmiyah Maheswara,Pendidikan,16193648,951246,Terdaftar,1
288219556,UD. Fadli Radhitya Iqra,Jasa,9306487,2198640,Terdaftar,1
288219557,UD. Qisha Sejahtera,Jasa,45856332,4570733,Terdaftar,1
288219558,UD. Qila Adikara,Jasa,2500762,7422011,Belum Terdaftar,0
288219559,UD. Nazar Kawiswara,Perdagangan,21785094,695062,Terdaftar,1
288219560,UD. Syana Jatiwangi,Pendidikan,24959302,3139374,Terdaftar,1
288219561,UD. Desta Purnama,Perdagangan,30453630,2090511,Belum Terdaftar,0
288219562,UD. Ulil Tejakusuma,Kesehatan,12482431,3986417,Belum Terdaftar,0
288219563,UD. Wito Mandala,Perdagangan,40497806,9061760,Terdaftar,1
288219564,UD. Wenda Warna,Jasa,18145277,2591796,Terdaftar,1
288219565,UD. Muthia Pelangi,Jasa,38348481,8756427,Belum Terdaftar,0
288219566,UD. Hilmiyah Mulya,Perdagangan,20013683,5355304,Terdaftar,1
288219567,UD. Salwa Abdi,Pendidikan,31749358,8771844,Belum Terdaftar,0
288219568,UD. Pasha Putra,Kesehatan,23179956,1376873,Belum Terdaftar,0
288219569,UD. Salwa Sudarsana Ucup,Perdagangan,32206955,5515171,Terdaftar,1
288219570,UD. Zidan Widhi,Kesehatan,48536404,6864253,Terdaftar,1
288219571,UD. Nina Prawira,Jasa,17233263,3910744,Terdaftar,1
288219572,UD. Delia Lempung,Perdagangan,18650150,7584642,Belum Terdaftar,0
288219573,UD. Ojan Baruna,Pendidikan,,6583352,Belum Terdaftar,0
288219574,UD. Wira Dharma,Kesehatan,28437255,9496342,Belum Terdaftar,0
288219575,UD. Tami Wijapranata,Jasa,41674659,2919350,Belum Terdaftar,0
288219576,UD. Lando Haji,Pendidikan,20685336,7076225,Belum Terdaftar,0
288219577,UD. Delia Suryaatmaja,Perdagangan,18223381,2542378,Terdaftar,1
288219578,UD. Qiana Mandala,Jasa,36194032,6702422,Terdaftar,1
288219579,UD. Zidan Taruna,Jasa,11039784,3619689,Terdaftar,1
288219580,UD. Thariq Utama,Pendidikan,18892621,4861218,Terdaftar,1
288219581,UD. Romi Sehat,Jasa,37141051,655830,Belum Terdaftar,0
288219582,UD. Hana Jatinagara,Kesehatan,17620002,9217065,Terdaftar,1
288219583,UD. Fajar Mulya,Perdagangan,7164091,9697936,Terdaftar,1
288219584,UD. Ujang Madya,Pendidikan,34275359,2262714,Belum Terdaftar,0
288219585,UD. Yana Saputrautama,Pendidikan,30186563,8419390,Belum Terdaftar,0
288219586,UD. Hilmiyah Gandewa,Jasa,8976279,2934054,Terdaftar,1
288219587,UD. Yola Praja,Kesehatan,17454423,5971948,Terdaftar,1
288219588,UD. Vita Prawira,unknown,39197879,971279,Belum Terdaftar,0
288219589,UD. Chiko Dewangga Irma,Pendidikan,41657767,6861807,Terdaftar,1
288219590,UD. Mega Resaputra Putra,Jasa,34039123,4619900,Terdaftar,1
288219591,UD. Priska Brawijaya,Kesehatan,47374777,9675221,Belum Terdaftar,0
288219592,UD. Alvino Pelangi,Jasa,12421237,8370723,Belum Terdaftar,0
288219593,UD. Hanafi Panji,Pendidikan,36792033,750959,Terdaftar,1
288219594,UD. Elva Pramana,Jasa,3382414,7729658,Terdaftar,1
288219595,UD. Dina Manggala,Perdagangan,42133639,4028911,Belum Terdaftar,0
288219596,UD. Dewi Pelangi,Perdagangan,27829635,5145677,Terdaftar,1
288219597,UD. Elsa Saputrautama,Jasa,13872210,3811077,Terdaftar,1
288219598,UD. Qori Wibawa,Pendidikan,1382669,1097550,Belum Terdaftar,0
288219599,UD. Budi Saputranegara,Perdagangan,24774360,8289258,Terdaftar,1
288219600,UD. Indah Nirwasita,Kesehatan,14836204,782712,unknown,0
288219601,UD. Dina Jatiwangi,Perdagangan,16427335,5673992,Belum Terdaftar,0
288219602,UD. Raka Sumirat,Perdagangan,41036211,6025328,Terdaftar,1
288219603,UD. Berlian Kencana,Pendidikan,11684049,5213122,Belum Terdaftar,0
288219604,UD. Nando Galang Qomar,Jasa,44063099,9214095,Belum Terdaftar,0
288219605,UD. Maudy Saputra,Pendidikan,42925976,3852640,Belum Terdaftar,0
288219606,UD. Binar Anggara Elva,Kesehatan,9366993,7538741,Belum Terdaftar,0
288219607,UD. Marwan Ranggalawe Ina,Perdagangan,35892589,5177019,Belum Terdaftar,0
288219608,UD. Lidya Santosa,Perdagangan,38408178,4713806,Terdaftar,1
288219609,UD. Gita Nirbayu,Jasa,12345716,7654804,Terdaftar,1
288219610,UD. Najwa Wiraatmaja Wahyu,Kesehatan,37643554,3639861,Terdaftar,1
288219611,UD. Elok Manggala,Perdagangan,36761450,9540385,Belum Terdaftar,0
288219612,UD. Ayesha Sukma,Pendidikan,40766919,6046181,Belum Terdaftar,0
288219613,UD. Qayla Jagadmaya,Perdagangan,32534105,4943982,Terdaftar,1
288219614,UD. Farid Sarwono,Jasa,41101113,8553149,Belum Terdaftar,0
288219615,UD. Hilmiyah Nusa,Kesehatan,25169045,1350037,Terdaftar,1
288219616,UD. Fikra Agung,Jasa,3998363,3867253,Terdaftar,1
288219617,UD. Hanaura Saprahan,Pendidikan,6593995,5819549,Terdaftar,1
288219618,UD. Poppy Anugerah,Pendidikan,33367722,8192044,Terdaftar,1
288219619,UD. Khalid Adikara,Pendidikan,26782265,3030268,Terdaftar,1
288219620,UD. Sekar Lempung,Perdagangan,19160943,7317124,Belum Terdaftar,0
288219621,UD. Erni Manik,Jasa,1529925,8840048,Terdaftar,1
288219622,UD. Bayu Jaladara,unknown,8552574,8752961,Belum Terdaftar,0
288219623,UD. Nando Cahyaningrat Elsa,Jasa,19771561,5765079,Belum Terdaftar,0
288219624,UD. Sella Wacana,Perdagangan,42009198,7566020,Terdaftar,1
288219625,UD. Salsa Gatra,Perdagangan,36455951,4074111,Belum Terdaftar,0
288219626,UD. Zidanar Segar,Perdagangan,44176538,1179331,Belum Terdaftar,0
288219627,UD. Rosa Surya,Jasa,3017739,9235098,Belum Terdaftar,0
288219628,UD. Ulya Mulyo,Perdagangan,27485538,7421953,Belum Terdaftar,0
288219629,UD. Santi Berkarya,Kesehatan,10717308,858736,Terdaftar,1
288219630,UD. Vera Persada,Pendidikan,8783524,4207056,Belum Terdaftar,0
288219631,UD. Harun Paseban,Pendidikan,20295013,3725386,Terdaftar,1
288219632,UD. Ony Jaladara,Pendidikan,16241620,8776636,Belum Terdaftar,0
288219633,UD. Qila Bijaksana Olivia,Kesehatan,38001363,1272346,Belum Terdaftar,0
288219634,UD. Wesly Nirwasita,Jasa,35216471,4600911,Terdaftar,1
288219635,UD. Alma Madya,Kesehatan,38224138,1355025,Terdaftar,1
288219636,UD. Fajar Nusa,Pendidikan,12704329,7431194,Belum Terdaftar,0
288219637,UD. Fatiah Satria,Pendidikan,37616948,1948517,Belum Terdaftar,0
288219638,UD. Valen Sumringah,Kesehatan,4501410,9643192,Terdaftar,1
288219639,UD. Ciko Ananta,Kesehatan,47970893,6824581,Belum Terdaftar,0
288219640,UD. Rangga Swargaloka,Jasa,22463231,8699476,Belum Terdaftar,0
288219641,UD. Veronika Sulaksana,Kesehatan,3026237,6775940,Belum Terdaftar,0
288219642,UD. Muthia Widuri,Kesehatan,14528373,5361719,Belum Terdaftar,0
288219643,UD. Eddy Adhi,Perdagangan,1186510,9691338,Belum Terdaftar,0
288219644,UD. Indah Mega Pasha,Perdagangan,38978561,5502592,Belum Terdaftar,0
288219645,UD. Iqra Kencana,Perdagangan,1706199,6464578,Belum Terdaftar,0
288219646,UD. Alif Wisnu,Perdagangan,26167586,2401735,Terdaftar,1
288219647,UD. Pipit Wijapranata,Jasa,46987457,4960317,Terdaftar,1
288219648,UD. Citra Dewangga,Pendidikan,22804696,6865406,Terdaftar,1
288219649,UD. Lando Sarwono,Perdagangan,32814568,3220558,Terdaftar,1
288219650,UD. Panji Trisakti Mega,Perdagangan,43703183,7980393,Belum Terdaftar,0
288219651,UD. Maudy Saputrautama,Jasa,7574874,4723548,Terdaftar,1
288219652,UD. Joko Lintang Heri,Kesehatan,28611053,5585323,Belum Terdaftar,0
288219653,UD. Zidan Pramana,Pendidikan,2340673,7393726,Terdaftar,1
288219654,UD. Jasmine Resmi,,49876191,9062155,Belum Terdaftar,0
288219655,UD. Jasmine Kusen,Jasa,22751828,5649519,Belum Terdaftar,0
288219656,UD. Hanafi Citra,Kesehatan,31532336,3652722,Belum Terdaftar,0
288219657,UD. Wulan Ranggalawe,Perdagangan,22104364,9619756,Terdaftar,1
288219658,UD. Berlian Kusumajati,Jasa,35687106,5274680,Terdaftar,1
288219659,UD. Panji Jayengprana,Perdagangan,38393806,1830968,Terdaftar,1
288219660,UD. Riko Putri,Jasa,36248660,7319963,Belum Terdaftar,0
288219661,UD. Balqis Kusuma,Perdagangan,35257626,8253774,Belum Terdaftar,0
288219662,UD. Ayesha Saputranegara Jasmin,Perdagangan,22229642,8976467,Belum Terdaftar,0
288219663,UD. Ulfa Sasmita Najwa,Jasa,43739113,3791749,Terdaftar,1
288219664,UD. Qory Santosa,Perdagangan,4690498,1243276,Terdaftar,1
288219665,UD. Hana Sukarela,Perdagangan,19675083,8532647,Belum Terdaftar,0
288219666,UD. Ayesha Kelana,Jasa,26919388,4676273,Terdaftar,1
288219667,UD. Alma Cerah,Jasa,18324903,2971857,Terdaftar,1
288219668,UD. Bambang Sumirat,Jasa,19135874,1267674,Terdaftar,1
288219669,UD. Fadli Jagad,Perdagangan,33060317,6056978,Terdaftar,1
,UD. Eddy Sanjaya,Perdagangan,45932467,5234195,Belum Terdaftar,0
288219671,UD. Zulfa Kusuma,Jasa,4619916,1237332,Belum Terdaftar,0
288219672,UD. Maudy Kamajaya,Jasa,25102388,5244466,Belum Terdaftar,0
288219673,UD. Elsa Darma,Perdagangan,29761635,2109140,Belum Terdaftar,0
288219674,UD. Utami Wacana,Perdagangan,20808754,5675890,Belum Terdaftar,0
288219675,UD. Yolanda Tengah,Jasa,13105758,3696677,Belum Terdaftar,0
288219676,UD. Ari Sudarsana,Pendidikan,17527026,3939864,Belum Terdaftar,0
288219677,UD. Bagir Sahaja,,7683759,7171495,Belum Terdaftar,0
288219678,UD. Tania Tunggal,Pendidikan,34922209,9567273,Belum Terdaftar,0
288219679,UD. Anisa Resaputra Zulkarnaen,Pendidikan,31742758,6197160,Terdaftar,1
288219680,UD. Hilmiyah Baswara,Pendidikan,28478869,6094080,Belum Terdaftar,0
288219681,UD. Kamil Wening Cipta,Jasa,27191910,1261916,Terdaftar,1
288219682,UD. Verdi Warna Alya,Pendidikan,39880653,,Terdaftar,1
288219683,UD. Elok Tunggul,Kesehatan,18167599,8040318,Belum Terdaftar,0
288219684,UD. Lando Maheswara,Perdagangan,30898932,8693597,Terdaftar,1
288219685,UD. Ari Wisesa,Pendidikan,49991600,3132589,Belum Terdaftar,0
288219686,UD. Intan Utama Zulkarnaen,Pendidikan,21771952,9794547,Terdaftar,1
288219687,UD. Raka Permai,Perdagangan,5844675,4321499,Belum Terdaftar,0
288219688,UD. Utami Kinarya,Kesehatan,35140827,4767055,Belum Terdaftar,0
288219689,UD. Uchie Wijaya,Jasa,48404932,4285103,Terdaftar,1
288219690,UD. Hilmiyah Sunardi,Kesehatan,21926372,3110969,Terdaftar,1
288219691,UD. Hanafi Tirtayasa Opik,Perdagangan,30865661,9802216,Terdaftar,1
288219692,UD. Novi Ayodya,Jasa,42514299,8452425,Belum Terdaftar,0
288219693,UD. Qisya Kamajaya Pandu,Kesehatan,40259666,1515899,Belum Terdaftar,0
288219694,UD. Nina Sunardi,Pendidikan,25476435,2990977,Terdaftar,1
288219695,UD. Elyas Damai,Kesehatan,20761387,3801488,Belum Terdaftar,0
288219696,UD. Zulfa Bangun,Kesehatan,21228116,5338709,Terdaftar,1
288219697,UD. Tono Sejahtera Zidan,Jasa,4667350,8370273,Belum Terdaftar,0
288219698,UD. Opik Tejakencana,Perdagangan,22708046,7036437,Belum Terdaftar,0
288219699,UD. Salwa Anindita,,23925694,3370715,Belum Terdaftar,0
288219700,UD. Ari Bima,Pendidikan,28879269,7468464,Belum Terdaftar,0
288219701,UD. Wira Sangkala Clarissa,Jasa,38906368,7485565,Belum Terdaftar,0
288219702,UD. Celsi Gita,Perdagangan,34313295,6576447,Terdaftar,1
288219703,UD. Jibril Widjaja Nando,Perdagangan,5893075,1001712,Belum Terdaftar,0
288219704,UD. Clarissa Utama,Kesehatan,25073233,8319278,Belum Terdaftar,0
288219705,UD. Andi Taruna,Kesehatan,25759804,4673518,Terdaftar,1
288219706,UD. Taufik Sejahtera,Perdagangan,31375427,2742156,Terdaftar,1
288219707,UD. Krisna Jagadmaya,Kesehatan,8878004,9214029,Terdaftar,1
288219708,UD. Dina Harapan Nibras,Pendidikan,48587274,2492064,Terdaftar,1
288219709,UD. Nara Panembahan,Perdagangan,40090456,9796170,Terdaftar,1
288219710,UD. Silvi Widjaja,Kesehatan,35000610,9002119,Terdaftar,1
288219711,UD. Hasna Utama,Jasa,35688852,9599786,Belum Terdaftar,0
288219712,UD. Mega Gita Jibril,Perdagangan,25344171,972988,Belum Terdaftar,0
288219713,UD. Qayla Wira,Pendidikan,21341201,1398544,Belum Terdaftar,0
288219714,UD. Anisa Bima Qori,Jasa,33055168,3932729,Terdaftar,1
288219715,UD. Gadis Mahendra,Jasa,14055363,6192870,Terdaftar,1
288219716,UD. Esa Saprahan,Jasa,16193422,2060231,Terdaftar,1
288219717,UD. Adinda Surya,Pendidikan,39535804,9138985,Terdaftar,1
288219718,UD. Alya Nawasena,Jasa,39434090,6655331,Belum Terdaftar,0
288219719,UD. Tomi Malam,Kesehatan,43894806,8471071,Belum Terdaftar,0
288219720,UD. Citra Kencana,Jasa,13399814,3928149,Belum Terdaftar,0
288219721,UD. Prananda Pusaka,Kesehatan,23951085,6800903,Terdaftar,1
288219722,UD. Nando Manunggal,Perdagangan,46670609,5435268,Terdaftar,1
288219723,UD. Pandu Brata,Perdagangan,49399112,8109623,Belum Terdaftar,0
288219724,UD. Zidan Prima,Pendidikan,27282773,3832537,Terdaftar,1
288219725,UD. Weni Adhi,Pendidikan,24725562,3836557,Belum Terdaftar,0
288219726,UD. Tari Lintang,Kesehatan,14930642,5245498,Terdaftar,1
288219727,UD. Ujang Saprahan,Pendidikan,32267241,6699709,Belum Terdaftar,0
288219728,UD. Clarissa Langit,Pendidikan,4354485,2679487,Belum Terdaftar,0
288219729,UD. Nara Reswara,Kesehatan,8153012,1432976,Belum Terdaftar,0
288219730,UD. Utha Adiwangsa,Kesehatan,47397317,5663450,Terdaftar,1
288219731,UD. Kinan Sukma,Perdagangan,5480840,9894012,Belum Terdaftar,0
288219732,UD. Zidan Sangkala,Jasa,12272035,2503442,Terdaftar,1
288219733,UD. Ciko Saprahan,Perdagangan,16747551,7816324,Terdaftar,1
288219734,UD. Chiko Bintang,Pendidikan,26949071,4131265,Terdaftar,1
288219735,UD. Verdi Dharma Widya,Kesehatan,24086306,3770784,Terdaftar,1
288219736,UD. Novi Mandala,Jasa,39713354,686576,Belum Terdaftar,0
288219737,UD. Pipit Ceria,Perdagangan,10452537,7493790,,0
288219738,UD. Uchie Paningrat,Kesehatan,3889119,2830005,Terdaftar,1
288219739,UD. Marsya Karya,Pendidikan,36090715,5762578,Terdaftar,1
288219740,UD. Ilham Tengah,Jasa,19976248,8554424,Belum Terdaftar,0
288219741,UD. Winda Panji,Kesehatan,11130156,4435998,Terdaftar,1
288219742,UD. Yani Abadi,Pendidikan,41023005,4650864,Terdaftar,1
288219743,UD. Gerry Wiyata,Perdagangan,13297402,1751797,Terdaftar,1
288219744,UD. Rizki Harmoni,Jasa,16658709,5563374,Belum Terdaftar,0
288219745,UD. Pipit Dewangga,Kesehatan,20979255,2954428,Terdaftar,1
288219746,UD. Viona Adyatma,Jasa,19765497,4522894,Terdaftar,1
288219747,UD. Valen Kayastha,Kesehatan,37071904,7756390,Belum Terdaftar,0
288219748,UD. Okta Makmur,Pendidikan,8836337,2007135,Terdaftar,1
288219749,UD. Lukman Radhitya,Kesehatan,9298798,1312722,Belum Terdaftar,0
288219750,UD. Pasha Tunggul,Pendidikan,38461591,8121848,Belum Terdaftar,0
288219751,UD. Zain Jayeng,Pendidikan,16704115,9783747,Belum Terdaftar,0
288219752,UD. Mika Hastinapura,Perdagangan,39367158,6670437,Belum Terdaftar,0
288219753,UD. Irma Sudharmo,Pendidikan,41263143,3336262,Terdaftar,1
288219754,UD. Esa Widhi Qasya,Kesehatan,11661875,5761059,Belum Terdaftar,0
288219755,UD. Sari Madani,Pendidikan,36079984,5573677,Terdaftar,1
288219756,UD. Kinan Alam Ghani,Pendidikan,27850318,2873333,Terdaftar,1
288219757,UD. Kirana Galuh,Perdagangan,19492470,2853524,Terdaftar,1
288219758,UD. Okta Adiwarna,Perdagangan,8444553,2115789,Terdaftar,1
288219759,UD. Elen Hilir,Kesehatan,40610853,8582712,Terdaftar,1
288219760,UD. Wenda Abdi Ismail,Pendidikan,13562064,3181970,Belum Terdaftar,0
288219761,UD. Zidanar Agung,Pendidikan,46187989,unknown,Belum Terdaftar,0
288219762,UD. Aqila Buana,Kesehatan,39966931,646025,Terdaftar,1
288219763,UD. Elva Kinarya,Jasa,34501262,1318308,Belum Terdaftar,0
288219764,UD. Salsa Cinta,Jasa,14137019,7901499,Terdaftar,1
288219765,UD. Yora Wira Santi,Pendidikan,30062130,9595471,Belum Terdaftar,0
288219766,UD. Oki Luhur,Pendidikan,7134713,1577848,Belum Terdaftar,0
288219767,UD. Riko Bersemi,Jasa,22730297,9279071,Terdaftar,1
288219768,UD. Tasya Panuluh,Pendidikan,5649910,1620349,Terdaftar,1
288219769,UD. Zahira Cendana,Pendidikan,16561874,6929275,Terdaftar,1
288219770,UD. Monica Anugerah,Jasa,44164499,2237185,Belum Terdaftar,0
288219771,UD. Baim Asri,Perdagangan,7285707,9801794,Terdaftar,1
288219772,UD. Dani Adyatma Adinda,Jasa,6151311,763399,Terdaftar,1
288219773,UD. Nara Baswara,Kesehatan,37500257,3352169,Terdaftar,1
288219774,UD. Marwan Bintang,Perdagangan,24814710,7387011,Belum Terdaftar,0
288219775,UD. Mario Senopati,Pendidikan,48897256,8548721,Terdaftar,1
288219776,UD. Tariq Cerah,Jasa,16397271,3553896,Terdaftar,1
288219777,UD. Karim Indah,Perdagangan,21075001,4222927,Belum Terdaftar,0
288219778,UD. Halimah Madya,Jasa,24351443,4277455,Terdaftar,1
288219779,UD. Inten Luhur Daffa,Pendidikan,36790872,8793444,Terdaftar,1
288219780,UD. Pasha Mandiri,Pendidikan,43261444,756603,Belum Terdaftar,0
288219781,UD. Yusuf Kulon,Jasa,11768756,8906479,Belum Terdaftar,0
288219782,UD. Fanny Dwijaputra,Kesehatan,30995444,6040072,Terdaftar,1
288219783,UD. Satria Sundawa,Jasa,25771193,8261943,Belum Terdaftar,0
288219784,UD. Lutfi Jayengprana,Kesehatan,4488164,3492433,Terdaftar,1
288219785,UD. Salsa Sidarta,Perdagangan,21502158,9620436,Belum Terdaftar,0
288219786,UD. Yaniar Arya,Kesehatan,23149824,7945961,Belum Terdaftar,0
288219787,UD. Yola Sari Lukman,Pendidikan,20181669,7351481,Terdaftar,1
288219788,UD. Zain Gita,Jasa,25373412,8822195,Terdaftar,1
288219789,UD. Qomar Putri,Pendidikan,40022365,2622124,Belum Terdaftar,0
288219790,UD. Putra Merdeka,Jasa,36766498,1626036,Belum Terdaftar,0
288219791,UD. Carissa Mahendra,Jasa,24048019,6399485,Belum Terdaftar,0
288219792,UD. Kamil Mandala,Kesehatan,48822907,8169868,Terdaftar,1
288219793,UD. Erlin Karya,Jasa,11981745,7244839,Terdaftar,1
288219794,UD. Jodi Sudharmo,Pendidikan,12135959,,Belum Terdaftar,0
288219795,UD. Pandu Jayawarsa,Pendidikan,40724129,7110414,Belum Terdaftar,0
288219796,UD. Pipit Tirtayasa,Jasa,10735331,673240,Belum Terdaftar,0
288219797,UD. Damar Kusen,Jasa,21732365,1545859,Terdaftar,1
288219798,UD. Cinta Terang,Jasa,3744413,2087104,Terdaftar,1
288219799,UD. Pasha Saprahan,Kesehatan,13098064,8752614,Terdaftar,1
288219800,UD. Wenny Saputra,Jasa,1435105,2228586,Terdaftar,1
288219801,UD. Winda Reswara,Jasa,49111755,5276962,Terdaftar,1
288219802,UD. Salsa Segar,Kesehatan,unknown,4463843,Terdaftar,1
288219803,UD. Umi Prima,Pendidikan,22045700,8293374,Terdaftar,1
288219804,UD. Zara Sudarsana,Perdagangan,33121617,7159447,Terdaftar,1
288219805,UD. Prananda Cendana,Kesehatan,36236612,1912244,Terdaftar,1
288219806,UD. Maudy Prawira,Jasa,35388090,2445599,Terdaftar,1
288219807,UD. Wahyu Swargaloka,Jasa,40591178,5561775,Belum Terdaftar,0
288219808,UD. Kirana Sukadarma,Perdagangan,39104068,3952187,Terdaftar,1
288219809,UD. Rendi Arsana,Pendidikan,30750981,7224772,Terdaftar,1
288219810,UD. Lidya Artha,Kesehatan,,7794949,Belum Terdaftar,0
288219811,UD. Kiki Ceria,Jasa,40857825,7591738,Terdaftar,1
288219812,UD. Verdi Nirmala,Jasa,13220000,9452853,Belum Terdaftar,0
288219813,UD. Gracia Nirbayu,Pendidikan,28443940,9819809,Terdaftar,1
288219814,UD. Evan Pagi,Perdagangan,27864650,7863473,Terdaftar,1
288219815,UD. Rafa Pelangi,Pendidikan,48765797,6936991,Belum Terdaftar,0
288219816,UD. Ilham Adhi,Jasa,12542115,4898804,Terdaftar,1
288219817,UD. Hanaura Jatiwangi,Kesehatan,40114195,4181029,Belum Terdaftar,0
288219818,UD. Lono Harapan,Kesehatan,48180145,631258,Terdaftar,1
288219819,UD. Vito Bersemi,Perdagangan,12200641,2464795,Terdaftar,1
288219820,UD. Prita Sahaja Hana,Kesehatan,7558064,5291423,Terdaftar,1
288219821,UD. Kinan Anugerah,Kesehatan,35229934,520050,Terdaftar,1
288219822,UD. Poppy Tirta,Perdagangan,5982668,4400861,Belum Terdaftar,0
288219823,UD. Anisa Sudarsana,Perdagangan,43224764,6044981,Terdaftar,1
288219824,UD. Nando Elok,Pendidikan,39007649,3255045,Terdaftar,1
288219825,UD. Zaki Pramana,Pendidikan,33017712,7402427,Terdaftar,1
288219826,UD. Jay Bratadikara,Pendidikan,27301931,unknown,Terdaftar,1
288219827,UD. Nando Gunawan,Jasa,14701199,5876117,Terdaftar,1
288219828,UD. Intan Trisaktiatma,Pendidikan,15924230,7381862,Belum Terdaftar,0
288219829,UD. Gani Jaladara Salsa,Jasa,3698086,6979206,Terdaftar,1
288219830,UD. Zidan Sentosa,Jasa,17879501,1989391,Belum Terdaftar,0
288219831,UD. Hanaura Wijapranata,Jasa,24957163,7148815,Belum Terdaftar,0
288219832,UD. Qisha Saputra,Pendidikan,,1057335,Belum Terdaftar,0
288219833,UD. Romi Galang Oki,Pendidikan,44114379,1973803,Terdaftar,1
288219834,UD. Lina Lintang,Perdagangan,43998077,7729271,Belum Terdaftar,0
288219835,UD. Alif Galang,Jasa,2338591,4368768,Belum Terdaftar,0
288219836,UD. Lutfi Gita,Jasa,44541820,919744,Terdaftar,1
288219837,UD. Wenny Wibawa,Pendidikan,13595023,8473942,Belum Terdaftar,0
288219838,UD. Zidan Sukma Gema,Perdagangan,27075667,5006964,Terdaftar,1
288219839,UD. Romi Tirta,Pendidikan,9057382,5481444,Terdaftar,1
288219840,UD. Erlin Lintang,Kesehatan,44465236,6916872,Belum Terdaftar,0
288219841,UD. Yasir Lempung,Pendidikan,11281399,4930331,Terdaftar,1
288219842,UD. Odie Sakti,Perdagangan,49210190,1180923,Belum Terdaftar,0
288219843,UD. Kanza Sakti Santi,Jasa,30281131,,Terdaftar,1
288219844,UD. Cahya Panji,Jasa,19814034,7854637,Terdaftar,1
288219845,UD. Uchie Buana Sekar,Perdagangan,33004217,7196067,Belum Terdaftar,0
288219846,UD. Erlin Adiwarna,Jasa,43900316,811191,Terdaftar,1
,UD. Khayla Tengah,Perdagangan,39238736,8265027,Terdaftar,1
288219848,UD. Eni Satya,Jasa,47726308,1370023,Terdaftar,1
288219849,UD. Daffa Kawiswara Yani,Jasa,33340100,2116737,Terdaftar,1
288219850,UD. Syifa Kusuma,Pendidikan,34903922,,Terdaftar,1
288219851,UD. Ina Anggrek Oki,Pendidikan,41124808,6376947,Belum Terdaftar,0
288219852,UD. Chika Abadi Ari,Perdagangan,34568266,7860785,Terdaftar,1
288219853,UD. Echa Tengah,Jasa,36121966,7811379,Belum Terdaftar,0
288219854,UD. Novi Indah,Kesehatan,16427020,7407597,Belum Terdaftar,0
288219855,UD. Qamar Pancasila Ojan,Jasa,31255569,8344614,Terdaftar,1
288219856,UD. Inten Sidarta,Perdagangan,33952257,9765360,Terdaftar,1
288219857,UD. Lono Gita,Pendidikan,8012357,2474244,Terdaftar,1
288219858,UD. Prananda Saputra,Kesehatan,24603348,798624,Terdaftar,1
288219859,UD. Jasmin Tirtaatmaja,Kesehatan,4542239,1246350,Belum Terdaftar,0
288219860,UD. Uchie Wicaksana,Pendidikan,13211431,2175560,Belum Terdaftar,0
288219861,UD. Erlangga Mandala,Jasa,3914390,6378139,Belum Terdaftar,0
288219862,UD. Hanafi Galuh,Perdagangan,49116585,6690300,Terdaftar,1
288219863,UD. Umi Prabawa,Kesehatan,14703169,1536242,Belum Terdaftar,0
288219864,UD. Rian Bintang,Perdagangan,42583188,6311040,Belum Terdaftar,0
288219865,UD. Yusuf Wiraatmaja,Perdagangan,28560753,3562886,Terdaftar,1
288219866,UD. Fira Indah Tania,Pendidikan,11251161,7893603,Terdaftar,1
288219867,UD. Satria Gunawan,Jasa,10915819,4752706,Terdaftar,1
288219868,UD. Wenny Maju Tono,Kesehatan,24873637,8418250,Terdaftar,1
288219869,UD. Opik Taruna,Kesehatan,30046275,3828769,Belum Terdaftar,0
288219870,UD. Poppy Tengah,Pendidikan,unknown,2179731,Terdaftar,1
288219871,UD. Candra Asmaralaya,Pendidikan,16385896,5511085,Belum Terdaftar,0
288219872,UD. Alma Sumringah,Kesehatan,16821923,8052890,Terdaftar,1
288219873,UD. Carissa Arsana Tomi,Kesehatan,43752732,6945979,Terdaftar,1
288219874,UD. Qayla Manggala,Perdagangan,43302257,669652,Terdaftar,1
288219875,UD. Aldo Terang,Kesehatan,32564928,1169247,Belum Terdaftar,0
288219876,UD. Damaris Hilir,Pendidikan,9377822,817612,Belum Terdaftar,0
288219877,UD. Celsi Darma,Jasa,35041523,5536624,Belum Terdaftar,0
288219878,UD. Fauzan Karya,Jasa,43036303,1421680,Terdaftar,1
288219879,UD. Asep Lempung,Jasa,1000509,3778873,Terdaftar,1
288219880,UD. Zainab Alam Ujang,Perdagangan,45612599,5771263,Belum Terdaftar,0
288219881,UD. Taufik Widhi Khayla,Pendidikan,10057830,8956631,Terdaftar,1
288219882,UD. Qyla Asmaralaya,Jasa,44450310,631613,Terdaftar,1
288219883,UD. Diyan Widuri,Pendidikan,28536832,9007575,Belum Terdaftar,0
288219884,UD. Gani Mandala,Perdagangan,40434398,4703435,Terdaftar,1
288219885,UD. Qila Senja,Jasa,44270457,2369225,Belum Terdaftar,0
288219886,UD. Santi Hilir,Jasa,2955798,2452332,Terdaftar,1
288219887,UD. Dina Resaputra,Jasa,10460340,798713,Terdaftar,1
288219888,UD. Livia Tejakusuma,Jasa,36008630,6725373,Terdaftar,1
288219889,UD. Zidan Nusa,Pendidikan,15603431,9066372,Terdaftar,1
288219890,UD. Mila Swargaloka,Pendidikan,15857074,7103630,Terdaftar,1
288219891,UD. Gusti Widhi,Perdagangan,19294142,5825729,Belum Terdaftar,0
288219892,UD. Vera Adhi,Pendidikan,15957822,3287636,Terdaftar,1
288219893,UD. Marsel Karya,Jasa,17850412,7507361,Terdaftar,1
288219894,UD. Nina Ayodya Tariq,Jasa,44188499,4080571,Belum Terdaftar,0
288219895,UD. Khalid Kulon Erlin,Perdagangan,37565744,4734426,Terdaftar,1
288219896,UD. Salwa Adhi,Kesehatan,29013801,2796620,Belum Terdaftar,0
288219897,UD. Nara Ranggalawe,Perdagangan,22664973,9403798,Terdaftar,1
288219898,UD. Gilang Widjaja,Kesehatan,42057587,4052770,Belum Terdaftar,0
288219899,UD. Verdi Adikara,Perdagangan,15124447,2351637,Terdaftar,1
288219900,UD. Vidi Pamungkas,Pendidikan,19496072,6960848,Belum Terdaftar,0
288219901,UD. Zidan Pramudita Abdi,Pendidikan,46639348,7073326,Terdaftar,1
288219902,UD. Laila Padi,Perdagangan,36538874,4702402,Terdaftar,1
288219903,UD. Elok Wirawati Ujang,Kesehatan,46993071,1935744,Terdaftar,1
288219904,UD. Yayan Surapati,Kesehatan,42319553,4829809,Belum Terdaftar,0
288219905,UD. Pandu Berkarya,Perdagangan,19986899,1753518,Belum Terdaftar,0
288219906,UD. Yayan Raharja Gilangga,Kesehatan,27822456,4784929,Terdaftar,1
288219907,UD. Dea Kusumajati,Kesehatan,1145470,9509908,Belum Terdaftar,0
288219908,UD. Marwan Haji,Pendidikan,47389412,4576567,Terdaftar,1
288219909,UD. Nando Swargaloka,Jasa,22868378,4863359,Terdaftar,1
288219910,UD. Panji Sehat,Kesehatan,21606186,4328651,Terdaftar,1
288219911,UD. Zahira Prabawa,Jasa,23361908,8198692,Terdaftar,1
288219912,UD. Muthia Tirtaatmaja,Jasa,47152047,3526999,Terdaftar,1
288219913,UD. Fatimah Cahaya,Pendidikan,5972760,7611798,Terdaftar,1
288219914,UD. Tegar Prabawa,Kesehatan,4852988,6269879,Belum Terdaftar,0
288219915,UD. Yumna Utama,Kesehatan,12632365,9649615,Terdaftar,1
288219916,UD. Erlangga Bersemi,Pendidikan,18968660,3207278,Terdaftar,1
288219917,UD. Dea Baskara Clarissa,Kesehatan,21297642,9874160,Terdaftar,1
288219918,UD. Naila Sangga,Jasa,35522506,6631218,Belum Terdaftar,0
288219919,UD. Fahmi Wijaya,Pendidikan,32120633,5056941,Terdaftar,1
288219920,UD. Yolanda Swargaloka,Kesehatan,4243041,3030197,Terdaftar,1
288219921,UD. Bayu Pamungkas,Pendidikan,49212535,3437780,Terdaftar,1
288219922,UD. Zahira Kencana,,24846094,7403038,Terdaftar,1
288219923,UD. Rendi Jaya,Kesehatan,47978707,6430765,Terdaftar,1
288219924,UD. Adinda Sumirat,Kesehatan,25929011,4377130,Terdaftar,1
288219925,UD. Qira Madusari Fikra,Perdagangan,20261315,9290274,Terdaftar,1
288219926,UD. Hanafi Sahaja,Jasa,17840827,4313771,Terdaftar,1
288219927,UD. Nazar Cahaya Lina,Perdagangan,20738037,7081288,Belum Terdaftar,0
288219928,UD. Yasir Langit Kirana,Perdagangan,23176346,2465939,Terdaftar,1
288219929,UD. Nina Bratadikara,Jasa,34214226,5246126,Terdaftar,1
288219930,UD. Leni Tirta,Kesehatan,49179481,2773731,Belum Terdaftar,0
288219931,UD. Gilangga Sehat,Jasa,4521085,1442357,Terdaftar,1
288219932,UD. Zidan Harmoni,Pendidikan,48337092,9169979,Belum Terdaftar,0
288219933,UD. Amir Tunggal,Jasa,49570329,1627830,Belum Terdaftar,0
288219934,UD. Cici Nusa,Pendidikan,24839068,6302016,Belum Terdaftar,0
288219935,UD. Fajar Artha,Jasa,26969701,7869807,Belum Terdaftar,0
288219936,UD. Wira Trisula,Pendidikan,48942598,5461523,Belum Terdaftar,0
288219937,UD. Zain Persada,Perdagangan,46904871,4448661,Belum Terdaftar,0
288219938,UD. Vincent Arsana,Pendidikan,35326167,6220433,Terdaftar,1
288219939,UD. Opik Pamungkas,Pendidikan,22647697,3407599,Terdaftar,1
288219940,UD. Indira Gandewa,Perdagangan,18078636,2036156,Terdaftar,1
288219941,UD. Vino Saputra,Pendidikan,41059314,8740077,Terdaftar,1
288219942,UD. Mirna Saputranegara,Kesehatan,35620332,6162404,Belum Terdaftar,0
288219943,UD. Juni Madani Abel,Perdagangan,13067004,6970308,Terdaftar,1
288219944,UD. Baim Wicaksana Halim,Kesehatan,30299605,6176104,Belum Terdaftar,0
288219945,UD. Yusuf Nirwasita,Perdagangan,11754770,5820485,Terdaftar,1
288219946,UD. Kiki Ananta,Pendidikan,12144157,575444,Belum Terdaftar,0
288219947,UD. Fikri Citra,Perdagangan,17518684,2215276,Terdaftar,1
288219948,UD. Elva Wijaya,Pendidikan,32753433,6396739,Terdaftar,1
288219949,UD. Kirana Mega Opik,Perdagangan,16646621,5639141,Terdaftar,1
288219950,UD. Mira Senopati,Perdagangan,32600881,642641,Terdaftar,1
288219951,UD. Yoga Sarwono,Kesehatan,18989165,6872029,Terdaftar,1
288219952,UD. Omar Wetan Santi,Kesehatan,9170929,8257724,Belum Terdaftar,0
288219953,UD. Yasir Cinta,Kesehatan,25533784,7465795,Terdaftar,1
288219954,UD. Ziva Elok,Kesehatan,46699861,4999300,Terdaftar,1
288219955,UD. Nina Baru,Kesehatan,32070115,6298025,Belum Terdaftar,0
288219956,UD. Pasha Wisesa Baim,Jasa,38461705,6473844,Belum Terdaftar,0
288219957,UD. Tama Santosa Owen,Kesehatan,5299507,4693234,Terdaftar,1
unknown,UD. Priska Trijaya,Pendidikan,30332103,4013253,Belum Terdaftar,0
288219959,UD. Utami Karya Naila,Kesehatan,unknown,1049936,Belum Terdaftar,0
288219960,UD. Anisa Madusari,Perdagangan,38967639,5020324,Terdaftar,1
288219961,UD. Diyan Cendana,Perdagangan,28355675,9703888,Terdaftar,1
288219962,UD. Jasmin Jaya,Kesehatan,48279646,3274639,Terdaftar,1
288219963,UD. Fadli Puri,,42492132,1670952,Terdaftar,1
288219964,UD. Ujang Naraya,Kesehatan,25517066,5758498,Belum Terdaftar,0
288219965,UD. Ovan Panji,Perdagangan,48614633,6200871,Terdaftar,1
288219966,UD. Ony Sudarsana,Kesehatan,1468763,4077033,Belum Terdaftar,0
288219967,UD. Yumna Wiratama,Kesehatan,48503012,1605039,Terdaftar,1
288219968,UD. Ujang Cahyaningrat,Pendidikan,21777536,6296737,Belum Terdaftar,0
288219969,UD. Ojan Lingga,Perdagangan,37870179,3462485,Terdaftar,1
288219970,UD. Winda Asmaralaya,Perdagangan,29718452,3443719,Belum Terdaftar,0
288219971,UD. Habib Suci,Pendidikan,21236427,7347100,Terdaftar,1
288219972,UD. Qyla Ratu,Jasa,38506330,4519817,Belum Terdaftar,0
288219973,UD. Nisa Prana Cahya,Perdagangan,,6803614,Belum Terdaftar,0
288219974,UD. Gilangga Sulaksana Mila,Kesehatan,30505937,2160098,Belum Terdaftar,0
288219975,UD. Vino Maju Mirna,Kesehatan,10632437,9255960,Belum Terdaftar,0
288219976,UD. Kurnia Kinarya,Jasa,26205569,4643496,Terdaftar,1
288219977,UD. Santi Sentosa,Perdagangan,4657264,3130573,Belum Terdaftar,0
288219978,UD. Satria Utamajaya,Pendidikan,13185662,7384894,Belum Terdaftar,0
288219979,UD. Yaniar Galuh Yumna,Jasa,23378868,7590246,Belum Terdaftar,0
288219980,UD. Vera Satria,Perdagangan,8828807,650314,Belum Terdaftar,0
288219981,UD. Vito Manggala,Kesehatan,38164077,6432964,Belum Terdaftar,0
288219982,UD. Zidan Gatra Wenda,Kesehatan,11141272,8715837,Belum Terdaftar,0
288219983,UD. Panji Pamungkas,Perdagangan,8622103,2132749,Terdaftar,1
288219984,UD. Dito Raharja,Pendidikan,23703199,9878563,Terdaftar,1
288219985,UD. Yusuf Utama,Jasa,4056837,7010172,Terdaftar,1
288219986,UD. Vera Dewangga,Perdagangan,34595550,9595975,Belum Terdaftar,0
288219987,UD. Yusuf Prana Abdi,Perdagangan,22405063,3680050,Belum Terdaftar,0
288219988,UD. Wito Setia,Jasa,27504917,5444393,Belum Terdaftar,0
288219989,UD. Elen Kayastha,Kesehatan,28319127,7650881,Terdaftar,1
288219990,UD. Vidi Trisakti,Pendidikan,26155731,5283336,Terdaftar,1
288219991,UD. Weni Baruna,Pendidikan,24823731,8335151,Belum Terdaftar,0
288219992,UD. Alma Prajurit,Perdagangan,26760858,6715746,Terdaftar,1
288219993,UD. Kamil Prima Wito,Kesehatan,49465969,1358654,Belum Terdaftar,0
288219994,UD. Ismail Bahari,Perdagangan,45348647,7918576,Terdaftar,1
288219995,UD. Hanafi Ayodya Oki,Jasa,6496311,8907798,Terdaftar,1
288219996,UD. Qais Bijaksana Elsa,Kesehatan,27434126,6620958,Belum Terdaftar,0
288219997,UD. Ida Bahagia,,16436189,8870020,Terdaftar,1
288219998,UD. Rendi Surapati Yolanda,Pendidikan,44734921,8524869,Terdaftar,1
288219999,UD. Khayla Darma Nayla,Jasa,19892239,7674490,Terdaftar,1
288220000,UD. Rizki Satriya,Jasa,37522182,5448164,Belum Terdaftar,0
288220001,UD. Qisya Bersemi,Jasa,33509300,7127480,Belum Terdaftar,0
288220002,UD. Mirna Sakti,Pendidikan,7869747,5923218,Terdaftar,1
288220003,UD. Xenia Sangkala,Jasa,23614505,5203816,Terdaftar,1
288220004,UD. Halim Mardika,Pendidikan,34951014,5056375,Belum Terdaftar,0
288220005,UD. Tegar Bangun,Perdagangan,2137519,7439381,Terdaftar,1
288220006,UD. Panji Abadi,Kesehatan,44139514,5798383,Belum Terdaftar,0
288220007,UD. Laras Jatiwangi Omar,Jasa,34741966,4413281,Belum Terdaftar,0
288220008,UD. Ziva Trisaktiatma,Perdagangan,9183562,5321185,Terdaftar,1
288220009,UD. Salsa Manunggal,Kesehatan,9555973,,Belum Terdaftar,0
288220010,UD. Dora Naraya Lono,Perdagangan,5260121,4966499,Belum Terdaftar,0
288220011,UD. Jasmin Ranggalawe,Perdagangan,19767466,6651969,Belum Terdaftar,0
288220012,UD. Livia Permai,Pendidikan,42546631,4102933,Belum Terdaftar,0
288220013,UD. Hilmiyah Citra,Pendidikan,30691728,7752295,,0
288220014,UD. Ovan Jayabaya,Pendidikan,6904780,8272865,Belum Terdaftar,0
288220015,UD. Qayla Karang,Kesehatan,27488507,784521,Belum Terdaftar,0
288220016,UD. Eren Sehat,Pendidikan,29416941,9811047,Belum Terdaftar,0
288220017,UD. Dina Putri,Jasa,45610150,2560275,Terdaftar,1
288220018,UD. Icha Kusumah,Kesehatan,41895382,8081887,Terdaftar,1
288220019,UD. Mirna Sundawa,Kesehatan,9984126,9823756,Belum Terdaftar,0
288220020,UD. Wira Pramudita,Pendidikan,18659137,6066496,Belum Terdaftar,0
288220021,UD. Olivia Harapan,Jasa,2778177,2457759,Belum Terdaftar,0
288220022,UD. Deni Satriya,Jasa,5509869,6968608,Belum Terdaftar,0
288220023,UD. Taufik Taruna,Jasa,40363463,7103353,Terdaftar,1
288220024,UD. Mila Winata,Kesehatan,26584427,5899215,Belum Terdaftar,0
288220025,UD. Marwan Mandala Rizki,Jasa,35713700,946531,Terdaftar,1
288220026,UD. Cahya Lingga Qisya,Kesehatan,37227121,8840097,Belum Terdaftar,0
288220027,UD. Gisel Wisnu,Jasa,19581944,2290935,Terdaftar,1
288220028,UD. Budi Kamajaya,Perdagangan,49960489,7842661,Terdaftar,1
288220029,UD. Fatimah Baskara,Perdagangan,41915819,1866712,Belum Terdaftar,0
288220030,UD. Chiko Baruna Eddy,Jasa,49237569,7451286,Belum Terdaftar,0
288220031,UD. Oki Resmi,Pendidikan,29002787,4941310,Terdaftar,1
288220032,UD. Citra Darma,Kesehatan,14547531,9059391,Belum Terdaftar,0
288220033,UD. Pandu Wening,Jasa,9655700,2417150,Belum Terdaftar,0
288220034,UD. Jibril Ayodya,Jasa,2567473,5381168,Belum Terdaftar,0
288220035,UD. Najwa Sidarta,Perdagangan,12787556,758339,Terdaftar,1
288220036,UD. Umar Abadi,Kesehatan,39002072,3082798,Terdaftar,1
288220037,UD. Rafa Jatinagara,Perdagangan,18712172,8104064,Belum Terdaftar,0
288220038,UD. Nara Cerah,Perdagangan,5117954,4896494,Belum Terdaftar,0
288220039,UD. Zahira Anindita Chintya,Jasa,48222388,6375132,Belum Terdaftar,0
288220040,UD. Tania Jayeng,Pendidikan,1325170,9490273,Terdaftar,1
288220041,UD. Ony Wirawati,Perdagangan,32067058,3401835,Belum Terdaftar,0
288220042,UD. Abdi Ilir,Kesehatan,45512286,3437403,Belum Terdaftar,0
288220043,UD. Livia Ratu,Perdagangan,31581032,7822343,Terdaftar,1
288220044,UD. Hana Sanjaya,Perdagangan,19588985,8304329,Terdaftar,1
288220045,UD. Panji Langit,Jasa,39040953,3518443,Belum Terdaftar,0
288220046,UD. Gilang Kusuma,Perdagangan,4313813,9392168,Belum Terdaftar,0
288220047,UD. Rahmat Sukadarma Ony,Jasa,49406282,1034788,Belum Terdaftar,0
288220048,UD. Hilmi Karang,Perdagangan,16209306,4952699,Terdaftar,1
288220049,UD. Viera Bahagia,Perdagangan,21587960,8044510,Belum Terdaftar,0
288220050,UD. Jihan Jatinagara Khalid,Perdagangan,10997383,9803233,Terdaftar,1
288220051,UD. Rendi Siang,Jasa,19139996,8103523,Terdaftar,1
288220052,UD. Qiana Mulya,Perdagangan,25251927,1361735,Terdaftar,1
288220053,UD. Uchie Kusumasari,Kesehatan,46759544,5218391,Terdaftar,1
288220054,UD. Vidi Putri,Jasa,1019444,7084539,Terdaftar,1
288220055,UD. Ujang Utama,Pendidikan,7287543,3947538,Terdaftar,1
288220056,UD. Galih Wibawa,Perdagangan,21250181,7479150,Belum Terdaftar,0
288220057,UD. Ilham Haji,Pendidikan,1172867,7327971,Terdaftar,1
288220058,UD. Pipit Sulaksana Hesti,Kesehatan,4143634,4699199,Belum Terdaftar,0
288220059,UD. Ciko Darma,Pendidikan,44230317,3705703,Belum Terdaftar,0
288220060,UD. Vita Tri Qomar,Pendidikan,45150598,9063069,Terdaftar,1
288220061,UD. Vincent Wibawa,Jasa,22947488,4867651,Terdaftar,1
288220062,UD. Ojan Brawijaya Wenda,Kesehatan,21398236,6584807,Belum Terdaftar,0
288220063,UD. Riyan Jaya,Kesehatan,12336313,6765111,Terdaftar,1
288220064,UD. Lina Trisula,Pendidikan,41903075,8845511,Belum Terdaftar,0
288220065,UD. Alya Raharja,Kesehatan,14184463,8750180,Terdaftar,1
288220066,UD. Tariq Baswara,Kesehatan,24472717,8780549,Terdaftar,1
288220067,UD. Eren Swargaloka,Pendidikan,25092334,1838315,Belum Terdaftar,0
288220068,UD. Nara Utama Rahmat,Jasa,1453654,6541741,Terdaftar,1
288220069,UD. Evan Kencana,Pendidikan,20897681,9498184,Belum Terdaftar,0
288220070,UD. Jihan Swargaloka,Pendidikan,25391121,6478136,Terdaftar,1
288220071,UD. Sani Madani,Pendidikan,3864969,9473748,Belum Terdaftar,0
288220072,UD. Satria Wijaksana,Kesehatan,34191281,2566863,Terdaftar,1
288220073,UD. Elva Sidarta,Kesehatan,35367525,6632706,Terdaftar,1
288220074,UD. Yora Bima,Pendidikan,38307486,3494200,Terdaftar,1
288220075,UD. Rahmat Nusa,Pendidikan,49888016,6778229,Belum Terdaftar,0
288220076,UD. Sani Wicaksana,Jasa,12187464,1557197,Terdaftar,1
288220077,UD. Tomi Jatiwangi,Kesehatan,30768461,7722204,Terdaftar,1
288220078,UD. Taufan Wibawa,Jasa,30900715,9004082,Belum Terdaftar,0
288220079,UD. Desta Merdeka,Kesehatan,15325919,6020403,Belum Terdaftar,0
288220080,UD. Chintya Mahkota,Kesehatan,49444175,2551622,Belum Terdaftar,0
288220081,UD. Adinda Satya,Kesehatan,33793876,3733966,Belum Terdaftar,0
288220082,UD. Gadis Trisudira Barokah,Perdagangan,19351904,3668972,Terdaftar,1
288220083,UD. Zidan Lintang,Kesehatan,30606898,4952139,Terdaftar,1
288220084,UD. Ulil Utama,Perdagangan,26511320,3370062,Terdaftar,1
288220085,UD. Heri Gunawan,Perdagangan,15972662,8274542,Terdaftar,1
288220086,UD. Yola Adiwangsa Vito,Perdagangan,39910505,2891031,Terdaftar,1
288220087,UD. Gita Resmi Yana,Pendidikan,46055315,1564105,Belum Terdaftar,0
288220088,UD. Mika Indah,Perdagangan,31848258,6195673,Terdaftar,1
288220089,UD. Reza Wijaksana,Perdagangan,12708422,925835,Belum Terdaftar,0
288220090,UD. Yumna Prana,Pendidikan,5559237,7839638,Belum Terdaftar,0
288220091,UD. Erlangga Trisudira,Jasa,25256912,6465693,Belum Terdaftar,0
288220092,UD. Ujang Cendana,Kesehatan,27810907,3451302,Terdaftar,1
288220093,UD. Livia Pamungkas,Kesehatan,35446467,9786870,Terdaftar,1
288220094,UD. Owen Alam,Jasa,8290399,4121174,Terdaftar,1
288220095,UD. Nayla Sidarta,Jasa,4191095,2657168,Terdaftar,1
288220096,UD. Fani Wira,Kesehatan,42336960,6208606,Belum Terdaftar,0
288220097,UD. Erlangga Manggala Elok,Perdagangan,32430788,2050670,Terdaftar,1
288220098,UD. Kinan Panji,Jasa,13781515,8193841,Terdaftar,1
288220099,UD. Qila Trisaktiatma,Kesehatan,39748543,5823831,Terdaftar,1
288220100,UD. Vina Anindita Putri,Pendidikan,39741293,1835158,Belum Terdaftar,0
288220101,UD. Jasmine Utama Xenia,Jasa,26062144,5948806,Belum Terdaftar,0
288220102,UD. Wawan Jati,Jasa,2512387,2813497,Terdaftar,1
288220103,UD. Syana Utama,Jasa,31203579,1176088,Terdaftar,1
288220104,UD. Deni Mahendra,Kesehatan,40405289,3298436,Belum Terdaftar,0
288220105,UD. Pio Jagad,Perdagangan,11514408,5613720,Terdaftar,1
288220106,UD. Fikra Pancasila Anang,Jasa,12708837,2470149,Belum Terdaftar,0
288220107,UD. Dito Pramudita,Jasa,44113755,8584629,Belum Terdaftar,0
288220108,UD. Willy Bima,Perdagangan,42157445,4439326,Belum Terdaftar,0
288220109,UD. Lana Elok,Pendidikan,26528033,2463070,Terdaftar,1
288220110,UD. Yaniar Kawiswara,Perdagangan,43791313,6641994,Terdaftar,1
288220111,UD. Verdi Lintang,Kesehatan,34446322,7512939,Belum Terdaftar,0
288220112,UD. Asep Segar,Perdagangan,48712115,5441281,Belum Terdaftar,0
288220113,UD. Uchie Cerah Zainab,Kesehatan,33555695,9073313,Belum Terdaftar,0
288220114,UD. Suci Kayastha,Perdagangan,17102532,9829771,Terdaftar,1
288220115,UD. Ayesha Asa,Pendidikan,5994885,6730003,Terdaftar,1
288220116,UD. Viera Elok Pasha,Kesehatan,38608645,5983774,Terdaftar,1
288220117,UD. Pasha Kusumah,Kesehatan,26923516,747077,Terdaftar,1
288220118,UD. Pipit Widuri,Kesehatan,7159941,3116108,Belum Terdaftar,0
288220119,UD. Jibril Wiraatmaja,Perdagangan,1995827,8749475,Terdaftar,1
288220120,UD. Rosa Satria,Jasa,46744265,9186408,Terdaftar,1
288220121,UD. Sari Wacana,Kesehatan,20729855,1116017,Terdaftar,1
288220122,UD. Uchie Sundawa,Pendidikan,27597930,8747690,Belum Terdaftar,0
288220123,UD. Xenia Brata Rafa,Perdagangan,4366675,8014108,Belum Terdaftar,0
288220124,UD. Ojan Sangkala,Jasa,48932610,4967781,Belum Terdaftar,0
288220125,UD. Eddy Lingga Verdi,Kesehatan,2159393,5203951,Terdaftar,1
288220126,UD. Fira Gita,Jasa,4441676,7082916,Terdaftar,1
288220127,UD. Chintya Trijaya,Perdagangan,23841168,622746,Belum Terdaftar,0
288220128,UD. Bella Prawira,Kesehatan,30642876,2481671,Belum Terdaftar,0
288220129,UD. Yana Luhur,Jasa,45591961,7052280,Terdaftar,1
288220130,UD. Qayla Pancasila,Pendidikan,43732585,4856744,Belum Terdaftar,0
288220131,UD. Vidi Manggala Amir,Perdagangan,39272562,4359554,Terdaftar,1
288220132,UD. Gadis Utama,Pendidikan,9181572,7147726,Belum Terdaftar,0
288220133,UD. Gita Sudharmo,Kesehatan,15319401,4264267,Belum Terdaftar,0
288220134,UD. Uli Jaladara,Kesehatan,45111966,7183388,Belum Terdaftar,0
288220135,UD. Fatiah Sahaja,Pendidikan,26818686,7583107,Belum Terdaftar,0
288220136,UD. Zainab Satria,Jasa,9838360,7572139,Terdaftar,1
288220137,UD. Khalid Lingga,Perdagangan,19655496,3407775,Belum Terdaftar,0
288220138,UD. Yoga Wibawa,Perdagangan,12963848,9079532,Belum Terdaftar,0
288220139,UD. Kamil Pusaka,Jasa,41205840,9100522,Belum Terdaftar,0
288220140,UD. Evan Sundawa,Perdagangan,42592515,2284052,Terdaftar,1
288220141,UD. Hana Saprahan,Jasa,31979556,1300422,Belum Terdaftar,0
288220142,UD. Pasha Kusumasari,,36797016,4066293,Belum Terdaftar,0
288220143,UD. Harun Widjaja Farhan,Pendidikan,29550487,2952534,Terdaftar,1
288220144,UD. Syifa Bima,Kesehatan,8259171,6710248,Belum Terdaftar,0
288220145,UD. Lintang Baskara Vina,Pendidikan,13319966,5507053,Belum Terdaftar,0
288220146,UD. Ujang Wijapranata,Jasa,46842756,3992531,Belum Terdaftar,0
288220147,UD. Widi Segar,Kesehatan,30395658,7168444,Belum Terdaftar,0
288220148,UD. Hana Nirmala,Jasa,6671025,1920258,Terdaftar,1
288220149,UD. Chiko Kusumasari,Jasa,32243306,3420990,Terdaftar,1
288220150,UD. Dewi Bagaskara,Pendidikan,46586075,3153093,Belum Terdaftar,0
288220151,UD. Owen Persada,Perdagangan,37907179,1225745,Terdaftar,1
288220152,UD. Jay Jatiwangi,Perdagangan,19030747,4649180,Terdaftar,1
288220153,UD. Widi Pagi,Kesehatan,13920875,5473241,Terdaftar,1
288220154,UD. Juni Asih,Pendidikan,44382553,5759420,Terdaftar,1
288220155,UD. Inten Kusumasari,Jasa,31883801,7883772,Belum Terdaftar,0
288220156,UD. Olla Tejakencana,Jasa,49106029,6237373,Belum Terdaftar,0
288220157,UD. Eni Manggala Zainab,Jasa,20062832,1392884,Belum Terdaftar,0
288220158,UD. Ujang Mandala,Jasa,14451900,4568151,Terdaftar,1
288220159,UD. Fani Alam,Jasa,16702351,4161492,Terdaftar,1
288220160,UD. Dani Panuluh,Perdagangan,45094930,5539000,Terdaftar,1
288220161,UD. Jaya Widuri,Kesehatan,22908749,1631847,Terdaftar,1
288220162,UD. Ulil Wetan,Perdagangan,7748906,5984941,Belum Terdaftar,0
288220163,UD. Gani Bahagia,Pendidikan,29311931,1173297,Belum Terdaftar,0
288220164,UD. Hanaura Widjaja,Pendidikan,23066919,3791002,Belum Terdaftar,0
288220165,UD. Qila Haji,Perdagangan,34434402,3496723,Terdaftar,1
288220166,UD. Jasmine Jagad,Pendidikan,17948513,5848767,Terdaftar,1
288220167,UD. Qasya Binasena,,14426024,4151382,Terdaftar,1
288220168,UD. Chika Tejakusuma,Perdagangan,38548327,1711617,Belum Terdaftar,0
288220169,UD. Bulan Wirawati,Jasa,6023331,583312,Terdaftar,1
288220170,UD. Ulil Utama Marsel,Kesehatan,12596406,7066542,Terdaftar,1
288220171,UD. Gracia Puri,Jasa,38746219,6958641,Belum Terdaftar,0
288220172,UD. Erni Jayengpati,Jasa,19505146,5393067,Terdaftar,1
288220173,UD. Nina Paningrat,Jasa,41391168,7682649,Belum Terdaftar,0
288220174,UD. Qisya Satria,Kesehatan,49378062,9094514,Belum Terdaftar,0
288220175,UD. Taufan Kayastha,Perdagangan,48645729,6719310,Terdaftar,1
288220176,UD. Tama Pancasila,Jasa,15746875,7987555,Terdaftar,1
288220177,UD. Amir Anugerah,Perdagangan,,9065209,Terdaftar,1
288220178,UD. Echa Madya,Kesehatan,24354214,7411267,Belum Terdaftar,0
288220179,UD. Jasmine Arya,Kesehatan,5443503,4901871,Terdaftar,1
288220180,UD. Elva Baskara,Pendidikan,17376929,5693985,Terdaftar,1
288220181,UD. Viera Jagadmaya,Jasa,31134621,7961786,Belum Terdaftar,0
288220182,UD. Miko Nirmala,Kesehatan,1491250,3183891,Belum Terdaftar,0
288220183,UD. Qiana Abadi Qamar,Perdagangan,27345852,6777545,Terdaftar,1
288220184,UD. Rafi Baswara,Perdagangan,8365245,1090342,Terdaftar,1
288220185,UD. Ucup Abdi,Pendidikan,47660075,5542640,Terdaftar,1
288220186,UD. Diyan Sari,Pendidikan,28744361,5716102,Terdaftar,1
288220187,UD. Fikri Surya,Jasa,27001400,662347,Terdaftar,1
288220188,UD. Oniel Siang,Kesehatan,17160325,1183135,Terdaftar,1
288220189,UD. Lono Jaladara,Perdagangan,7190937,5289730,Terdaftar,1
288220190,UD. Krisna Santosa,Kesehatan,28703089,4937070,Belum Terdaftar,0
288220191,UD. Sani Baru Ida,Jasa,36987116,2797513,Terdaftar,1
288220192,UD. Bella Gatra,Kesehatan,14994900,,Belum Terdaftar,0
288220193,UD. Galih Kencana,Jasa,49389242,1198576,Terdaftar,1
288220194,UD. Khayla Pancasila,Perdagangan,6732280,4204641,Terdaftar,1
288220195,UD. Lukman Gandewa,Jasa,5907291,5047418,Terdaftar,1
288220196,UD. Lukman Anindita,Perdagangan,20351822,5471657,Belum Terdaftar,0
288220197,UD. Zain Ilir,Kesehatan,10664735,5357851,Belum Terdaftar,0
288220198,UD. Dina Kencana,Jasa,41194820,6233190,Terdaftar,1
288220199,UD. Prita Jaladara Livia,Pendidikan,34087353,5738788,Terdaftar,1
288220200,UD. Bela Cahyaningrat Pasha,Jasa,5494319,8455912,Belum Terdaftar,0
288220201,UD. Miko Mahendra,Perdagangan,38970891,2760248,Terdaftar,1
288220202,UD. Zain Saputranegara,Perdagangan,41896387,5070759,Terdaftar,1
288220203,UD. Yana Trisula,Kesehatan,44141423,2816014,Belum Terdaftar,0
288220204,UD. Kirana Cendana,Kesehatan,32038441,5387606,Terdaftar,1
288220205,UD. Poppy Sudarsana,Pendidikan,8692200,1507517,Belum Terdaftar,0
288220206,UD. Evan Bahari,Perdagangan,43235554,2634646,Belum Terdaftar,0
288220207,UD. Tania Sunardi,Perdagangan,11219369,1243090,Terdaftar,1
288220208,UD. Rian Kusumatmaja,Kesehatan,49302560,1532221,Belum Terdaftar,0
288220209,UD. Pasha Asmaralaya,Kesehatan,42356722,2549388,Belum Terdaftar,0
288220210,UD. Sani Suryaatmaja,Perdagangan,42573701,1905483,Belum Terdaftar,0
288220211,UD. Aqila Merdeka Mila,Perdagangan,6769342,4784554,Belum Terdaftar,0
288220212,UD. Rosa Bahari,Jasa,42035481,7329100,Terdaftar,1
288220213,UD. Naila Cerah Wenny,Perdagangan,1192161,4236056,Terdaftar,1
288220214,UD. Qiana Artha,Kesehatan,8521702,2964946,Belum Terdaftar,0
288220215,UD. Cahya Mandala,Kesehatan,6857476,2249441,Terdaftar,1
288220216,UD. Gilang Alam,Kesehatan,22921156,4751286,Belum Terdaftar,0
288220217,UD. Pasha Kelana Gita,Perdagangan,48179183,6816992,Terdaftar,1
288220218,UD. Karla Praja,Pendidikan,13951673,6012055,Belum Terdaftar,0
288220219,UD. Qila Lempung,Kesehatan,20101382,9230030,Terdaftar,1
288220220,UD. Zera Sulaksana,Jasa,31897528,9794000,Belum Terdaftar,0
288220221,UD. Riko Arya,Perdagangan,20045691,9121789,Belum Terdaftar,0
288220222,UD. Ojan Rejo,Perdagangan,49587230,1732985,Belum Terdaftar,0
288220223,UD. Karla Warna,Perdagangan,11597623,8816901,Belum Terdaftar,0
288220224,UD. Agus Adiwangsa Mira,Pendidikan,5648057,8300072,Terdaftar,1
288220225,UD. Khalid Mahkota,Perdagangan,27437527,7258454,,0
288220226,UD. Veronika Asa,Kesehatan,31008349,3378859,Belum Terdaftar,0
288220227,UD. Novi Anggara Diva,Pendidikan,17124205,7409819,Belum Terdaftar,0
288220228,UD. Lono Mandiri,Pendidikan,7098757,1813414,Belum Terdaftar,0
288220229,UD. Icha Wetan,Jasa,27372386,9208675,Belum Terdaftar,0
288220230,UD. Kirana Atma,Pendidikan,11622406,3042557,Terdaftar,1
288220231,UD. Vidi Harapan,Pendidikan,8253758,2075254,Belum Terdaftar,0
288220232,UD. Zahra Wijaksana,Jasa,1477801,4441618,Belum Terdaftar,0
288220233,UD. Mila Purnama,Perdagangan,25445111,5870908,Terdaftar,1
288220234,UD. Binar Nusa Ujang,Jasa,9078517,9050063,Belum Terdaftar,0
288220235,UD. Kirana Makmur,Pendidikan,2694579,9189830,Belum Terdaftar,0
288220236,UD. Uli Wira,Kesehatan,28306628,1094864,Terdaftar,1
,UD. Via Dwijaputra,Kesehatan,15047646,3640683,Terdaftar,1
288220238,UD. Isna Jaya,Perdagangan,2666942,4289524,Terdaftar,1
288220239,UD. Weni Wisnu,Jasa,40467617,1703162,Terdaftar,1
288220240,UD. Zain Resmi,Pendidikan,18560199,5669731,Terdaftar,1
288220241,UD. Yaniar Rejo,Jasa,40444430,9284310,Belum Terdaftar,0
288220242,UD. Binar Kusumajati,Jasa,10176339,2951193,Terdaftar,1
288220243,UD. Oki Kencana Made,Pendidikan,1100083,5306035,Belum Terdaftar,0
288220244,UD. Ida Cinta Qamar,Jasa,2075978,722543,Belum Terdaftar,0
288220245,UD. Hanafi Wisesa,Jasa,20530652,7800465,Belum Terdaftar,0
288220246,UD. Arman Mardika,Perdagangan,41849691,3437941,Terdaftar,1
288220247,UD. Joko Widjaja Taufik,Perdagangan,35280338,6352006,unknown,0
288220248,UD. Ilham Kencana,Pendidikan,40273516,7716036,Terdaftar,1
288220249,UD. Berlian Pamungkas Yaniar,Pendidikan,unknown,7748799,Terdaftar,1
288220250,UD. Zahira Putri Lea,Pendidikan,42023043,6661248,Belum Terdaftar,0
288220251,UD. Karim Dwijaputra,Kesehatan,46673942,1826790,Terdaftar,1
288220252,UD. Celsi Wijaksana Uti,Pendidikan,1307855,9683784,Belum Terdaftar,0
288220253,UD. Yumna Warna,Kesehatan,39735383,4332412,Belum Terdaftar,0
288220254,UD. Haidar Anggrek Elok,Pendidikan,25834736,8972594,Terdaftar,1
288220255,UD. Qiana Ceria,Kesehatan,7802159,4400657,Terdaftar,1
288220256,UD. Yaniar Tunggal Gisel,Kesehatan,30828000,,Terdaftar,1
288220257,UD. Vino Kalbu,Kesehatan,11921552,3298054,Belum Terdaftar,0
288220258,UD. Riyan Anggara,Kesehatan,13870801,7560521,Belum Terdaftar,0
288220259,UD. Melati Pramudita,Perdagangan,33847740,7563089,Terdaftar,1
288220260,UD. Naila Jayaningrat,Jasa,17220983,1762342,Terdaftar,1
288220261,UD. Salsa Anugerah,Perdagangan,44354062,2028248,Belum Terdaftar,0
288220262,UD. Habib Senja,Kesehatan,24809677,4543300,Belum Terdaftar,0
288220263,UD. Fahmi Cinta,Pendidikan,46140144,7191233,Belum Terdaftar,0
288220264,UD. Wira Kelana,Jasa,17556637,851843,Terdaftar,1
288220265,UD. Iman Nirmala,Pendidikan,14429436,1348217,Belum Terdaftar,0
288220266,UD. Joko Satria Joko,Jasa,49468231,9668011,Belum Terdaftar,0
288220267,UD. Fadli Asmaralaya,Kesehatan,1133465,5613977,Terdaftar,1
288220268,UD. Pasha Jayawarsa,Perdagangan,14903881,5586375,Terdaftar,1
288220269,UD. Lukman Jagad,Perdagangan,17064521,5391499,Terdaftar,1
288220270,UD. Prananda Kusen,Pendidikan,25023853,3575881,Terdaftar,1
288220271,UD. Elsa Kelana,Perdagangan,6861170,4232206,Terdaftar,1
288220272,UD. Nando Manik,Jasa,41770426,2052263,Belum Terdaftar,0
288220273,UD. Bambang Wangi,Jasa,47570637,6052384,Belum Terdaftar,0
288220274,UD. Erlin Mega,Kesehatan,49317763,4524375,Belum Terdaftar,0
288220275,UD. Tono Radhitya,Jasa,48330077,9015878,Belum Terdaftar,0
288220276,UD. Cakra Suryaatmaja Oki,Pendidikan,26743727,5982952,Terdaftar,1
288220277,UD. Cici Cerah,Jasa,6765911,9185014,Terdaftar,1
288220278,UD. Riko Pamungkas,Kesehatan,30736321,6796774,Belum Terdaftar,0
288220279,UD. Salwa Lestari,Perdagangan,1187515,770909,Belum Terdaftar,0
288220280,UD. Cahya Tejakusuma,Jasa,5830865,2653189,Belum Terdaftar,0
288220281,UD. Ayesha Mahendra,Kesehatan,47220523,4307373,Terdaftar,1
288220282,UD. Vega Kusumatmaja,Pendidikan,41592614,4326448,Belum Terdaftar,0
288220283,UD. Icha Sahaja Rian,Kesehatan,21605277,7392390,Terdaftar,1
288220284,UD. Pardi Selaras,Pendidikan,38821833,8406437,Terdaftar,1
288220285,UD. Bambang Mulya,Kesehatan,46612335,1638287,Terdaftar,1
288220286,UD. Kiki Anggara,Perdagangan,30416515,736318,Terdaftar,1
288220287,UD. Agus Wijapranata,Perdagangan,40322110,2492486,Belum Terdaftar,0
288220288,UD. Kirana Berkarya,Kesehatan,17135616,5123075,Belum Terdaftar,0
288220289,UD. Qisha Bintang,Kesehatan,33064250,9033413,Terdaftar,1
288220290,UD. Mira Asa,Perdagangan,30176820,7053639,Belum Terdaftar,0
288220291,UD. Nibras Surapati,Pendidikan,5808092,8908734,Terdaftar,1
288220292,UD. Wulan Wira,Kesehatan,36415221,1775250,Terdaftar,1
288220293,UD. Yessi Wening Putri,Pendidikan,44243608,9671615,Belum Terdaftar,0
288220294,UD. Tania Karya Zahra,Perdagangan,6187312,6263391,Belum Terdaftar,0
288220295,UD. Erlin Setia,Jasa,6370209,618057,Terdaftar,1
288220296,UD. Heri Jatiwangi,Perdagangan,33662757,9059218,Terdaftar,1
288220297,UD. Olla Manunggal,Jasa,48081690,5379618,Terdaftar,1
288220298,UD. Fatiah Ranggalawe,Perdagangan,6619063,6565770,Belum Terdaftar,0
288220299,UD. Tania Jati,Perdagangan,36803733,9122321,Belum Terdaftar,0
288220300,UD. Khalid Sejahtera Mila,Perdagangan,48143698,6420504,Terdaftar,1
288220301,UD. Fitri Ratu Pasha,Pendidikan,13595762,7770545,Terdaftar,1
288220302,UD. Ujang Sangkala,Kesehatan,14045099,5600427,Terdaftar,1
288220303,UD. Gilangga Bima,Jasa,4035029,854578,Terdaftar,1
288220304,UD. Weni Wira,Kesehatan,14315463,1414923,Belum Terdaftar,0
288220305,UD. Taufik Sakti,Perdagangan,13695512,515443,Belum Terdaftar,0
288220306,UD. Jafar Baswara,Jasa,43255267,5178562,Belum Terdaftar,0
288220307,UD. Barokah Kusuma,Perdagangan,35047194,3889113,Belum Terdaftar,0
288220308,UD. Irma Praja,Jasa,15310846,7407464,Belum Terdaftar,0
288220309,UD. Umar Mulyo Wulan,Perdagangan,38631122,630161,Terdaftar,1
288220310,UD. Baim Wacana,Perdagangan,46592378,6976249,Belum Terdaftar,0
288220311,UD. Tama Taruna,Kesehatan,46014812,5477795,Belum Terdaftar,0
288220312,UD. Vera Asri,Pendidikan,36764828,7564817,Terdaftar,1
288220313,UD. Vina Kusen,Jasa,10143807,6231081,Belum Terdaftar,0
288220314,UD. Tasya Saprahan Zidanar,Pendidikan,39637391,3784169,Terdaftar,1
288220315,UD. Widya Paningrat,Jasa,1989439,6361677,Terdaftar,1
288220316,UD. Ari Rejo,Pendidikan,7831463,9060029,Belum Terdaftar,0
288220317,UD. Tomi Bratadikara,Pendidikan,36791546,8252217,Belum Terdaftar,0
288220318,UD. Anisa Maju,Jasa,2798517,1034569,Belum Terdaftar,0
288220319,UD. Melati Terang,Pendidikan,22814560,4909541,Terdaftar,1
288220320,UD. Yani Gunawan Bambang,Kesehatan,17338942,5723178,Belum Terdaftar,0
288220321,UD. Ovan Bahari,Perdagangan,40626991,5157705,Terdaftar,1
288220322,UD. Khayla Arya,Jasa,37090809,9675864,Terdaftar,1
288220323,UD. Vino Brawijaya Veronika,Pendidikan,47407508,4512588,Belum Terdaftar,0
288220324,UD. Bagir Sasmita Yusuf,Pendidikan,16192556,1790484,Terdaftar,1
288220325,UD. Marsel Rejo,Kesehatan,26007093,806984,Belum Terdaftar,0
288220326,UD. Odie Santosa Chika,Perdagangan,40380471,7761543,Belum Terdaftar,0
288220327,UD. Elva Manik,Jasa,34231066,9552978,Terdaftar,1
288220328,UD. Budi Purnama,Kesehatan,6311025,3710654,Belum Terdaftar,0
288220329,UD. Fahmi Darma,Kesehatan,4914470,6848095,Belum Terdaftar,0
288220330,UD. Putra Sudharmo,Pendidikan,38382693,2545343,Belum Terdaftar,0
288220331,UD. Wesly Cempaka,Perdagangan,39952060,7862425,Belum Terdaftar,0
288220332,UD. Vito Tri,Perdagangan,44787493,8720883,Terdaftar,1
288220333,UD. Dora Wiratama,Kesehatan,49053630,,Belum Terdaftar,0
288220334,UD. Fikri Surapati,Pendidikan,3732261,7813226,Terdaftar,1
288220335,UD. Syana Arya,Pendidikan,47700802,6980538,Terdaftar,1
288220336,UD. Yayan Atma Amir,Perdagangan,12194133,9082206,Terdaftar,1
288220337,UD. Suci Sumringah,Perdagangan,40189884,4430535,Belum Terdaftar,0
288220338,UD. Echa Darma Santi,Pendidikan,35941200,9647179,Belum Terdaftar,0
288220339,UD. Chintya Maju,Perdagangan,24850046,5884396,Terdaftar,1
288220340,UD. Syana Darma,Kesehatan,20333895,2677107,Belum Terdaftar,0
288220341,UD. Yusuf Tirtayasa,Kesehatan,44574007,6087697,Terdaftar,1
288220342,UD. Wawan Anugerah,Pendidikan,34866595,9574801,Terdaftar,1
288220343,UD. Rafi Paseban,Jasa,19422763,3565599,Terdaftar,1
288220344,UD. Celsi Brawijaya,Jasa,45682579,4105157,Belum Terdaftar,0
288220345,UD. Yolanda Sasmita,Kesehatan,18936383,4170003,Belum Terdaftar,0
288220346,UD. Yoga Segar,Pendidikan,27040909,9239664,Belum Terdaftar,0
288220347,UD. Sari Jayengpati,Pendidikan,19679364,2150338,Belum Terdaftar,0
288220348,UD. Salsa Adyatma,Pendidikan,46870745,7565336,Belum Terdaftar,0
288220349,UD. Viani Widjaja,Jasa,5968160,755022,Terdaftar,1
288220350,UD. Suci Gunawan Qayla,Jasa,30198779,6829460,Terdaftar,1
288220351,UD. Habib Mandala,Pendidikan,14510761,7293990,Terdaftar,1
288220352,UD. Ilham Gita,Perdagangan,25519196,1437267,Belum Terdaftar,0
288220353,UD. Rangga Purnama,Pendidikan,12197402,7671150,Belum Terdaftar,0
288220354,UD. Owen Cempaka Tama,Jasa,9361784,8062715,Belum Terdaftar,0
288220355,UD. Clarissa Panji,Jasa,25419974,2480379,Terdaftar,1
288220356,UD. Qanita Tengah,Pendidikan,46736861,9331020,Terdaftar,1
288220357,UD. Bambang Wirawati,Jasa,8594743,4894997,Belum Terdaftar,0
288220358,UD. Chiko Tejakencana,Perdagangan,36237554,772655,Terdaftar,1
,UD. Agus Mandiri,Pendidikan,2387569,1385271,Belum Terdaftar,0
288220360,UD. Fauzan Putra,Jasa,42907332,2914264,Terdaftar,1
288220361,UD. Binar Kusumah Silvi,Perdagangan,42853885,2291365,Terdaftar,1
288220362,UD. Nina Gemilang,Kesehatan,42979108,2261149,Terdaftar,1
288220363,UD. Alma Senja,Kesehatan,42938439,5043323,Belum Terdaftar,0
288220364,UD. Sani Cendana,Kesehatan,21463314,4862770,Terdaftar,1
288220365,UD. Habib Wijapranata,Perdagangan,43897949,3239610,Terdaftar,1
288220366,UD. Tono Ceria,Pendidikan,39795302,1974086,Belum Terdaftar,0
288220367,UD. Pipit Radhitya,Perdagangan,31495031,2616113,Terdaftar,1
288220368,UD. Viona Swargaloka,Pendidikan,42429514,4076246,Belum Terdaftar,0
288220369,UD. Bambang Galang,Jasa,30213006,4988102,Terdaftar,1
288220370,UD. Habib Utama,Jasa,26075521,7495131,Belum Terdaftar,0
288220371,UD. Khayla Wijapranata,Perdagangan,34920188,2851306,Belum Terdaftar,0
288220372,UD. Indira Nirwasita,Jasa,18403387,4162326,Terdaftar,1
288220373,UD. Reza Jayawarsa,Pendidikan,36460699,1044961,,0
288220374,UD. Widi Kusumasari,Jasa,13274326,1749395,Belum Terdaftar,0
288220375,UD. Galang Sukarela,Jasa,19631251,1070468,Terdaftar,1
288220376,UD. Jasmine Widhi,Pendidikan,8874352,8004583,Terdaftar,1
288220377,UD. Kinan Senopati,Perdagangan,8638145,7982565,Belum Terdaftar,0
288220378,UD. Yoga Yudhistira,Kesehatan,46933891,3609317,Terdaftar,1
288220379,UD. Naufal Jayengprana Citra,Kesehatan,26596029,5697269,Terdaftar,1
288220380,UD. Owen Gatra,Perdagangan,15611668,4392165,Terdaftar,1
288220381,UD. Karim Mahendra,Pendidikan,2003142,2708195,Belum Terdaftar,0
288220382,UD. Pardi Kamajaya,Pendidikan,5492961,4541496,Belum Terdaftar,0
288220383,UD. Budi Naraya,Perdagangan,1028252,4173208,Belum Terdaftar,0
288220384,UD. Oki Anugerah,Perdagangan,2982425,2058869,Belum Terdaftar,0
288220385,UD. Farid Wibawa Arman,Pendidikan,33287465,4991192,Terdaftar,1
288220386,UD. Zain Kusumajati,Pendidikan,29653259,9262858,Terdaftar,1
288220387,UD. Lana Pamungkas,Pendidikan,18527453,2146865,Terdaftar,1
288220388,UD. Aqila Gita,Kesehatan,47492863,6076206,Belum Terdaftar,0
288220389,UD. Eka Madani Erlin,Jasa,27479281,3193625,Belum Terdaftar,0
288220390,UD. Lukita Agung Bella,Kesehatan,48256128,9584375,Belum Terdaftar,0
288220391,UD. Lea Praja Uti,Pendidikan,3464957,7820690,Terdaftar,1
288220392,UD. Carissa Bratadikara,Kesehatan,6695215,5658649,Belum Terdaftar,0
288220393,UD. Zidan Utama Panji,Kesehatan,18209529,3961850,Terdaftar,1
288220394,UD. Ghani Karang,Pendidikan,39329837,9812156,Belum Terdaftar,0
288220395,UD. Qyla Utama Yasir,Pendidikan,49915747,9837822,Belum Terdaftar,0
288220396,UD. Riko Gita,Kesehatan,49315887,5669497,Terdaftar,1
288220397,UD. Marwan Kamajaya,Jasa,47726825,,Terdaftar,1
288220398,UD. Zahira Sunardi,Perdagangan,23058079,2611085,Terdaftar,1
288220399,UD. Jojo Suryaputra,Pendidikan,6944134,4778564,Terdaftar,1
288220400,UD. Vita Trisula,Perdagangan,28077652,9240519,Terdaftar,1
288220401,UD. Bambang Kusen,Jasa,10452614,8007695,Belum Terdaftar,0
288220402,UD. Chiko Nirwana Kevin,Jasa,29114643,3740697,Belum Terdaftar,0
288220403,UD. Elok Ratu Yasir,Perdagangan,41893351,7053328,Terdaftar,1
288220404,UD. Farhan Sudarsana Cipta,Jasa,24920043,8201588,Terdaftar,1
288220405,UD. Zidan Buana Rahmat,Perdagangan,14342956,4446609,Terdaftar,1
288220406,UD. Rafi Warna,Kesehatan,46422708,7025180,Belum Terdaftar,0
288220407,UD. Qira Jaya Yola,Jasa,6848707,7512860,Terdaftar,1
288220408,UD. Gisel Wirajaya,Perdagangan,32667987,587819,Belum Terdaftar,0
288220409,UD. Reza Wira Anis,Kesehatan,14539368,3542908,Terdaftar,1
288220410,UD. Fani Agung,Perdagangan,46413817,3121098,Belum Terdaftar,0
288220411,UD. Galang Mulya,Jasa,40943532,9041832,Terdaftar,1
288220412,UD. Lina Adiwarna,Jasa,9515653,9966565,Terdaftar,1
288220413,UD. Yessi Mayang,Kesehatan,14834308,9404153,Terdaftar,1
288220414,UD. Lutfi Madusari,Kesehatan,26622166,3089394,Terdaftar,1
288220415,UD. Lana Mandala,Pendidikan,34863641,,Terdaftar,1
288220416,UD. Wira Jayaningrat,Pendidikan,18244676,4769808,Belum Terdaftar,0
288220417,UD. Diva Ceria Deni,Pendidikan,20635865,9348238,Belum Terdaftar,0
288220418,UD. Nibras Utama,Perdagangan,34750845,5831651,Terdaftar,1
288220419,UD. Naila Kencana,Jasa,4136655,6028927,unknown,0
288220420,UD. Laras Mahendra,Perdagangan,25664596,5311698,Terdaftar,1
288220421,UD. Binar Jati,Pendidikan,29567430,7929134,Belum Terdaftar,0
288220422,UD. Diva Putri,Kesehatan,43928126,2947937,Belum Terdaftar,0
288220423,UD. Kinan Jayawarsa,Kesehatan,46182883,8941129,Belum Terdaftar,0
288220424,UD. Udin Maheswara,Kesehatan,43201208,6723693,Terdaftar,1
288220425,UD. Leni Cahaya,Perdagangan,4477260,9202257,Belum Terdaftar,0
288220426,UD. Yessi Jaladara,Jasa,9903375,8499916,Belum Terdaftar,0
288220427,UD. Fanny Kencana,Kesehatan,29578128,1874198,Belum Terdaftar,0
288220428,UD. Irma Wiraatmaja,Perdagangan,13370281,1836138,Terdaftar,1
288220429,UD. Marsya Sarwono,Kesehatan,40836230,3548928,Belum Terdaftar,0
288220430,UD. Hesti Utamajaya,Kesehatan,43452815,,Terdaftar,1
288220431,UD. Zahra Panembahan,Perdagangan,6632053,1426711,Terdaftar,1
288220432,UD. Prananda Wijapranata,Perdagangan,44785381,4173044,Belum Terdaftar,0
288220433,UD. Erni Kawiswara,Pendidikan,15015117,9389015,Terdaftar,1
288220434,UD. Wenny Wira,Kesehatan,10886287,3554963,Belum Terdaftar,0
288220435,UD. Naufal Dewangga,Kesehatan,30795722,4897861,Terdaftar,1
288220436,UD. Fahmi Trisaktiatma,Perdagangan,31279245,883605,Terdaftar,1
288220437,UD. Niken Mardika,Jasa,12627935,2910607,Belum Terdaftar,0
288220438,UD. Dora Utama,Perdagangan,26906109,3839830,Belum Terdaftar,0
288220439,UD. Najwa Baru,Jasa,22268006,5158209,Terdaftar,1
288220440,UD. Ida Kamajaya,Jasa,16758950,7412410,Terdaftar,1
288220441,UD. Obed Bijaksana,Pendidikan,42499384,3513175,Belum Terdaftar,0
288220442,UD. Eni Madani,Kesehatan,9848733,5389366,Terdaftar,1
288220443,UD. Gracia Tejakusuma,Jasa,9062231,7469716,,0
288220444,UD. Hanaura Jayabaya,Pendidikan,5082766,8006110,Terdaftar,1
288220445,UD. Zidan Mardika,Perdagangan,19570408,3003353,Belum Terdaftar,0
288220446,UD. Irma Bagaskara,Perdagangan,31622174,2954095,Belum Terdaftar,0
288220447,UD. Qori Dewangga,Perdagangan,19789085,9944564,Terdaftar,1
288220448,UD. Joko Wisesa,Pendidikan,15289651,3221871,Terdaftar,1
288220449,UD. Vincent Bintang,Pendidikan,2922089,4425332,Terdaftar,1
288220450,UD. Ujang Tri,Kesehatan,32129958,5984272,Belum Terdaftar,0
288220451,UD. Wira Sidarta,Perdagangan,42907912,3342653,Belum Terdaftar,0
288220452,UD. Lidya Cempaka,Jasa,21114555,2029581,Belum Terdaftar,0
288220453,UD. Odie Agastya Aldo,Perdagangan,30418595,4789748,Belum Terdaftar,0
288220454,UD. Yuli Satria,Perdagangan,42827395,2474452,Terdaftar,1
288220455,UD. Damar Prima,Jasa,28285827,2098491,Terdaftar,1
288220456,UD. Umar Kulon,Pendidikan,26900864,2950686,Belum Terdaftar,0
288220457,UD. Hesti Adikara,Jasa,47316145,5559479,Terdaftar,1
288220458,UD. Fira Segar,Kesehatan,27613079,886799,Belum Terdaftar,0
288220459,UD. Nadia Nirbayu,Kesehatan,35058354,1365043,Terdaftar,1
288220460,UD. Guntur Damai Damaris,Jasa,20070693,5781297,Terdaftar,1
288220461,UD. Ucup Wijaya Yana,Perdagangan,35142794,9883231,Terdaftar,1
288220462,UD. Barokah Nirbayu Oki,Jasa,18019158,1023379,Terdaftar,1
288220463,UD. Ina Yudhistira Olla,Perdagangan,1357386,1696547,Terdaftar,1
288220464,UD. Naila Artha,Pendidikan,17781145,8541110,Terdaftar,1
288220465,UD. Wulan Nawasena,Pendidikan,10401971,539217,Terdaftar,1
288220466,UD. Agus Dewangga,Perdagangan,45596457,,Terdaftar,1
288220467,UD. Miko Jati,Jasa,25439514,8136385,Terdaftar,1
288220468,UD. Naufal Harmoni,Pendidikan,48526849,3883330,Belum Terdaftar,0
288220469,UD. Qomar Jayawarsa,Perdagangan,15825954,4854781,Belum Terdaftar,0
288220470,UD. Chika Haji,Kesehatan,11714617,4270870,Terdaftar,1
288220471,UD. Marwan Cinta,Pendidikan,30773649,8540910,Belum Terdaftar,0
288220472,UD. Nadia Wirajaya,Perdagangan,41030918,4869430,Belum Terdaftar,0
288220473,UD. Putra Padi,Pendidikan,18187881,1298394,Terdaftar,1
288220474,UD. Leni Elok,Jasa,7217966,5516896,Belum Terdaftar,0
288220475,UD. Riyan Cendana Opik,Jasa,2938699,4421566,Terdaftar,1
288220476,UD. Ujang Cahaya,Perdagangan,3113128,8536890,Belum Terdaftar,0
288220477,UD. Bela Persada,Perdagangan,32804541,6078835,Belum Terdaftar,0
288220478,UD. Oki Abdi Uti,Kesehatan,28739573,2941702,Terdaftar,1
288220479,UD. Yayan Sakti,Kesehatan,33567345,9867967,Belum Terdaftar,0
288220480,UD. Naufal Satria,Perdagangan,11783900,9274879,Belum Terdaftar,0
288220481,UD. Ayesha Buana,Pendidikan,32970901,1281779,Belum Terdaftar,0
288220482,UD. Yumna Suryaatmaja,Perdagangan,10532219,1825316,Terdaftar,1
288220483,UD. Juli Kencana,Pendidikan,8023285,8011426,Terdaftar,1
288220484,UD. Vita Bintang,Perdagangan,10095426,4016782,Terdaftar,1
288220485,UD. Maudy Widuri,Pendidikan,16075095,3672192,Belum Terdaftar,0
288220486,UD. Jasmin Anggrek,Kesehatan,24148277,2687620,Belum Terdaftar,0
288220487,UD. Nando Kawiswara Ujang,Kesehatan,22726554,8944349,Belum Terdaftar,0
288220488,UD. Diyan Kencana,Pendidikan,38621694,6829827,Belum Terdaftar,0
288220489,UD. Livia Sasmita,Jasa,12784252,5809106,Belum Terdaftar,0
288220490,UD. Jodi Langit,Pendidikan,13207201,7385962,Terdaftar,1
288220491,UD. Qanita Tejakencana,,20929166,1017219,Belum Terdaftar,0
288220492,UD. Fajar Agung,Kesehatan,41309969,1388879,Belum Terdaftar,0
288220493,UD. Yumna Wening,Kesehatan,36494743,1613922,Terdaftar,1
288220494,UD. Yuli Swargaloka,Kesehatan,14559054,2206970,Terdaftar,1
288220495,UD. Joko Surapati,Kesehatan,6328618,7420550,Terdaftar,1
288220496,UD. Gema Adikara,Pendidikan,33678486,3604491,Terdaftar,1
288220497,UD. Damar Ayodya,,38752835,2568886,Belum Terdaftar,0
288220498,UD. Oniel Sakti,Perdagangan,5440546,1582938,Belum Terdaftar,0
288220499,UD. Ujang Lintang Oki,Kesehatan,25634618,2277414,Terdaftar,1
288220500,UD. Jasmine Luhur,Jasa,45191996,5794474,Terdaftar,1
288220501,UD. Wira Kawiswara,Jasa,29228829,1535193,Belum Terdaftar,0
288220502,UD. Jodi Swargaloka,Perdagangan,41385423,4081864,Belum Terdaftar,0
288220503,UD. Farid Jati Ony,Kesehatan,3289606,8515973,Terdaftar,1
288220504,UD. Ojan Kulon,Pendidikan,11899288,3544792,Terdaftar,1
288220505,UD. Prita Asa,Jasa,21023837,7960681,Belum Terdaftar,0
288220506,UD. Vito Gita,Perdagangan,20256101,854408,Terdaftar,1
288220507,UD. Lutfi Gunawan,Jasa,46511310,6452301,Terdaftar,1
288220508,UD. Bayu Gita,Kesehatan,21764763,5011176,Terdaftar,1
288220509,UD. Pipit Manunggal,Perdagangan,24621156,786148,Terdaftar,1
288220510,UD. Maudy Ilir,Pendidikan,31174547,6677618,Terdaftar,1
288220511,UD. Ujang Prawira Bella,Perdagangan,36475095,6851420,Belum Terdaftar,0
288220512,UD. Ojan Wacana,Pendidikan,2748478,2262481,Terdaftar,1
288220513,UD. Haidar Saputrautama,Perdagangan,35235266,4691601,Belum Terdaftar,0
288220514,UD. Verdi Surya,Pendidikan,19645895,7484877,Terdaftar,1
288220515,UD. Fani Adikara,Perdagangan,34023757,5641556,Belum Terdaftar,0
288220516,UD. Santi Kayastha,Jasa,28141680,3602490,Belum Terdaftar,0
288220517,UD. Bayu Taruna,Kesehatan,1824201,2991250,Terdaftar,1
288220518,UD. Rian Wacana,Jasa,3183106,5103200,Belum Terdaftar,0
288220519,UD. Teguh Adiwangsa,Jasa,10911064,4069892,Terdaftar,1
288220520,UD. Lutfi Sarwono,Pendidikan,26169899,6849851,Belum Terdaftar,0
288220521,UD. Guntur Santosa,Jasa,17446362,3177123,Belum Terdaftar,0
288220522,UD. Qisya Wijapranata,Perdagangan,12883856,8354092,Belum Terdaftar,0
288220523,UD. Farid Citra,Pendidikan,4493459,2701592,Belum Terdaftar,0
288220524,UD. Juni Hastinapura,Pendidikan,26142226,7146590,Belum Terdaftar,0
,UD. Viera Pagi,Pendidikan,1799296,2247687,unknown,0
288220526,UD. Qasya Utamajaya,Pendidikan,25471898,8805451,Belum Terdaftar,0
288220527,UD. Elva Utamaindah,Jasa,33382140,2916635,Terdaftar,1
288220528,UD. Ayesha Prima,Perdagangan,6309911,2120328,Terdaftar,1
288220529,UD. Lina Sidarta,Jasa,24189801,8085588,Belum Terdaftar,0
288220530,UD. Hasna Mandala,,42083757,9310456,Belum Terdaftar,0
288220531,UD. Qais Kencana,Perdagangan,24721820,2427231,Belum Terdaftar,0
288220532,UD. Budi Gunawan,Pendidikan,5362580,2557675,Belum Terdaftar,0
288220533,UD. Lea Tri,Jasa,34700463,6963889,Terdaftar,1
288220534,UD. Amir Malam,Jasa,40621221,2779554,Terdaftar,1
288220535,UD. Silvi Purnama,Pendidikan,21710109,6697308,Belum Terdaftar,0
288220536,UD. Joko Sasmita,Jasa,16853458,910949,Belum Terdaftar,0
288220537,UD. Elyas Maheswara Dora,Jasa,15234367,1281067,Terdaftar,1
288220538,UD. Uci Merdeka,Perdagangan,21242712,6383014,Terdaftar,1
288220539,UD. Nisa Prabawa,Jasa,28534948,900340,Belum Terdaftar,0
288220540,UD. Qila Warna,Perdagangan,11149388,1109717,Belum Terdaftar,0
288220541,UD. Elyas Hastinapura Fanny,Kesehatan,13014562,1949603,Belum Terdaftar,0
288220542,UD. Qayla Tirtaatmaja,Perdagangan,37610775,9040511,Belum Terdaftar,0
288220543,UD. Amir Manggala,Kesehatan,11669172,7847317,Terdaftar,1
288220544,UD. Lono Pelangi Taufan,Jasa,21101719,7107292,Belum Terdaftar,0
288220545,UD. Elsa Darussalam,Kesehatan,10275146,9616486,Terdaftar,1
288220546,UD. Rendi Sundawa Ayesha,Kesehatan,10073210,7952445,Belum Terdaftar,0
288220547,UD. Nadia Kusuma,Pendidikan,9100332,3749643,Terdaftar,1
288220548,UD. Gusti Atma,Kesehatan,36193664,5722496,Terdaftar,1
288220549,UD. Oki Trisula,Kesehatan,17506963,8627260,Belum Terdaftar,0
288220550,UD. Taufik Cerah,Kesehatan,19075341,8224076,Belum Terdaftar,0
288220551,UD. Qisha Ratu,Kesehatan,35359294,3334891,Terdaftar,1
288220552,UD. Jojo Baswara,Pendidikan,9444424,6425268,Belum Terdaftar,0
288220553,UD. Ulfa Swargaloka,Perdagangan,37111291,951448,Belum Terdaftar,0
288220554,UD. Qamar Nusa,Kesehatan,43591405,8914057,Belum Terdaftar,0
288220555,UD. Halim Berkarya Fajar,Jasa,39734812,7806006,Terdaftar,1
288220556,UD. Yessi Suryaputra,Pendidikan,18752085,9042669,Belum Terdaftar,0
288220557,UD. Berlian Wijaya,Pendidikan,19097567,2254556,Belum Terdaftar,0
288220558,UD. Gilang Sukarela,Kesehatan,39085416,8987912,Belum Terdaftar,0
288220559,UD. Joko Hilir,Perdagangan,23422708,1739276,Terdaftar,1
288220560,UD. Mika Nusa,Jasa,42311438,6939894,Belum Terdaftar,0
288220561,UD. Fikra Mandala,Pendidikan,27745114,3737963,Belum Terdaftar,0
288220562,UD. Fahmi Wacana,Pendidikan,9022714,1406257,Terdaftar,1
288220563,UD. Abdi Sukma Cici,Pendidikan,7982116,7072588,Belum Terdaftar,0
288220564,UD. Esa Sanjaya,Kesehatan,37077068,7302713,Terdaftar,1
288220565,UD. Lana Senopati,Pendidikan,21852078,6773810,,0
288220566,UD. Gusti Radhitya Yaniar,Jasa,45703443,3353992,Terdaftar,1
288220567,UD. Alif Pancasila,Perdagangan,38541298,5694362,Belum Terdaftar,0
288220568,UD. Elsa Brawijaya Juli,Jasa,,1191952,Belum Terdaftar,0
288220569,UD. Aldo Brata,Pendidikan,4857865,2498096,Belum Terdaftar,0
288220570,UD. Mika Sentosa,Kesehatan,23372370,7423944,Belum Terdaftar,0
288220571,UD. Rizki Kencana,Perdagangan,46459942,9836454,Terdaftar,1
288220572,UD. Weni Cerah,Kesehatan,21351027,8940174,Terdaftar,1
288220573,UD. Wira Agung,Pendidikan,35448956,1597090,Belum Terdaftar,0
288220574,UD. Niken Jayawarsa,Pendidikan,49866110,5973076,Terdaftar,1
288220575,UD. Alif Tejakusuma,Perdagangan,12984085,6858709,Belum Terdaftar,0
288220576,UD. Vega Haji Pardi,Pendidikan,12019454,5253371,Belum Terdaftar,0
288220577,UD. Shinta Mahendra,Pendidikan,39163139,3594526,Terdaftar,1
288220578,UD. Gilangga Wijapranata,Perdagangan,35203097,1774308,Terdaftar,1
288220579,UD. Rosa Selaras,Jasa,37126965,1403446,Terdaftar,1
288220580,UD. Dina Galang,Kesehatan,1955105,1446693,Belum Terdaftar,0
288220581,UD. Gadis Bijaksana,Kesehatan,28449777,6151957,Terdaftar,1
288220582,UD. Yani Luhur,Kesehatan,31216426,5553984,Terdaftar,1
288220583,UD. Pasha Jati,Jasa,47413910,3502517,Belum Terdaftar,0
288220584,UD. Mirna Bangun Yola,Pendidikan,10648199,5139340,Belum Terdaftar,0
288220585,UD. Tama Baruna,Jasa,34559423,2392483,Belum Terdaftar,0
288220586,UD. Xenia Berkarya Pandu,Kesehatan,10038534,1342458,Terdaftar,1
288220587,UD. Zulfa Hastinapura Abdi,Pendidikan,31411832,9790019,Terdaftar,1
288220588,UD. Wenny Wijaya,Perdagangan,23362042,6077658,Terdaftar,1
288220589,UD. Fira Wiraatmaja,Jasa,36315835,1255236,Belum Terdaftar,0
288220590,UD. Bagir Brata,Perdagangan,19789330,1817433,Terdaftar,1
288220591,UD. Fatimah Satriya,Pendidikan,46941824,2605442,Terdaftar,1
288220592,UD. Kiki Raharja,Pendidikan,38730216,3391772,Terdaftar,1
288220593,UD. Lutfi Tirtaatmaja,Perdagangan,45009767,5089966,Terdaftar,1
288220594,UD. Suci Prabawa Ojan,Pendidikan,28354473,5573632,Terdaftar,1
288220595,UD. Tania Kencana Ciko,Kesehatan,41569605,3467739,Terdaftar,1
288220596,UD. Lono Satria,Jasa,9669564,6882995,Terdaftar,1
288220597,UD. Uchie Saputra,Kesehatan,16999889,9413302,Terdaftar,1
288220598,UD. Lina Bahari,Jasa,26385841,4193049,Belum Terdaftar,0
288220599,UD. Ilmi Rejo,Perdagangan,2036715,9334165,Belum Terdaftar,0
288220600,UD. Desi Mayang,Pendidikan,22602014,3286882,Terdaftar,1
288220601,UD. Yasir Tunggul,Kesehatan,5763917,3231306,Belum Terdaftar,0
288220602,UD. Rafif Mandiri,Perdagangan,22877786,6032684,Terdaftar,1
288220603,UD. Wesly Mandala,Kesehatan,34390924,9473405,Belum Terdaftar,0
288220604,UD. Oki Jatinagara,Perdagangan,43764151,2078790,Belum Terdaftar,0
288220605,UD. Elen Resaputra,Jasa,33747419,4929083,Belum Terdaftar,0
288220606,UD. Wulan Sakti,Jasa,41228900,6015426,Terdaftar,1
,UD. Indira Wisnu,Perdagangan,19716205,5618647,Terdaftar,1
288220608,UD. Viani Cempaka,Jasa,24843461,7823578,Terdaftar,1
288220609,UD. Tariq Karang Umi,Perdagangan,11808093,5076098,Terdaftar,1
288220610,UD. Daffa Trijaya,Pendidikan,35275197,6944568,Terdaftar,1
288220611,UD. Riko Praja,Perdagangan,23322922,6709343,Belum Terdaftar,0
288220612,UD. Zidanar Tejakencana,Jasa,34509586,3550076,Belum Terdaftar,0
288220613,UD. Tiara Haji,Pendidikan,1167861,564209,Belum Terdaftar,0
288220614,UD. Lukita Resaputra,Pendidikan,44173781,3837334,Terdaftar,1
288220615,UD. Gadis Ceria,Pendidikan,10860644,4949835,Terdaftar,1
288220616,UD. Nadia Adhi,Pendidikan,32184525,2781457,Belum Terdaftar,0
288220617,UD. Qanitah Saputrautama Raka,Pendidikan,12065093,8046232,Belum Terdaftar,0
288220618,UD. Evan Senja,Perdagangan,2548033,6220673,Belum Terdaftar,0
288220619,UD. Olivia Wetan,Perdagangan,18630679,7647050,Terdaftar,1
288220620,UD. Taufik Anugerah,Perdagangan,19909872,3864819,Belum Terdaftar,0
288220621,UD. Qyla Kusumajati,Jasa,2816865,2886344,Terdaftar,1
288220622,UD. Kiki Madani,Perdagangan,,4033199,Belum Terdaftar,0
288220623,UD. Yasir Suci,Jasa,28089118,7219924,Belum Terdaftar,0
288220624,UD. Satria Karang,Perdagangan,27850367,9544860,Terdaftar,1
288220625,UD. Berlian Sumringah,Kesehatan,13042115,4103934,Belum Terdaftar,0
288220626,UD. Yasir Nirwasita,Kesehatan,15619690,7480702,Terdaftar,1
288220627,UD. Gisel Kusumatmaja,Kesehatan,14586074,4875319,Belum Terdaftar,0
288220628,UD. Rangga Satria,Kesehatan,42849110,8820888,Belum Terdaftar,0
288220629,UD. Qasya Sangkala,Pendidikan,16580745,3825381,Belum Terdaftar,0
288220630,UD. Qori Galang Pandu,Pendidikan,6807320,8728359,Belum Terdaftar,0
288220631,UD. Gerry Cempaka,Pendidikan,36532950,1654271,Terdaftar,1
288220632,UD. Guntur Sulaksana,Kesehatan,1338069,5617392,Terdaftar,1
288220633,UD. Rendi Sangga,Jasa,40413700,766533,Terdaftar,1
288220634,UD. Qais Purnama Tania,Kesehatan,21729284,2478595,Terdaftar,1
288220635,UD. Gisel Wirawati,Jasa,14192851,9088036,Terdaftar,1
288220636,UD. Ujang Bersemi,Perdagangan,9526408,2293993,Belum Terdaftar,0
288220637,UD. Daffa Prawira,Kesehatan,34431215,3304482,Terdaftar,1
288220638,UD. Qomar Anindita,Perdagangan,38220432,7201782,Terdaftar,1
288220639,UD. Poppy Agastya,Perdagangan,16199546,7064828,Belum Terdaftar,0
288220640,UD. Asep Trisula,Pendidikan,9433808,4364303,Terdaftar,1
288220641,UD. Bulan Suryaatmaja,Jasa,12257528,7558285,Terdaftar,1
288220642,UD. Jibril Pagi,Pendidikan,2276501,549122,Belum Terdaftar,0
288220643,UD. Fatiah Utama,Perdagangan,24550800,9428615,Belum Terdaftar,0
288220644,UD. Wesly Prima,Kesehatan,7811967,3433309,Belum Terdaftar,0
288220645,UD. Pandu Ranggalawe,Pendidikan,47821165,1927293,Terdaftar,1
288220646,UD. Widya Prabawa,Pendidikan,6463151,6068645,Terdaftar,1
288220647,UD. Zaki Manik,Jasa,25353643,2336064,Belum Terdaftar,0
288220648,UD. Zidan Sari Gisel,Pendidikan,24352351,5669632,Terdaftar,1
288220649,UD. Binar Warna,Pendidikan,34165872,9503897,Terdaftar,1
288220650,UD. Uchie Sangga,Pendidikan,18966578,5195358,Belum Terdaftar,0
288220651,UD. Raka Anindita Mila,Pendidikan,17166430,8924347,Terdaftar,1
288220652,UD. Qisya Jatinagara,Jasa,20189313,3154279,Terdaftar,1
288220653,UD. Naila Kusumatmaja Evan,Jasa,24819296,8053760,Belum Terdaftar,0
288220654,UD. Yusuf Adhi Nina,Pendidikan,38411302,3434027,Belum Terdaftar,0
288220655,UD. Vito Panji,Jasa,46609542,4410116,Belum Terdaftar,0
288220656,UD. Qais Manunggal,Jasa,49752377,6481444,Belum Terdaftar,0
288220657,UD. Ilmi Bersemi Qanita,Perdagangan,40951461,2197499,Terdaftar,1
288220658,UD. Obed Agung,Kesehatan,5810972,8538237,Belum Terdaftar,0
288220659,UD. Naila Adikara,Jasa,25226289,8547425,Belum Terdaftar,0
288220660,UD. Salsa Saputranegara,Kesehatan,22886862,1643968,Belum Terdaftar,0
288220661,UD. Elen Bijaksana,Kesehatan,35250647,1813986,Terdaftar,1
288220662,UD. Kevin Kencana,Pendidikan,35496967,3312535,Terdaftar,1
288220663,UD. Chika Adiwangsa Hana,Jasa,32616746,7822633,Terdaftar,1
288220664,UD. Nayla Putra,Jasa,14612797,4102546,Terdaftar,1
288220665,UD. Hilmi Satria,Jasa,,3037237,Belum Terdaftar,0
288220666,UD. Pio Siang,Pendidikan,13868885,6745797,Belum Terdaftar,0
288220667,UD. Vito Wira,Perdagangan,36037042,1242617,Belum Terdaftar,0
288220668,UD. Aldo Gita,Pendidikan,33510451,7258800,Terdaftar,1
288220669,UD. Aqila Paningrat,Jasa,12392892,2181398,Terdaftar,1
288220670,UD. Zulkarnaen Wijaya,Kesehatan,16857138,3194602,Terdaftar,1
288220671,UD. Widi Kencana,Kesehatan,20139102,6167411,Terdaftar,1
288220672,UD. Nadia Sukma,Kesehatan,23495836,6305102,Terdaftar,1
288220673,UD. Valen Satya,Pendidikan,46544973,2914665,Belum Terdaftar,0
288220674,UD. Tomi Bangun,Jasa,34526801,6904822,Terdaftar,1
288220675,UD. Hanafi Panembahan,Perdagangan,17138983,3948114,Belum Terdaftar,0
288220676,UD. Agus Sumirat,Perdagangan,47866492,7060058,Terdaftar,1
288220677,UD. Ina Cahyaningrat,Perdagangan,37839053,5736254,Belum Terdaftar,0
288220678,UD. Yasir Jagad Uti,Perdagangan,40898547,4700887,Belum Terdaftar,0
288220679,UD. Lutfi Pusaka,Kesehatan,4592815,2570396,Belum Terdaftar,0
288220680,UD. Balqis Elok,Kesehatan,9152751,5311905,Terdaftar,1
288220681,UD. Rafif Segar,Jasa,43405713,4231005,Belum Terdaftar,0
288220682,UD. Binar Anggara,Kesehatan,20543366,7359361,Terdaftar,1
288220683,UD. Halimah Saputra,Perdagangan,42940937,6998529,Terdaftar,1
288220684,UD. Santi Trisudira,Pendidikan,49790898,,Belum Terdaftar,0
288220685,UD. Citra Lingga,Kesehatan,4262719,9377520,Belum Terdaftar,0
,UD. Isna Sudarsana,Kesehatan,44626205,7253368,Terdaftar,1
288220687,UD. Lutfi Sudarsana Kanza,Perdagangan,23123413,5412909,Terdaftar,1
288220688,UD. Lidya Wijapranata,Pendidikan,3096193,4288447,Terdaftar,1
288220689,UD. Kirana Kawiswara,Jasa,5088232,6001032,Belum Terdaftar,0
288220690,UD. Gilangga Bahari Ojan,Jasa,24350930,1847636,Belum Terdaftar,0
288220691,UD. Hana Sakti Diva,Kesehatan,5843889,4798349,Belum Terdaftar,0
288220692,UD. Diyan Jayengpati,Perdagangan,4481543,6823162,Belum Terdaftar,0
288220693,UD. Ghani Prana,Jasa,21715638,7804329,Belum Terdaftar,0
288220694,UD. Ovan Kalbu Mirna,Kesehatan,42938199,909851,Terdaftar,1
288220695,UD. Via Artha,Kesehatan,17116695,4234256,Terdaftar,1
288220696,UD. Utami Sanjaya,Pendidikan,43168781,8862004,Belum Terdaftar,0
288220697,UD. Desta Gandewa,Kesehatan,36748794,1042415,Belum Terdaftar,0
288220698,UD. Prananda Mahendra Willy,Kesehatan,35134813,3857183,Belum Terdaftar,0
288220699,UD. Febri Suci Jibril,Jasa,37371455,2413184,Terdaftar,1
288220700,UD. Chiko Santosa,Pendidikan,7762165,644087,Belum Terdaftar,0
288220701,UD. Wesly Kamajaya,Pendidikan,49969206,6519378,Terdaftar,1
288220702,UD. Olivia Prana,Jasa,20643324,9304058,Terdaftar,1
288220703,UD. Cici Cahyaningrat,Jasa,12456201,5107159,Terdaftar,1
288220704,UD. Livia Mahendra,Pendidikan,8908766,6859806,Belum Terdaftar,0
288220705,UD. Alma Kusen,Kesehatan,42532265,5490737,Terdaftar,1
288220706,UD. Kevin Sudharmo,Jasa,40592191,773251,Belum Terdaftar,0
288220707,UD. Oki Langit,Jasa,19233967,8487109,Terdaftar,1
288220708,UD. Umi Wisesa,Pendidikan,19939356,8291998,Terdaftar,1
288220709,UD. Ojan Trisula,Pendidikan,32083248,2709020,Terdaftar,1
288220710,UD. Uli Kawiswara,Pendidikan,35043575,5039652,Belum Terdaftar,0
288220711,UD. Priska Ratu,Pendidikan,48564182,6620102,Terdaftar,1
288220712,UD. Tasya Sasmita Lono,Jasa,6295278,2999495,Terdaftar,1
288220713,UD. Uchie Suryaputra,Perdagangan,33145673,992418,Terdaftar,1
288220714,UD. Qiana Pancasila,Pendidikan,14502691,9641851,Terdaftar,1
288220715,UD. Ilmi Wirawati,Kesehatan,5377042,1832004,Belum Terdaftar,0
288220716,UD. Hasna Elok,,16119266,4380771,Terdaftar,1
288220717,UD. Livia Jayengprana,Kesehatan,27786930,5410393,Terdaftar,1
288220718,UD. Desta Anggrek,Kesehatan,37447999,6181265,Belum Terdaftar,0
288220719,UD. Yessi Sidarta,Perdagangan,42940749,6721578,Belum Terdaftar,0
288220720,UD. Iqra Widhi Chika,Pendidikan,19341888,1893411,Belum Terdaftar,0
288220721,UD. Tariq Maheswara,Jasa,28864107,2084451,Belum Terdaftar,0
288220722,UD. Tasya Utamajaya,Pendidikan,40321567,2265849,Belum Terdaftar,0
288220723,UD. Livia Sunardi,Perdagangan,34713557,2961105,Belum Terdaftar,0
288220724,UD. Wenny Swargaloka,Kesehatan,40011946,3742056,Terdaftar,1
288220725,UD. Cakra Indah,Pendidikan,49987887,2995667,Belum Terdaftar,0
288220726,UD. Lina Trijaya,Pendidikan,37267991,2031470,Belum Terdaftar,0
288220727,UD. Yana Anggrek Kirana,Jasa,1259657,7998602,Belum Terdaftar,0
288220728,UD. Desta Paningrat,Jasa,40713689,4593082,Belum Terdaftar,0
288220729,UD. Zulkarnaen Pramana,Jasa,15185801,9846312,Terdaftar,1
288220730,UD. Omar Cinta Febri,Pendidikan,7968989,3733809,Terdaftar,1
288220731,UD. Yudi Lestari,Kesehatan,49904481,1510399,Terdaftar,1
288220732,UD. Vega Wira,Pendidikan,35243278,514501,Terdaftar,1
288220733,UD. Nando Tirtayasa,Perdagangan,39593085,7778248,Terdaftar,1
,UD. Cahya Anggara,Pendidikan,39403731,1058089,Terdaftar,1
288220735,UD. Farhan Satya,Perdagangan,29206240,6785297,Belum Terdaftar,0
288220736,UD. Putra Pusaka,unknown,5526613,1789258,Belum Terdaftar,0
288220737,UD. Clarissa Wiratama,Perdagangan,47650948,6753444,Belum Terdaftar,0
288220738,UD. Wenny Sahaja,Pendidikan,10006186,5243150,,0
288220739,UD. Wira Nirwasita,Kesehatan,24194198,9412296,Terdaftar,1
288220740,UD. Olivia Wacana Sari,Perdagangan,24714897,8985447,Belum Terdaftar,0
288220741,UD. Qisya Bagaskara Bulan,Pendidikan,46204719,1695058,Belum Terdaftar,0
288220742,UD. Bulan Prana,Jasa,37642917,2335914,Terdaftar,1
288220743,UD. Galang Wiratama Fadli,Perdagangan,28007883,8376225,Terdaftar,1
288220744,UD. Qiana Tejakusuma Satria,Perdagangan,40460847,4818893,Belum Terdaftar,0
288220745,UD. Qanita Maju Opik,Pendidikan,17214066,3417181,Belum Terdaftar,0
288220746,UD. Syana Haji Melati,Kesehatan,24689548,718000,Terdaftar,1
288220747,UD. Andi Lestari,Kesehatan,22330308,1235755,Belum Terdaftar,0
288220748,UD. Yola Jati Fanny,Kesehatan,48833059,7827355,Belum Terdaftar,0
288220749,UD. Oniel Prajurit,Jasa,32227358,8437510,Terdaftar,1
unknown,UD. Vita Gita,Jasa,23457039,528337,Terdaftar,1
288220751,UD. Vera Jaya Ujang,Kesehatan,4327974,2645188,Belum Terdaftar,0
288220752,UD. Opik Nirwasita Candra,Pendidikan,3091739,3902531,Belum Terdaftar,0
288220753,UD. Livia Kusen,Pendidikan,20084507,6423491,Terdaftar,1
288220754,UD. Hanafi Binasena,Jasa,2543631,1897929,Terdaftar,1
288220755,UD. Fani Berkarya,Kesehatan,32262832,2381951,Terdaftar,1
288220756,UD. Yuli Alam Asep,Pendidikan,2980102,7261364,Belum Terdaftar,0
288220757,UD. Mika Sasmita,Jasa,20980069,5767543,Belum Terdaftar,0
288220758,UD. Nara Tunggal Marwan,Perdagangan,39117951,4184740,Belum Terdaftar,0
288220759,UD. Omar Agung,Pendidikan,41773882,4254568,Terdaftar,1
288220760,UD. Ina Resaputra,Perdagangan,14068229,5193619,Belum Terdaftar,0
288220761,UD. Nibras Sarwono,Pendidikan,31751550,1661667,Terdaftar,1
288220762,UD. Rian Senopati,,33673311,4981597,Terdaftar,1
288220763,UD. Wulan Sanjaya,Jasa,2572427,4358097,Belum Terdaftar,0
288220764,UD. Nina Sumirat,Pendidikan,32464074,9625015,Terdaftar,1
288220765,UD. Aqila Sangkala,Kesehatan,45183787,3911717,Terdaftar,1
288220766,UD. Yana Abdi Halim,Kesehatan,12198871,5662272,Belum Terdaftar,0
288220767,UD. Ciko Sumirat Nindy,Jasa,48546501,,Terdaftar,1
288220768,UD. Tariq Wijaya,Jasa,21743916,2827033,Terdaftar,1
288220769,UD. Rafi Prima,Kesehatan,31121907,1846555,Belum Terdaftar,0
288220770,UD. Miko Ceria,Pendidikan,5774961,1896274,Terdaftar,1
288220771,UD. Iqra Sukadarma,Jasa,7763393,5991360,Belum Terdaftar,0
288220772,UD. Cakra Prana,Pendidikan,46411628,5143590,Belum Terdaftar,0
288220773,UD. Mika Jatiwangi,Kesehatan,40847398,1477349,Terdaftar,1
288220774,UD. Hana Trisudira,Jasa,7138309,4741782,Belum Terdaftar,0
288220775,UD. Riyan Mandiri Qais,Kesehatan,16796033,1189290,Terdaftar,1
288220776,UD. Panji Suryaatmaja,Jasa,23611822,2227094,Belum Terdaftar,0
288220777,UD. Obed Manik,Jasa,23675803,1057572,Terdaftar,1
288220778,UD. Salsa Agung,Pendidikan,16188819,8293535,Terdaftar,1
288220779,UD. Sella Mulyo,Jasa,7601308,3408830,Terdaftar,1
288220780,UD. Zulfa Sundawa,Jasa,32181486,972718,Belum Terdaftar,0
288220781,UD. Cakra Wiratama,Perdagangan,6962201,6739668,Belum Terdaftar,0
288220782,UD. Mila Lestari,Kesehatan,18618166,3716766,Terdaftar,1
288220783,UD. Qais Wening Taufik,Perdagangan,15073780,9812545,Terdaftar,1
288220784,UD. Mika Segar,Jasa,21440827,2340726,Terdaftar,1
288220785,UD. Desta Adiwarna,Kesehatan,11251325,4594553,Belum Terdaftar,0
288220786,UD. Kanza Selaras,Pendidikan,43950790,8599921,Belum Terdaftar,0
288220787,UD. Umar Bijaksana,Pendidikan,47292938,5443237,Terdaftar,1
288220788,UD. Pipit Cinta,Perdagangan,15633070,8765914,Terdaftar,1
288220789,UD. Olivia Sejahtera,Pendidikan,14506988,2725958,Terdaftar,1
288220790,UD. Thariq Pramudita Zidan,Perdagangan,5692967,6687606,Terdaftar,1
288220791,UD. Fatimah Sentosa,Jasa,38284641,5022053,Terdaftar,1
288220792,UD. Silvi Taruna,Pendidikan,23683615,5676875,Belum Terdaftar,0
288220793,UD. Pio Sangga,Perdagangan,20376411,4705049,Terdaftar,1
,UD. Fitri Widjaja,Jasa,6597905,5602965,Terdaftar,1
288220795,UD. Vincent Yudhistira,Pendidikan,31244746,739403,Terdaftar,1
288220796,UD. Mario Kusumajati,Pendidikan,39311448,1701593,Belum Terdaftar,0
288220797,UD. Dora Lintang,Kesehatan,8233253,9879047,Belum Terdaftar,0
288220798,UD. Syifa Kusumajati Putri,Perdagangan,48727579,5616560,Belum Terdaftar,0
288220799,UD. Chintya Surapati,Kesehatan,21943310,541782,Terdaftar,1
288220800,UD. Yusuf Jatinagara Qyla,Pendidikan,23634668,7990992,Belum Terdaftar,0
288220801,UD. Marwan Widuri,Pendidikan,25637825,2260432,Belum Terdaftar,0
288220802,UD. Desta Buana,Perdagangan,13881048,2570071,Belum Terdaftar,0
288220803,UD. Jasmin Saprahan Lukman,Jasa,15979028,4809420,Terdaftar,1
288220804,UD. Wulan Sulaksana,Kesehatan,8149355,2504994,Terdaftar,1
288220805,UD. Gadis Gatra,Perdagangan,15125557,4923145,Belum Terdaftar,0
288220806,UD. Tiara Wijaya,Pendidikan,38011020,4376653,Belum Terdaftar,0
288220807,UD. Carissa Jaladara,Kesehatan,36993249,6704889,Terdaftar,1
288220808,UD. Halimah Gatra,Pendidikan,21574062,5741632,Terdaftar,1
288220809,UD. Erlangga Cahyaningrat,Kesehatan,43768389,8917641,Belum Terdaftar,0
288220810,UD. Rian Nirwana Eren,Kesehatan,9810438,3346032,Terdaftar,1
288220811,UD. Qory Lestari,Pendidikan,46752391,6932793,Terdaftar,1
288220812,UD. Alif Gatra,Kesehatan,39302261,4207898,Terdaftar,1
288220813,UD. Hanaura Mulya,Pendidikan,11963499,6746173,Belum Terdaftar,0
288220814,UD. Jaya Purnama,Kesehatan,33858535,1124835,Terdaftar,1
288220815,UD. Rizki Bratadikara,Pendidikan,1628128,4465639,Terdaftar,1
288220816,UD. Lukita Sahaja,Kesehatan,9553191,6510590,Belum Terdaftar,0
288220817,UD. Vito Bahari,Perdagangan,11997817,559459,Belum Terdaftar,0
288220818,UD. Pipit Tirtaatmaja,Kesehatan,22336491,4140408,Belum Terdaftar,0
288220819,UD. Bagir Manggala,Perdagangan,41955211,8571246,Belum Terdaftar,0
288220820,UD. Qila Mandiri,Pendidikan,33238482,5998297,Terdaftar,1
288220821,UD. Eni Asri,Jasa,14958121,5426880,Belum Terdaftar,0
288220822,UD. Qanitah Trisakti,Pendidikan,47607063,2565063,Belum Terdaftar,0
288220823,UD. Hasna Kusumatmaja,Pendidikan,35823416,3460049,Belum Terdaftar,0
288220824,UD. Lukman Ceria,Perdagangan,24841351,7841055,Terdaftar,1
288220825,UD. Yuli Pusaka Owen,Pendidikan,9529813,5981946,Terdaftar,1
288220826,UD. Anang Anugerah,Kesehatan,10680537,5835150,Terdaftar,1
288220827,UD. Fahmi Sulaksana,Kesehatan,25057863,4345044,Terdaftar,1
288220828,UD. Zidan Langit,Kesehatan,31254633,6657786,Terdaftar,1
288220829,UD. Qila Bersemi,Kesehatan,46488652,3297198,Terdaftar,1
288220830,UD. Bagas Agastya,Pendidikan,13811546,7075301,Terdaftar,1
288220831,UD. Jordi Gatra,Pendidikan,9888045,9533256,Terdaftar,1
288220832,UD. Ucup Mahendra,Kesehatan,29728556,4967653,Belum Terdaftar,0
288220833,UD. Maudy Siang,Pendidikan,35370517,8994222,Terdaftar,1
288220834,UD. Jasmin Wijapranata,Jasa,18204739,752027,Belum Terdaftar,0
288220835,UD. Pasha Suryaatmaja,Pendidikan,29611502,3544422,Belum Terdaftar,0
288220836,UD. Ghani Tunggal,Kesehatan,18284520,2044879,Belum Terdaftar,0
288220837,UD. Nayla Nusa Rafif,Pendidikan,11157214,5851517,Terdaftar,1
288220838,UD. Erni Reswara Via,Pendidikan,49040028,1189629,Terdaftar,1
288220839,UD. Weni Surya Zidanar,Kesehatan,16163988,7298644,Terdaftar,1
288220840,UD. Mega Baswara Lono,Pendidikan,44401781,2871757,Terdaftar,1
288220841,UD. Barokah Binasena,,1540258,9517091,Terdaftar,1
288220842,UD. Tania Jaya,Kesehatan,10600755,4439316,Terdaftar,1
288220843,UD. Salsa Gita Mika,Kesehatan,14961783,2862760,Terdaftar,1
288220844,UD. Zidan Winata,Perdagangan,21173315,8397230,Terdaftar,1
288220845,UD. Eddy Sangga,Pendidikan,29977025,2488422,Belum Terdaftar,0
288220846,UD. Wito Panembahan,Pendidikan,34535142,3787241,Terdaftar,1
288220847,UD. Riko Rejo Yudi,Kesehatan,3203356,972131,Belum Terdaftar,0
288220848,UD. Tasya Sehat,Jasa,33872595,6798060,Terdaftar,1
288220849,UD. Fadli Tirtaatmaja,Perdagangan,23122895,4485193,Terdaftar,1
288220850,UD. Pandu Anindita,Pendidikan,43948254,1610017,Belum Terdaftar,0
unknown,UD. Nadia Yudhistira Hesti,Pendidikan,7889389,4898969,Terdaftar,1
288220852,UD. Ari Satria,Pendidikan,33331651,7668774,Terdaftar,1
288220853,UD. Yora Sukma,Jasa,35220149,6345889,Terdaftar,1
288220854,UD. Budi Bima,Pendidikan,41856349,1024901,Belum Terdaftar,0
288220855,UD. Adinda Bangun,Kesehatan,13846728,8184516,Terdaftar,1
288220856,UD. Abel Raharja,Kesehatan,21797966,4228395,Belum Terdaftar,0
288220857,UD. Leni Wibawa,Pendidikan,3836699,9639185,Belum Terdaftar,0
288220858,UD. Farhan Resaputra,Kesehatan,30589136,1830315,Terdaftar,1
288220859,UD. Fahmi Gita,Jasa,47437353,3727725,Terdaftar,1
288220860,UD. Rangga Sejahtera,Pendidikan,11122543,3210551,Terdaftar,1
288220861,UD. Umi Kinarya,Jasa,35624872,2635603,Belum Terdaftar,0
288220862,UD. Nazar Kinarya,Jasa,23789258,4477213,Terdaftar,1
288220863,UD. Binar Panuluh,Perdagangan,19845307,4024344,Terdaftar,1
288220864,UD. Qira Saputranegara,Pendidikan,28512456,5459661,Terdaftar,1
288220865,UD. Tomi Berkarya,Pendidikan,28444720,6309605,Terdaftar,1
288220866,UD. Budi Adyatma,Jasa,49767266,6015547,Belum Terdaftar,0
288220867,UD. Juli Kelana,Pendidikan,2923914,7358228,Terdaftar,1
288220868,UD. Suci Sudarsana,Perdagangan,37973948,2121605,Terdaftar,1
288220869,UD. Odie Berkarya,Jasa,31431810,9534213,Terdaftar,1
288220870,UD. Haidar Jati Anisa,Perdagangan,2765492,4488657,Terdaftar,1
288220871,UD. Ciko Sejahtera,Perdagangan,13747968,7120067,Belum Terdaftar,0
288220872,UD. Taufik Harmoni,Kesehatan,28800686,1779984,Belum Terdaftar,0
288220873,UD. Gita Prima,Perdagangan,15618258,7938257,Terdaftar,1
288220874,UD. Owen Widjaja,Pendidikan,47872817,2204005,Belum Terdaftar,0
288220875,UD. Nina Jaladara,Pendidikan,36459712,7252873,Belum Terdaftar,0
288220876,UD. Diyan Adhi Chika,Pendidikan,39260004,5858670,Belum Terdaftar,0
288220877,UD. Rafi Sehat,Kesehatan,46248354,7787405,Terdaftar,1
288220878,UD. Wito Utama,Kesehatan,44744270,7950877,Terdaftar,1
288220879,UD. Yolanda Sidarta,Jasa,37800241,7411001,Belum Terdaftar,0
288220880,UD. Wawan Tirta Wulan,Kesehatan,46539762,1939351,Terdaftar,1
288220881,UD. Vincent Sumringah,Kesehatan,41264312,9263162,Terdaftar,1
288220882,UD. Kiki Sukadarma,Perdagangan,43730880,2923524,Belum Terdaftar,0
288220883,UD. Priska Prima,Jasa,20948532,6335469,Belum Terdaftar,0
288220884,UD. Wito Praja,Jasa,40090363,1068607,Terdaftar,1
288220885,UD. Yora Langit,Kesehatan,2595621,7471499,Terdaftar,1
288220886,UD. Hana Prawira,Perdagangan,18508373,7628595,Belum Terdaftar,0
288220887,UD. Yora Widjaja,Kesehatan,30764555,5031580,Terdaftar,1
288220888,UD. Lukman Sakti,Kesehatan,1705017,9749206,Terdaftar,1
288220889,UD. Dora Pramana,Pendidikan,4259936,9923204,Belum Terdaftar,0
288220890,UD. Prita Jati,Kesehatan,32122533,1566274,Belum Terdaftar,0
288220891,UD. Hanaura Asa,Kesehatan,46601966,4802374,Belum Terdaftar,0
288220892,UD. Iqra Wening,Kesehatan,14717975,9169362,Belum Terdaftar,0
288220893,UD. Yaniar Maheswara,Kesehatan,18832836,6223118,Terdaftar,1
288220894,UD. Lea Prana,Jasa,44661134,8417832,Belum Terdaftar,0
288220895,UD. Yayan Sejahtera,Kesehatan,15068398,4270664,Terdaftar,1
288220896,UD. Olivia Wijaya,Perdagangan,40418293,6908302,Terdaftar,1
288220897,UD. Carissa Jayengpati,Perdagangan,2563619,2290361,Terdaftar,1
288220898,UD. Nando Asa,Pendidikan,11933766,2092051,Belum Terdaftar,0
288220899,UD. Hilmi Prajurit,Kesehatan,8964039,9383094,Belum Terdaftar,0
288220900,UD. Zera Jayeng,Kesehatan,14815189,9443997,Belum Terdaftar,0
288220901,UD. Satria Nirwasita,Pendidikan,47412935,1875478,Terdaftar,1
288220902,UD. Oki Jayengprana,Kesehatan,6338381,9405534,Belum Terdaftar,0
288220903,UD. Obed Panji,Jasa,13848195,781645,Terdaftar,1
288220904,UD. Asep Sangkala,Kesehatan,21085115,4244989,Belum Terdaftar,0
288220905,UD. Elva Asmaralaya Grego,Jasa,45477771,6274149,Terdaftar,1
288220906,UD. Erlangga Prima,Perdagangan,37437497,3308779,Terdaftar,1
288220907,UD. Cipta Mardika,Pendidikan,39128733,7183300,Belum Terdaftar,0
288220908,UD. Priska Lempung Rendi,Jasa,14698733,8742129,Belum Terdaftar,0
288220909,UD. Wenda Kusumah,Perdagangan,26852712,5133515,Terdaftar,1
288220910,UD. Salsa Wening,Pendidikan,34708934,9024611,Belum Terdaftar,0
288220911,UD. Oki Sunardi,Perdagangan,24973698,1753028,Terdaftar,1
288220912,UD. Fahmi Widjaja,Jasa,47966223,3455376,Terdaftar,1
288220913,UD. Utha Reswara,Jasa,31414179,9763461,Belum Terdaftar,0
288220914,UD. Ulil Sangkala,Kesehatan,42484507,6456350,Terdaftar,1
288220915,UD. Galih Satria,Kesehatan,14111709,9219945,Terdaftar,1
288220916,UD. Sani Gandewa,Pendidikan,5409621,7342686,Terdaftar,1
288220917,UD. Najwa Jaya Cinta,Perdagangan,31586898,3869805,Belum Terdaftar,0
288220918,UD. Chika Taruna,Kesehatan,43868602,4910619,Belum Terdaftar,0
288220919,UD. Fira Sumringah,Jasa,40756955,6455270,Belum Terdaftar,0
288220920,UD. Juni Wacana,Pendidikan,12101165,7226863,Belum Terdaftar,0
288220921,UD. Uci Saputranegara,Perdagangan,17776706,1085336,Belum Terdaftar,0
288220922,UD. Mega Tunggul,Jasa,,3828510,Terdaftar,1
288220923,UD. Diva Kencana,Jasa,48640759,941028,Belum Terdaftar,0
288220924,UD. Ida Trisudira,Perdagangan,33913183,4320454,Belum Terdaftar,0
288220925,UD. Mika Rejo,Jasa,27810581,7124039,Belum Terdaftar,0
288220926,UD. Raka Atma,Perdagangan,1909197,8260807,Belum Terdaftar,0
288220927,UD. Joko Sudarsana,Perdagangan,19559918,2230694,Terdaftar,1
288220928,UD. Diyan Mandiri Prita,Kesehatan,3979275,4137666,Terdaftar,1
288220929,UD. Galang Wijaya,Perdagangan,17402379,1908415,Terdaftar,1
288220930,UD. Ida Paseban,Perdagangan,44647754,620761,Terdaftar,1
288220931,UD. Hana Jati,Kesehatan,27918213,1930707,Belum Terdaftar,0
288220932,UD. Yuli Sari,Perdagangan,44516597,2226838,Terdaftar,1
288220933,UD. Priska Sumringah,Jasa,49547592,5570650,Terdaftar,1
288220934,UD. Zainab Reswara,Pendidikan,22909047,1388077,Terdaftar,1
288220935,UD. Fitri Elok,Pendidikan,13109182,4626100,Terdaftar,1
288220936,UD. Erni Pramudita,Perdagangan,9895825,9965342,Belum Terdaftar,0
288220937,UD. Heri Citra,Jasa,46025361,9110688,Terdaftar,1
288220938,UD. Wulan Trisudira,Kesehatan,34419825,5155266,Belum Terdaftar,0
288220939,UD. Ovan Indah,,40385917,941180,Belum Terdaftar,0
288220940,UD. Pandu Bahari,Pendidikan,20020171,6118329,Terdaftar,1
288220941,UD. Romi Langit Tari,Jasa,49705368,7603251,Terdaftar,1
288220942,UD. Ayesha Prawira,Pendidikan,4154886,4551044,Terdaftar,1
288220943,UD. Gema Pagi,Jasa,19349052,5342657,Belum Terdaftar,0
288220944,UD. Qira Baruna,Perdagangan,12694699,1995212,Belum Terdaftar,0
288220945,UD. Vito Lestari,Jasa,13271328,8623359,Terdaftar,1
288220946,UD. Nazar Nirbayu Habib,Jasa,32849660,1000915,Belum Terdaftar,0
288220947,UD. Leni Gita,Jasa,43370016,8037167,Belum Terdaftar,0
288220948,UD. Vega Asih,Perdagangan,36092559,4694215,Belum Terdaftar,0
288220949,UD. Hesti Sentosa,Perdagangan,48341496,5170168,Belum Terdaftar,0
288220950,UD. Halimah Adiwarna,Perdagangan,35476688,7300799,Belum Terdaftar,0
288220951,UD. Rahmat Wirajaya,Jasa,4315021,6846249,Belum Terdaftar,0
288220952,UD. Ghani Mardika Hanafi,Jasa,7093828,5976177,Terdaftar,1
288220953,UD. Zulkarnaen Pramudita,Perdagangan,2305005,2815625,Terdaftar,1
288220954,UD. Teguh Sarwono,Perdagangan,33073287,9607765,Belum Terdaftar,0
288220955,UD. Silvi Baru,Jasa,1438529,3347004,Terdaftar,1
288220956,UD. Fanny Satya Salsa,Jasa,35855135,6432307,Belum Terdaftar,0
288220957,UD. Santi Nirmala Eni,Pendidikan,45337341,2090442,Terdaftar,1
288220958,UD. Yuli Surapati,Pendidikan,1134788,9010116,Terdaftar,1
288220959,UD. Wesly Dharma,Perdagangan,26682148,4112136,Terdaftar,1
288220960,UD. Shinta Sumirat,Kesehatan,47951935,596324,Terdaftar,1
288220961,UD. Jasmin Swargaloka,Perdagangan,4855249,8228489,Belum Terdaftar,0
288220962,UD. Wenny Setia,Kesehatan,34676415,9988273,Terdaftar,1
288220963,UD. Dea Berkarya,Kesehatan,22005263,3084592,Belum Terdaftar,0
288220964,UD. Bayu Asmaralaya,Jasa,17226158,8648604,Terdaftar,1
288220965,UD. Alya Sumringah,Perdagangan,30920725,7410644,Terdaftar,1
288220966,UD. Tono Ayodya,Pendidikan,18470793,8660850,Belum Terdaftar,0
288220967,UD. Ida Trisula,Kesehatan,36222639,3516208,Terdaftar,1
288220968,UD. Eddy Cahyaningrat,Jasa,8233726,3224109,Belum Terdaftar,0
288220969,UD. Lidya Wiraatmaja,Jasa,7610167,9969000,Belum Terdaftar,0
288220970,UD. Amir Bangun Carissa,Pendidikan,42434289,3197687,Terdaftar,1
288220971,UD. Alya Kencana,Kesehatan,2170511,3959017,Terdaftar,1
288220972,UD. Baim Jatiwangi Xenia,Perdagangan,29683118,9514170,Belum Terdaftar,0
288220973,UD. Vidi Kencana,Kesehatan,15671483,2146086,Belum Terdaftar,0
288220974,UD. Ciko Cahyaningrat,Pendidikan,1165184,4508401,Terdaftar,1
288220975,UD. Uci Surya Qira,Kesehatan,7933426,5722470,Terdaftar,1
288220976,UD. Aqila Segar,Perdagangan,49827961,1936719,Terdaftar,1
288220977,UD. Taufik Wijapranata,Perdagangan,26897553,2452023,Belum Terdaftar,0
288220978,UD. Qory Saprahan,Perdagangan,14153251,6827623,Belum Terdaftar,0
288220979,UD. Citra Brata,Pendidikan,5129178,6281555,Terdaftar,1
288220980,UD. Mika Jayengprana,Jasa,,5368539,Belum Terdaftar,0
288220981,UD. Fatiah Tejakencana Yusuf,Jasa,29694251,6250305,Belum Terdaftar,0
288220982,UD. Nindy Panji,Jasa,15857986,9015269,Terdaftar,1
288220983,UD. Evan Atma,Kesehatan,33339274,1131259,Terdaftar,1
288220984,UD. Yuli Tirta,Jasa,44389581,7014463,Terdaftar,1
288220985,UD. Nindy Hilir,Kesehatan,39497369,752351,Belum Terdaftar,0
288220986,UD. Oki Segar,Perdagangan,14989568,9666037,Terdaftar,1
288220987,UD. Chintya Abadi,Perdagangan,44073586,6725838,Belum Terdaftar,0
288220988,UD. Bayu Raharja Zera,Kesehatan,4246028,9901041,Belum Terdaftar,0
288220989,UD. Pandu Wijaya Hilmi,Perdagangan,38991037,2563187,Terdaftar,1
288220990,UD. Lutfi Raharja,Kesehatan,27909310,5840365,Terdaftar,1
288220991,UD. Habib Sejahtera,Kesehatan,44413579,1359071,Terdaftar,1
288220992,UD. Monica Jagad,Jasa,13189013,3601260,Terdaftar,1
288220993,UD. Kevin Wijaksana,Perdagangan,8282703,8502329,Terdaftar,1
288220994,UD. Syifa Utamaindah,Kesehatan,13182091,2176744,Belum Terdaftar,0
288220995,UD. Putri Madani,Pendidikan,10410877,9573507,Terdaftar,1
288220996,UD. Okta Hilir Delia,Jasa,29332760,1603837,Belum Terdaftar,0
288220997,UD. Ari Jayawarsa,Pendidikan,2592566,8099607,Belum Terdaftar,0
288220998,UD. Kiki Sundawa,Pendidikan,49097073,9205266,Terdaftar,1
288220999,UD. Ony Jagadmaya,Jasa,4932588,2325438,Terdaftar,1
288221000,UD. Jasmine Resaputra,Jasa,16280840,,Belum Terdaftar,0
288221001,UD. Fitri Adyatma,Perdagangan,38620273,6220640,Terdaftar,1
288221002,UD. Fahmi Gunawan,Kesehatan,48998251,1220652,Terdaftar,1
288221003,UD. Gema Trisula,Kesehatan,40543466,7064110,Terdaftar,1
288221004,UD. Jordi Tunggal,Perdagangan,10021510,9920072,Terdaftar,1
288221005,UD. Farid Jaladara,Perdagangan,23069135,7417347,Terdaftar,1
288221006,UD. Ojan Mahkota,Kesehatan,36305468,3084239,Terdaftar,1
288221007,UD. Arman Sukma,Kesehatan,46219163,7196044,Terdaftar,1
288221008,UD. Jihan Wisesa,Kesehatan,42521817,7765474,Terdaftar,1
288221009,UD. Vega Senopati,Jasa,18010937,2604908,Terdaftar,1
288221010,UD. Joko Swargaloka,Kesehatan,23853845,7184442,Belum Terdaftar,0
288221011,UD. Balqis Wijaksana,Pendidikan,13816722,6143251,Belum Terdaftar,0
288221012,UD. Reza Bratadikara,Jasa,19773607,7683748,Terdaftar,1
288221013,UD. Lidya Bangun Yusuf,Pendidikan,20692647,7831346,Terdaftar,1
288221014,UD. Fikri Berkarya,Perdagangan,28679291,3431391,Terdaftar,1
288221015,UD. Celsi Trijaya Rangga,Pendidikan,25982639,3339956,Terdaftar,1
288221016,UD. Anis Widjaja,Pendidikan,19745498,6638985,Terdaftar,1
288221017,UD. Zulkarnaen Elok,Kesehatan,12378866,8264131,Terdaftar,1
288221018,UD. Elsa Pagi,Kesehatan,33809453,9823611,Terdaftar,1
288221019,UD. Erlin Utama,Perdagangan,3737093,7078192,Belum Terdaftar,0
288221020,UD. Tania Jaladara,Jasa,40377202,8422454,Terdaftar,1
288221021,UD. Arman Prawira Chiko,Jasa,39289237,8119702,Terdaftar,1
288221022,UD. Indira Paseban,Pendidikan,41614729,2069998,Terdaftar,1
288221023,UD. Koko Lintang,Kesehatan,8074944,5510367,Terdaftar,1
288221024,UD. Galang Trijaya,Kesehatan,21730174,,Belum Terdaftar,0
288221025,UD. Priska Bijaksana,Jasa,48465357,1360737,Belum Terdaftar,0
288221026,UD. Vina Wening,Pendidikan,12260591,9383325,Belum Terdaftar,0
288221027,UD. Umi Reswara,Jasa,7724931,8088377,Belum Terdaftar,0
288221028,UD. Andi Trisula Wesly,Kesehatan,38838930,6052016,Belum Terdaftar,0
288221029,UD. Sekar Mega,Perdagangan,43039992,2748642,Belum Terdaftar,0
288221030,UD. Diva Pagi,Pendidikan,34957006,7693346,Terdaftar,1
288221031,UD. Gracia Mandala,Kesehatan,7353620,3646176,Terdaftar,1
288221032,UD. Citra Permai,Kesehatan,21629573,5264098,Belum Terdaftar,0
288221033,UD. Wenny Taruna,Pendidikan,46010182,8721536,Terdaftar,1
288221034,UD. Fikri Tri,Perdagangan,10012862,2084494,Terdaftar,1
288221035,UD. Niken Jayaningrat,Perdagangan,44602451,2257948,Belum Terdaftar,0
288221036,UD. Qira Widhi,Pendidikan,8131990,9257734,Terdaftar,1
288221037,UD. Binar Wirajaya Qila,Kesehatan,26259023,1022467,Belum Terdaftar,0
288221038,UD. Ujang Senopati,Pendidikan,11466487,5981136,Terdaftar,1
288221039,UD. Binar Dharma,Pendidikan,38085389,4815404,Belum Terdaftar,0
288221040,UD. Alif Damai,Perdagangan,32468758,6571240,Belum Terdaftar,0
288221041,UD. Damaris Luhur,Kesehatan,31026566,3121469,Belum Terdaftar,0
288221042,UD. Eren Mahkota,Perdagangan,29349613,1255233,Terdaftar,1
288221043,UD. Elyas Paningrat,Perdagangan,37816009,7962051,Belum Terdaftar,0
288221044,UD. Fitri Cahyaningrat Inten,Perdagangan,34451733,4508857,Belum Terdaftar,0
288221045,UD. Ulil Widjaja,Jasa,47560220,4241169,Terdaftar,1
288221046,UD. Dora Padi,Kesehatan,38609621,9600256,Terdaftar,1
288221047,UD. Habib Jati,Pendidikan,30638687,3829654,Terdaftar,1
288221048,UD. Taufik Wetan,Kesehatan,30457659,9348190,Belum Terdaftar,0
288221049,UD. Wira Sumringah Icha,Perdagangan,41158397,7548915,Belum Terdaftar,0
288221050,UD. Diva Wisesa,Perdagangan,34764583,5378987,Terdaftar,1
288221051,UD. Ovan Mayang,Kesehatan,9722790,5617559,Belum Terdaftar,0
288221052,UD. Tono Lestari,Kesehatan,46227632,8350689,Terdaftar,1
288221053,UD. Owen Artha,Kesehatan,24930297,6054908,Belum Terdaftar,0
288221054,UD. Rafif Luhur,Pendidikan,29307856,732010,Terdaftar,1
288221055,UD. Nisa Paseban,Pendidikan,46823420,4825594,Belum Terdaftar,0
288221056,UD. Rangga Adyatma,Kesehatan,34346255,9788044,Belum Terdaftar,0
288221057,UD. Gita Nirmala,Kesehatan,12606454,7253793,Belum Terdaftar,0
288221058,UD. Jasmin Mayang,Jasa,29963192,5951884,Terdaftar,1
288221059,UD. Odie Jagadmaya,Kesehatan,26246803,6383046,,0
288221060,UD. Via Utamajaya Fajar,Pendidikan,10660968,5948941,Terdaftar,1
288221061,UD. Putri Bijaksana,Perdagangan,,1007224,Belum Terdaftar,0
288221062,UD. Prita Kinarya,Perdagangan,27591152,654322,Terdaftar,1
288221063,UD. Fatiah Madani,Pendidikan,20403889,797619,Terdaftar,1
288221064,UD. Qila Resmi Heri,Pendidikan,18466886,4265150,,0
288221065,UD. Cakra Sarwono,Kesehatan,23772288,2809205,Terdaftar,1
288221066,UD. Thariq Darussalam Teguh,Jasa,31783701,1510362,Belum Terdaftar,0
288221067,UD. Damar Siang,Kesehatan,24266313,2321608,Belum Terdaftar,0
288221068,UD. Jay Selaras,Jasa,5449400,1838345,Terdaftar,1
288221069,UD. Bagas Manggala,Jasa,27362454,8619009,Terdaftar,1
288221070,UD. Tama Pusaka,Kesehatan,13387888,9695593,Terdaftar,1
288221071,UD. Desi Kencana,Perdagangan,6514704,8911221,Belum Terdaftar,0
288221072,UD. Okta Madya,Jasa,27550201,5530626,Terdaftar,1
288221073,UD. Inten Sehat,Pendidikan,24843696,7656920,Terdaftar,1
288221074,UD. Prananda Dharma,Perdagangan,15647442,9257147,Belum Terdaftar,0
288221075,UD. Halim Resaputra,Jasa,19333036,7175192,Terdaftar,1
288221076,UD. Muthia Wicaksana,,37909697,2736629,Terdaftar,1
288221077,UD. Yayan Citra,Pendidikan,14450485,4734119,Belum Terdaftar,0
288221078,UD. Qira Langit,Jasa,37784458,3756493,Terdaftar,1
288221079,UD. Jihan Pusaka,Pendidikan,20042974,6740649,Belum Terdaftar,0
288221080,UD. Arman Sasmita,Pendidikan,22945411,4251143,Terdaftar,1
288221081,UD. Ciko Surya,Perdagangan,42164887,2211714,Belum Terdaftar,0
288221082,UD. Qisya Bima Sekar,Kesehatan,12298907,7915339,Terdaftar,1
288221083,UD. Kanza Saprahan,Jasa,34428036,7604740,Belum Terdaftar,0
288221084,UD. Miko Jayeng,Pendidikan,5492093,9766841,Terdaftar,1
288221085,UD. Rizki Indah,Perdagangan,9255811,737606,Terdaftar,1
288221086,UD. Ayesha Anggara,Perdagangan,40233778,7691321,Belum Terdaftar,0
288221087,UD. Winda Kusumatmaja,Kesehatan,36222073,9414680,Belum Terdaftar,0
288221088,UD. Widi Tejakencana,Kesehatan,37225186,5647604,Terdaftar,1
288221089,UD. Hana Wening,Perdagangan,6010538,6699591,Belum Terdaftar,0
288221090,UD. Viera Mandala,Jasa,6483087,6271308,Belum Terdaftar,0
288221091,UD. Tono Kawiswara,Perdagangan,33237789,5000263,Belum Terdaftar,0
288221092,UD. Nara Wetan,Kesehatan,35602064,2356029,Terdaftar,1
288221093,UD. Laila Saputranegara,Jasa,37727846,8915605,Belum Terdaftar,0
288221094,UD. Fitri Madusari,Kesehatan,18084013,2701705,Terdaftar,1
288221095,UD. Fatiah Prawira,Pendidikan,5288960,5323095,Belum Terdaftar,0
288221096,UD. Yana Lempung,Jasa,29193031,812318,Terdaftar,1
288221097,UD. Zulkarnaen Wangi,Pendidikan,26631347,6397846,Terdaftar,1
288221098,UD. Jaya Kusumasari,Perdagangan,19773229,7758973,Belum Terdaftar,0
288221099,UD. Qori Satria,Pendidikan,unknown,3093058,Belum Terdaftar,0
288221100,UD. Kamil Jaladara,Pendidikan,14259882,577798,Terdaftar,1
288221101,UD. Eren Bahari,Jasa,16404758,7731704,Terdaftar,1
288221102,UD. Yola Wening Riko,Kesehatan,6966556,9793765,Belum Terdaftar,0
288221103,UD. Fira Sudharmo,Kesehatan,20766094,9764501,Terdaftar,1
288221104,UD. Juni Satria,Perdagangan,27277537,1693529,Terdaftar,1
288221105,UD. Gisel Persada Qiana,Jasa,34760169,9409085,Terdaftar,1
288221106,UD. Yora Agung,Perdagangan,45274366,7771305,Terdaftar,1
288221107,UD. Via Putri,Pendidikan,19688738,1850625,Terdaftar,1
288221108,UD. Nara Surapati,Perdagangan,5904728,6788016,Belum Terdaftar,0
288221109,UD. Iqra Jatinagara,Jasa,43743789,5783515,Terdaftar,1
288221110,UD. Miko Madani,Pendidikan,4122681,6057343,Terdaftar,1
288221111,UD. Dani Sehat,Jasa,14254633,4168992,Belum Terdaftar,0
288221112,UD. Santi Raharja,Jasa,45139557,2176651,Belum Terdaftar,0
288221113,UD. Omar Lestari,Perdagangan,3534680,8032076,Belum Terdaftar,0
288221114,UD. Chika Sumirat,Jasa,24289741,7203162,Terdaftar,1
288221115,UD. Rangga Sumirat Cahya,Kesehatan,,7974591,Terdaftar,1
288221116,UD. Muthia Bagaskara,Pendidikan,9445934,2752581,Belum Terdaftar,0
288221117,UD. Rendi Kusumajati Mega,Kesehatan,28435570,4466267,Terdaftar,1
288221118,UD. Pandu Abadi,Kesehatan,41824079,4351947,Belum Terdaftar,0
288221119,UD. Balqis Bangun,Pendidikan,36972044,1656859,Belum Terdaftar,0
288221120,UD. Kevin Jayeng Diyan,Pendidikan,48327855,6446188,Terdaftar,1
288221121,UD. Wenny Wirawati,Pendidikan,8380657,7819482,Terdaftar,1
288221122,UD. Opik Baswara,Perdagangan,44570448,2720546,Terdaftar,1
288221123,UD. Gani Lestari,Kesehatan,18923504,948028,Belum Terdaftar,0
288221124,UD. Indira Padi,Pendidikan,45592789,2502631,Belum Terdaftar,0
288221125,UD. Odie Adhi,Pendidikan,6383113,8743807,Belum Terdaftar,0
288221126,UD. Cahya Adikara Asep,Perdagangan,11007556,8435660,Terdaftar,1
288221127,UD. Elsa Praja,Perdagangan,34989779,7966051,Terdaftar,1
288221128,UD. Viera Adyatma,Pendidikan,26682267,7020024,Terdaftar,1
288221129,UD. Udin Mayang,Jasa,36850509,9822639,Terdaftar,1
288221130,UD. Yola Tirtaatmaja,Pendidikan,13847065,6857516,Belum Terdaftar,0
288221131,UD. Wenda Alam,Jasa,43020001,3858567,Belum Terdaftar,0
288221132,UD. Qomar Tri,Jasa,13391409,712219,Terdaftar,1
288221133,UD. Livia Mulya Lando,Perdagangan,14091061,7944386,Belum Terdaftar,0
288221134,UD. Leni Widhi,Jasa,31667756,1552764,Belum Terdaftar,0
288221135,UD. Wenny Tunggul,Kesehatan,42874233,3241474,Terdaftar,1
288221136,UD. Qiana Maju,Pendidikan,44537827,4515978,Terdaftar,1
288221137,UD. Miko Wiratama,Kesehatan,34112946,1285929,Terdaftar,1
288221138,UD. Kevin Kinarya,Kesehatan,36816372,3513413,Belum Terdaftar,0
288221139,UD. Galang Wening,Jasa,1505910,6345343,Terdaftar,1
288221140,UD. Vino Wiraatmaja,Pendidikan,24888451,1848001,Terdaftar,1
288221141,UD. Wira Saputranegara,Jasa,46914786,3327603,Terdaftar,1
288221142,UD. Grego Saputra,Perdagangan,39834531,8115002,Belum Terdaftar,0
288221143,UD. Cakra Malam,Perdagangan,7064283,8275206,Terdaftar,1
288221144,UD. Chika Mandala Lidya,Perdagangan,40512835,6926192,Belum Terdaftar,0
288221145,UD. Eddy Reswara,Perdagangan,36088341,5287260,Belum Terdaftar,0
288221146,UD. Omar Kusumasari,Pendidikan,34250597,9649690,Terdaftar,1
288221147,UD. Berlian Siang,Perdagangan,31720546,508335,Belum Terdaftar,0
288221148,UD. Barokah Baswara,Perdagangan,27981974,6537005,Terdaftar,1
288221149,UD. Muthia Sidarta,Perdagangan,36758717,1120212,Terdaftar,1
288221150,UD. Eka Bangun,Perdagangan,35299680,3974488,Belum Terdaftar,0
288221151,UD. Kiki Wijaya,Jasa,13659652,6219385,Terdaftar,1
288221152,UD. Ulil Widuri,Perdagangan,11062626,7115728,Terdaftar,1
288221153,UD. Sekar Kelana,Perdagangan,27617991,3359445,Belum Terdaftar,0
288221154,UD. Hilmiyah Paseban,Kesehatan,40191533,7127770,Belum Terdaftar,0
288221155,UD. Made Agung,Jasa,7519859,9342285,Terdaftar,1
288221156,UD. Budi Yudhistira,Perdagangan,3448213,2623076,Terdaftar,1
288221157,UD. Ujang Mandala Ina,Jasa,12319600,8802995,Terdaftar,1
288221158,UD. Mirna Lingga,Perdagangan,49673021,3540364,Terdaftar,1
288221159,UD. Halim Nirbayu,Kesehatan,28794989,,Belum Terdaftar,0
288221160,UD. Yusuf Permai,Jasa,44233723,3730485,Terdaftar,1
288221161,UD. Zidan Gunawan,Pendidikan,31143870,7637924,Belum Terdaftar,0
288221162,UD. Bagas Utamaindah Opik,Jasa,27803303,2631839,Terdaftar,1
288221163,UD. Rahmat Kayastha,Jasa,8690007,3994596,Terdaftar,1
288221164,UD. Yasir Cahaya,Pendidikan,33418093,4658343,Belum Terdaftar,0
288221165,UD. Rafa Padi,Pendidikan,12737228,7981575,Belum Terdaftar,0
288221166,UD. Hanafi Nirmala,Jasa,34746124,4536572,Belum Terdaftar,0
288221167,UD. Harun Swargaloka,Kesehatan,32770400,6167017,Belum Terdaftar,0
288221168,UD. Iqra Hastinapura,Pendidikan,12723604,3899756,Terdaftar,1
288221169,UD. Via Tunggul,Kesehatan,2731596,8468969,Belum Terdaftar,0
288221170,UD. Ismail Sukadarma Farid,Jasa,44457068,4646846,Belum Terdaftar,0
288221171,UD. Vito Madusari,Kesehatan,30633287,8214230,Terdaftar,1
288221172,UD. Karim Jayabaya Nando,Kesehatan,43320774,6357623,Belum Terdaftar,0
288221173,UD. Chiko Tengah,Kesehatan,8300748,3908957,Terdaftar,1
288221174,UD. Pasha Bijaksana,Jasa,26578418,1591732,Terdaftar,1
288221175,UD. Wahyu Trisaktiatma Eni,Jasa,36151149,8126700,Belum Terdaftar,0
288221176,UD. Verdi Adikara Ujang,Jasa,49061362,5210363,Terdaftar,1
288221177,UD. Viera Brata,Perdagangan,43487473,9484972,Terdaftar,1
288221178,UD. Eren Harapan,Jasa,34175387,2581016,Terdaftar,1
288221179,UD. Jibril Cempaka,Kesehatan,43455928,2925794,Terdaftar,1
288221180,UD. Joko Kencana,Perdagangan,25889576,1645259,Terdaftar,1
288221181,UD. Nazar Asa,Jasa,29346669,8990827,Terdaftar,1
288221182,UD. Galang Wacana,Jasa,30596834,7749794,Belum Terdaftar,0
288221183,UD. Sekar Ayodya,Kesehatan,37050559,8045861,Terdaftar,1
288221184,UD. Widya Wicaksana,Pendidikan,45480724,9448246,Terdaftar,1
288221185,UD. Ayesha Lempung,Pendidikan,8350593,9886299,Belum Terdaftar,0
288221186,UD. Vino Kencana,Pendidikan,43798552,7049721,Terdaftar,1
288221187,UD. Febri Trisudira,Perdagangan,4821438,3802748,Terdaftar,1
288221188,UD. Marsya Persada,Jasa,16750870,9488779,Terdaftar,1
288221189,UD. Hanaura Cendana,Jasa,14022807,2816684,Belum Terdaftar,0
288221190,UD. Qais Nawasena,Jasa,16590095,992168,Belum Terdaftar,0
288221191,UD. Wira Sulaksana,Jasa,7622224,7206145,Terdaftar,1
288221192,UD. Damar Galuh,Pendidikan,1169871,564406,Belum Terdaftar,0
288221193,UD. Binar Kusumah,Perdagangan,11480004,5595445,Terdaftar,1
288221194,UD. Bela Mandala,Perdagangan,33116463,8038769,Belum Terdaftar,0
288221195,UD. Riyan Darma,Pendidikan,5482824,8931913,Terdaftar,1
288221196,UD. Zulkarnaen Asri,Jasa,24973725,7466192,Terdaftar,1
288221197,UD. Reza Mulyo,Jasa,34391784,1824935,Belum Terdaftar,0
288221198,UD. Gema Karang,Perdagangan,25420526,5583358,Terdaftar,1
288221199,UD. Santi Pramudita,Perdagangan,26080889,5681182,Terdaftar,1
288221200,UD. Salsa Abadi,Perdagangan,4792725,6124977,Terdaftar,1
288221201,UD. Zidan Berkarya,Jasa,26550265,6356556,Belum Terdaftar,0
288221202,UD. Sani Sumirat,Jasa,20665971,8576848,Belum Terdaftar,0
288221203,UD. Candra Dewangga,Pendidikan,7776805,7105040,Belum Terdaftar,0
288221204,UD. Wulan Kawiswara,Jasa,21725927,5040394,Belum Terdaftar,0
288221205,UD. Ciko Nirbayu,Kesehatan,16641764,8042916,Belum Terdaftar,0
288221206,UD. Fira Anugerah Syifa,Pendidikan,16001523,1965408,Terdaftar,1
288221207,UD. Dani Binasena Lea,Jasa,31911207,6729433,Terdaftar,1
288221208,UD. Amir Jayeng,Pendidikan,15177551,3296822,Terdaftar,1
288221209,UD. Olivia Dewangga Yumna,Kesehatan,4297813,8463615,Terdaftar,1
288221210,UD. Hasna Pancasila,Pendidikan,9412314,1306411,Terdaftar,1
288221211,UD. Adinda Karang,Jasa,9128390,9461440,Belum Terdaftar,0
288221212,UD. Odie Hastinapura,Perdagangan,9180005,4982159,Belum Terdaftar,0
288221213,UD. Tomi Kelana,Perdagangan,37526172,2290855,Belum Terdaftar,0
288221214,UD. Ilmi Sejahtera,Perdagangan,34453361,9395114,Belum Terdaftar,0
288221215,UD. Xenia Satya Galang,Perdagangan,35327591,1306863,Belum Terdaftar,0
288221216,UD. Gusti Baskara,Jasa,39116072,2495337,Terdaftar,1
288221217,UD. Elva Ratu Wira,Jasa,35174880,1039153,Belum Terdaftar,0
288221218,UD. Zainab Bijaksana,Perdagangan,34115618,2921562,Terdaftar,1
288221219,UD. Bayu Kusumajati,Jasa,5622297,9754689,Terdaftar,1
288221220,UD. Tomi Selaras,Jasa,12591482,2749044,Terdaftar,1
288221221,UD. Hilmiyah Mulyo,Perdagangan,15379132,8380131,Belum Terdaftar,0
288221222,UD. Xenia Wirawati,Kesehatan,31773935,5983183,Belum Terdaftar,0
288221223,UD. Delia Jaya,Jasa,35986382,3164503,Terdaftar,1
288221224,UD. Heri Trisudira,Pendidikan,9314455,7259496,Belum Terdaftar,0
288221225,UD. Cinta Nirwasita,Jasa,5263932,7421131,Terdaftar,1
288221226,UD. Hesti Satria,Jasa,37823426,1214455,Terdaftar,1
288221227,UD. Celsi Pagi,Perdagangan,20032196,927545,Belum Terdaftar,0
288221228,UD. Khalid Cinta Viera,Jasa,29516669,1317299,Terdaftar,1
288221229,UD. Ucup Gatra,Jasa,8360532,6818304,Belum Terdaftar,0
288221230,UD. Made Citra,Pendidikan,2484464,4188081,Terdaftar,1
288221231,UD. Muthia Panji,Perdagangan,18365449,2936435,Terdaftar,1
288221232,UD. Rafif Pramana Celsi,Kesehatan,15698265,8953261,Belum Terdaftar,0
288221233,UD. Tariq Wangi Via,Jasa,6046182,3239432,Terdaftar,1
288221234,UD. Hesti Bagaskara,Jasa,33868924,4824316,Terdaftar,1
288221235,UD. Rizki Surya,Pendidikan,17913810,9171629,Terdaftar,1
288221236,UD. Nando Brata Khalid,Jasa,23535941,2602809,Belum Terdaftar,0
288221237,UD. Yessi Mandiri,Jasa,,5019767,Belum Terdaftar,0
288221238,UD. Lando Trisula Jasmin,Kesehatan,41160698,663445,Terdaftar,1
288221239,UD. Mila Jayaningrat,Jasa,5875150,652615,,0
288221240,UD. Damaris Mahkota,Perdagangan,16458437,4611562,Terdaftar,1
288221241,UD. Riko Baruna,Kesehatan,12669036,1768328,Terdaftar,1
288221242,UD. Maudy Raharja,Jasa,23650773,2626680,Terdaftar,1
288221243,UD. Karim Manik,Jasa,30380062,3725454,Belum Terdaftar,0
288221244,UD. Obed Putri,Jasa,15399935,9739120,Terdaftar,1
288221245,UD. Lana Baruna,Pendidikan,32981846,6620465,Terdaftar,1
288221246,UD. Nisa Darussalam,Kesehatan,26160821,1647384,Terdaftar,1
288221247,UD. Wito Tirtaatmaja,Jasa,32642244,4566310,Belum Terdaftar,0
288221248,UD. Qyla Madya,Pendidikan,41554545,4413182,Terdaftar,1
288221249,UD. Nando Adyatma,Perdagangan,41351043,2946478,Belum Terdaftar,0
288221250,UD. Uti Mahendra,Pendidikan,44550063,698017,Terdaftar,1
288221251,UD. Suci Nirwana Clarissa,Perdagangan,23804164,3278785,Belum Terdaftar,0
288221252,UD. Hilmi Tirtayasa,Jasa,2391711,9457546,Terdaftar,1
288221253,UD. Oniel Cempaka,Jasa,23945646,9863235,Belum Terdaftar,0
288221254,UD. Jasmin Wijaya,Kesehatan,6405507,7413076,Terdaftar,1
288221255,UD. Lintang Langit,Jasa,8169850,7207270,Belum Terdaftar,0
288221256,UD. Hendra Asri,Perdagangan,20121032,6753228,Belum Terdaftar,0
288221257,UD. Indah Reswara,Kesehatan,11258299,1870927,Belum Terdaftar,0
288221258,UD. Fitri Wiratama Vidi,Perdagangan,35221246,8780008,Terdaftar,1
288221259,UD. Wahyu Tunggul,Perdagangan,33257921,8528648,Terdaftar,1
288221260,UD. Kiki Mulya,Jasa,12994523,1579017,Terdaftar,1
288221261,UD. Gilangga Gatra,Kesehatan,48729037,5803159,Belum Terdaftar,0
288221262,UD. Fahmi Surya,Jasa,3793013,1592776,Belum Terdaftar,0
288221263,UD. Indah Setia Gilang,Jasa,37640448,6761847,Terdaftar,1
288221264,UD. Agus Sudarsana,Kesehatan,26379941,7597985,Terdaftar,1
288221265,UD. Yasir Pamungkas,Jasa,8409398,8621610,Belum Terdaftar,0
288221266,UD. Elyas Wangi,Perdagangan,25667556,5927143,Terdaftar,1
288221267,UD. Muthia Abdi Thariq,Jasa,45461736,8649617,Terdaftar,1
288221268,UD. Indah Persada,Jasa,25171957,8873180,Belum Terdaftar,0
288221269,UD. Shinta Saprahan,Jasa,18522003,1167766,Terdaftar,1
288221270,UD. Lidya Karang,Kesehatan,3910637,4841704,Terdaftar,1
288221271,UD. Nando Mega Budi,Perdagangan,17977853,4721467,Belum Terdaftar,0
288221272,UD. Vera Widhi Juli,Pendidikan,44026602,2265975,Terdaftar,1
288221273,UD. Reza Harmoni,Jasa,15396610,5285578,Belum Terdaftar,0
288221274,UD. Wenda Satria Jordi,Jasa,19534217,7089203,Terdaftar,1
288221275,UD. Febri Kusumah,Kesehatan,35907309,2724729,Terdaftar,1
288221276,UD. Budi Ayodya,Perdagangan,45195908,3496145,Terdaftar,1
288221277,UD. Galang Cinta,Pendidikan,10051763,7367827,Terdaftar,1
288221278,UD. Celsi Trijaya,Kesehatan,12004688,9443539,Terdaftar,1
288221279,UD. Qasya Raharja,Jasa,35873352,1646545,Belum Terdaftar,0
288221280,UD. Sekar Bima,Perdagangan,9831657,6234372,Belum Terdaftar,0
288221281,UD. Yora Wening,Kesehatan,7200629,1623393,Terdaftar,1
288221282,UD. Fajar Ayodya,Jasa,49219848,907229,Belum Terdaftar,0
288221283,UD. Halim Abdi,Jasa,40642325,6064017,Terdaftar,1
288221284,UD. Hanafi Sentosa,Kesehatan,36296293,9377186,Belum Terdaftar,0
288221285,UD. Hilmi Adhi Qasya,Jasa,49544467,2137864,Belum Terdaftar,0
288221286,UD. Yasir Panuluh,Jasa,46635252,9673935,Terdaftar,1
288221287,UD. Uti Wisesa,Perdagangan,30544905,7117855,Terdaftar,1
288221288,UD. Vino Gemilang,Kesehatan,5305450,6033926,Belum Terdaftar,0
288221289,UD. Delia Prawira,Pendidikan,4998604,9678305,Terdaftar,1
288221290,UD. Salsa Adikara,Pendidikan,46985691,805051,Terdaftar,1
288221291,UD. Willy Kencana,Jasa,21860587,2333370,Terdaftar,1
288221292,UD. Chiko Trijaya,Pendidikan,49539408,5680487,Belum Terdaftar,0
288221293,UD. Mira Prana,Pendidikan,44990535,5403918,Belum Terdaftar,0
288221294,UD. Dani Ranggalawe,Perdagangan,5063438,5285048,Terdaftar,1
288221295,UD. Elok Panji,Perdagangan,10329361,6916862,Terdaftar,1
288221296,UD. Irma Kusuma,Jasa,22508305,2690211,Terdaftar,1
288221297,UD. Echa Warna,Pendidikan,18835359,2490270,Belum Terdaftar,0
288221298,UD. Abdi Setia,Jasa,8859504,8255170,Terdaftar,1
288221299,UD. Nadia Lintang,Kesehatan,38893138,9849751,Terdaftar,1
288221300,UD. Kirana Putra,Perdagangan,9406239,6756802,Belum Terdaftar,0
288221301,UD. Wira Sunardi,Pendidikan,18311134,1949804,Belum Terdaftar,0
288221302,UD. Habib Terang,Perdagangan,18465921,8166233,Belum Terdaftar,0
288221303,UD. Anisa Kawiswara Nina,Jasa,35421797,4349429,Terdaftar,1
288221304,UD. Viona Trisudira,Pendidikan,22289143,1054140,Terdaftar,1
288221305,UD. Kurnia Galuh,Pendidikan,32869178,3887962,Terdaftar,1
288221306,UD. Veronika Cahaya Viera,Perdagangan,13630637,6599734,Terdaftar,1
288221307,UD. Ucup Putra,Perdagangan,11397027,4554950,Terdaftar,1
288221308,UD. Umi Widhi,Jasa,16559963,9417543,Belum Terdaftar,0
288221309,UD. Sinta Arsana,Perdagangan,13528874,6550818,Belum Terdaftar,0
288221310,UD. Alma Suci Wenda,Jasa,42565197,7335973,Belum Terdaftar,0
288221311,UD. Rahmat Cendana,Kesehatan,11036995,2531614,Belum Terdaftar,0
288221312,UD. Lando Jaya,Perdagangan,12583272,5754788,Belum Terdaftar,0
288221313,UD. Isna Malam,Jasa,26934985,2043593,Belum Terdaftar,0
288221314,UD. Krisna Jaladara Poppy,Perdagangan,44713013,9742509,Terdaftar,1
288221315,UD. Odie Sanjaya,Pendidikan,45945053,785714,Belum Terdaftar,0
288221316,UD. Fitri Gatra Utha,Kesehatan,11237284,1131258,Terdaftar,1
288221317,UD. Muthia Ranggalawe,Perdagangan,11076310,2124034,Terdaftar,1
288221318,UD. Owen Darussalam,Kesehatan,47179462,6619873,Terdaftar,1
288221319,UD. Romi Sumirat,Pendidikan,19958758,8762542,Belum Terdaftar,0
288221320,UD. Vita Atma,Kesehatan,47011834,914151,Terdaftar,1
288221321,UD. Abel Kamajaya,Kesehatan,36361141,3891645,Terdaftar,1
288221322,UD. Yaniar Trisakti,Kesehatan,20142925,4289285,Belum Terdaftar,0
288221323,UD. Prananda Jaya,Perdagangan,20439783,9134288,Belum Terdaftar,0
288221324,UD. Verdi Prana,Kesehatan,30648512,1079638,Terdaftar,1
288221325,UD. Alma Jatinagara,Perdagangan,18790867,4903640,,0
288221326,UD. Tania Radhitya,Pendidikan,19729171,5678462,Belum Terdaftar,0
288221327,UD. Bulan Senopati,Perdagangan,31876910,8717120,Belum Terdaftar,0
288221328,UD. Panji Mandiri,Perdagangan,37893410,7198563,Terdaftar,1
288221329,UD. Putra Damai,Jasa,32635179,3644038,Terdaftar,1
288221330,UD. Sani Kusumatmaja,Kesehatan,22521075,2408646,Belum Terdaftar,0
288221331,UD. Eka Mardika,Perdagangan,16934051,9182848,Belum Terdaftar,0
288221332,UD. Fauzan Jagadmaya,Perdagangan,32218955,7090386,Terdaftar,1
288221333,UD. Nadia Taruna,Perdagangan,16425375,5284283,Terdaftar,1
288221334,UD. Marwan Jaya Anisa,Perdagangan,24203834,5553754,Terdaftar,1
288221335,UD. Hesti Jagad,Jasa,20163016,7566461,Terdaftar,1
288221336,UD. Zaki Gemilang,Kesehatan,9231901,1921064,Belum Terdaftar,0
288221337,UD. Yoga Suci,Perdagangan,12420191,1171993,Belum Terdaftar,0
288221338,UD. Diva Wirawati Nando,Perdagangan,45412558,9974925,Belum Terdaftar,0
,UD. Zidan Jatinagara,Perdagangan,9162568,1763301,Terdaftar,1
288221340,UD. Lintang Satria,Kesehatan,43897027,1676778,Terdaftar,1
288221341,UD. Jafar Galuh,Kesehatan,42112025,7143280,Belum Terdaftar,0
288221342,UD. Owen Trisaktiatma,Kesehatan,33743703,2756847,Belum Terdaftar,0
288221343,UD. Jordi Gita,Perdagangan,46711156,6479398,Terdaftar,1
288221344,UD. Iqbal Merdeka,Kesehatan,25242804,6976191,Belum Terdaftar,0
288221345,UD. Barokah Gatra,Pendidikan,9708094,1018516,Terdaftar,1
288221346,UD. Udin Jayaningrat,Perdagangan,44574285,2098856,Terdaftar,1
288221347,UD. Juni Rejo,Perdagangan,13117769,3492053,Terdaftar,1
288221348,UD. Qomar Reswara Erlin,Kesehatan,10243631,8027128,Terdaftar,1
288221349,UD. Lono Bijaksana,Pendidikan,2917453,7600279,Belum Terdaftar,0
288221350,UD. Zahra Brawijaya,Pendidikan,35097349,9447055,Terdaftar,1
288221351,UD. Bulan Mulyo,Kesehatan,37049673,4897058,Terdaftar,1
288221352,UD. Vina Merdeka,Kesehatan,4962195,7250788,Belum Terdaftar,0
288221353,UD. Balqis Suryaputra,Kesehatan,44989924,9117286,Terdaftar,1
288221354,UD. Widya Wangi,Perdagangan,42636107,4095937,Terdaftar,1
288221355,UD. Fani Panuluh,Perdagangan,43377911,6261581,Belum Terdaftar,0
288221356,UD. Prananda Pamungkas,Perdagangan,35398874,8346754,Belum Terdaftar,0
288221357,UD. Rizki Abadi,Jasa,40807606,8241919,Terdaftar,1
288221358,UD. Fikra Karang,Pendidikan,22693136,6953423,Terdaftar,1
288221359,UD. Leni Kusumah,Pendidikan,9046798,4998285,Belum Terdaftar,0
288221360,UD. Gracia Wirajaya Bella,Perdagangan,41837915,924295,Terdaftar,1
288221361,UD. Dewi Wetan,Kesehatan,47775101,6590644,Terdaftar,1
288221362,UD. Teguh Widuri Fajar,Perdagangan,18533476,740808,Terdaftar,1
288221363,UD. Qisha Utama,Kesehatan,24382067,2595197,Terdaftar,1
288221364,UD. Ayesha Senja,Pendidikan,7701172,6819245,Belum Terdaftar,0
288221365,UD. Tegar Merdeka,Pendidikan,5844428,536637,Belum Terdaftar,0
288221366,UD. Utami Ranggalawe Sinta,Pendidikan,49076270,7760054,Belum Terdaftar,0
288221367,UD. Yumna Ranggalawe,Perdagangan,9864872,5069111,Terdaftar,1
288221368,UD. Vito Tirtaatmaja,Perdagangan,7155354,8894205,Terdaftar,1
288221369,UD. Chintya Lempung,Kesehatan,6727941,4291693,Belum Terdaftar,0
288221370,UD. Salsa Satya,Pendidikan,40461204,2640840,Belum Terdaftar,0
288221371,UD. Clarissa Bahari,Jasa,41180812,6483883,Belum Terdaftar,0
288221372,UD. Joko Wening Uchie,Kesehatan,,2340589,Terdaftar,1
288221373,UD. Mila Kayastha,Pendidikan,,7412260,Terdaftar,1
288221374,UD. Tono Purnama,Perdagangan,31260229,3825082,Belum Terdaftar,0
288221375,UD. Satria Gemilang,Perdagangan,23733065,1262480,Belum Terdaftar,0
288221376,UD. Erni Abdi Cici,Perdagangan,26655183,8493850,Terdaftar,1
288221377,UD. Verdi Prawira,Kesehatan,45381344,2962152,Terdaftar,1
288221378,UD. Rangga Asa,Kesehatan,16153758,9021407,Belum Terdaftar,0
288221379,UD. Jay Padi,Pendidikan,4172000,2711437,Terdaftar,1
,UD. Intan Senja,Pendidikan,2558539,7528752,Belum Terdaftar,0
288221381,UD. Tari Prawira,Jasa,45060859,648442,Terdaftar,1
288221382,UD. Ghani Swargaloka,Perdagangan,34148497,688807,Belum Terdaftar,0
288221383,UD. Wira Nusa,Jasa,2028114,7804473,Terdaftar,1
288221384,UD. Taufik Dewangga,Pendidikan,5884071,8741636,Belum Terdaftar,0
288221385,UD. Farhan Ayodya,Kesehatan,14196598,4911477,Terdaftar,1
288221386,UD. Chiko Trisudira,Jasa,32277180,969137,Terdaftar,1
288221387,UD. Pio Dewangga,Jasa,13700353,1732712,Terdaftar,1
288221388,UD. Gerry Nawasena,Perdagangan,29387442,9304017,Terdaftar,1
288221389,UD. Umi Siang,Kesehatan,15396314,5665404,Terdaftar,1
288221390,UD. Cahya Bintang,Pendidikan,32420880,5559936,Belum Terdaftar,0
288221391,UD. Ovan Purnama,Pendidikan,18499347,6937164,Terdaftar,1
288221392,UD. Owen Lintang,Pendidikan,35744756,1914496,Belum Terdaftar,0
288221393,UD. Eren Wiratama Qisha,Kesehatan,23481874,5148516,Terdaftar,1
288221394,UD. Gilangga Abadi,Pendidikan,44867922,4899111,Terdaftar,1
,UD. Miko Mandiri,Perdagangan,34681428,1805600,Belum Terdaftar,0
288221396,UD. Leni Bangun,Kesehatan,6346203,4250266,Belum Terdaftar,0
unknown,UD. Novi Wijaya,Perdagangan,28638657,1401363,Terdaftar,1
288221398,UD. Pio Kulon,Kesehatan,42577758,5004340,Terdaftar,1
288221399,UD. Zulkarnaen Dewangga Karla,Kesehatan,18604253,2866692,Belum Terdaftar,0
288221400,UD. Khalid Lintang Qyla,Pendidikan,34166780,1498709,Belum Terdaftar,0
288221401,UD. Pio Prana,Pendidikan,35681960,6820200,Terdaftar,1
288221402,UD. Khalid Kayastha,Kesehatan,31478933,3816947,Belum Terdaftar,0
288221403,UD. Aldo Padi Wahyu,Perdagangan,48470562,4985827,Belum Terdaftar,0
288221404,UD. Uti Buana Wenda,Jasa,25768638,6892158,Terdaftar,1
288221405,UD. Heri Mahendra,Kesehatan,35332437,7888015,Belum Terdaftar,0
288221406,UD. Lukman Jayaningrat,Kesehatan,25417713,9087359,Belum Terdaftar,0
288221407,UD. Celsi Saputra,Perdagangan,20381743,4391084,Terdaftar,1
288221408,UD. Celsi Purnama,Kesehatan,24529593,7874072,Terdaftar,1
288221409,UD. Andi Nirmala,Jasa,12152795,8560565,Belum Terdaftar,0
288221410,UD. Haidar Lempung Deni,Kesehatan,41140795,9437162,Belum Terdaftar,0
288221411,UD. Yoga Hilir Leni,Jasa,13927471,2202650,Belum Terdaftar,0
288221412,UD. Salwa Suryaatmaja,Pendidikan,23455869,801342,Terdaftar,1
288221413,UD. Evan Sunardi,Perdagangan,9925393,5362191,Belum Terdaftar,0
288221414,UD. Vito Pusaka,Kesehatan,36464656,1669047,Terdaftar,1
288221415,UD. Qori Ranggalawe,Perdagangan,16657065,6040356,Terdaftar,1
288221416,UD. Valen Ratu,Kesehatan,48986452,6742508,Terdaftar,1
288221417,UD. Prananda Saputrautama,Perdagangan,15358900,5582539,Belum Terdaftar,0
288221418,UD. Jodi Nusa,Jasa,34553036,1879597,Terdaftar,1
288221419,UD. Maudy Madani,Pendidikan,29626630,5442998,Terdaftar,1
288221420,UD. Teguh Permai Grego,Kesehatan,17988318,1349036,Belum Terdaftar,0
288221421,UD. Halim Widhi,Kesehatan,38972267,2062626,Terdaftar,1
288221422,UD. Kinan Persada,Pendidikan,10114860,3651257,Belum Terdaftar,0
288221423,UD. Satria Madusari Nando,Jasa,37292654,1247194,Terdaftar,1
288221424,UD. Viona Berkarya,Perdagangan,48979134,2848315,Belum Terdaftar,0
288221425,UD. Haidar Ratu,Jasa,10983474,4839052,Terdaftar,1
288221426,UD. Willy Sulaksana,Jasa,3868985,7647658,Belum Terdaftar,0
288221427,UD. Asep Buana,Jasa,35887029,4057143,Belum Terdaftar,0
288221428,UD. Sari Sukma,Kesehatan,41547653,7823925,Terdaftar,1
288221429,UD. Sari Jayabaya,Jasa,43754961,2768040,Terdaftar,1
288221430,UD. Yora Darussalam,Jasa,43484848,1067907,Terdaftar,1
288221431,UD. Eni Anugerah,Jasa,45715327,6219532,Belum Terdaftar,0
288221432,UD. Obed Manunggal,Kesehatan,42448070,4282193,Belum Terdaftar,0
288221433,UD. Desi Sangga Intan,Pendidikan,32569033,1247739,Belum Terdaftar,0
288221434,UD. Mirna Adhi,Jasa,40716143,9257909,Belum Terdaftar,0
288221435,UD. Joko Sari,Perdagangan,32237877,6077246,Belum Terdaftar,0
288221436,UD. Pardi Langit,Kesehatan,36588471,5511632,Terdaftar,1
288221437,UD. Rafif Jayabaya,Perdagangan,6749260,8171731,Belum Terdaftar,0
288221438,UD. Teguh Abadi,Jasa,21502212,1592854,Terdaftar,1
288221439,UD. Niken Harapan Alvino,Pendidikan,8521512,8118852,Terdaftar,1
288221440,UD. Budi Raharja,Pendidikan,41064850,786244,Belum Terdaftar,0
288221441,UD. Mario Utama,Perdagangan,7408642,7563228,Terdaftar,1
288221442,UD. Karim Adiwarna,Pendidikan,22780366,2576809,Terdaftar,1
288221443,UD. Riko Saputrautama Esa,Pendidikan,26630946,9196376,Belum Terdaftar,0
288221444,UD. Ilham Trijaya Clarissa,Pendidikan,40791046,2773752,Terdaftar,1
288221445,UD. Bela Tunggal Ucup,Perdagangan,28255046,5021033,Belum Terdaftar,0
288221446,UD. Khalid Wira,Jasa,18915001,2380425,Terdaftar,1
288221447,UD. Jibril Pancasila,Kesehatan,45035870,4751105,Belum Terdaftar,0
288221448,UD. Salsa Manggala,Pendidikan,18776306,668825,Belum Terdaftar,0
288221449,UD. Amir Elok,Pendidikan,6611032,3231447,Belum Terdaftar,0
288221450,UD. Chintya Winata,Perdagangan,17197976,9285055,Belum Terdaftar,0
288221451,UD. Elok Raharja,Jasa,43526808,9199809,Belum Terdaftar,0
288221452,UD. Ghani Harmoni,Perdagangan,unknown,2156423,Belum Terdaftar,0
288221453,UD. Muthia Utama,Pendidikan,36196740,9554811,Belum Terdaftar,0
288221454,UD. Yora Cempaka,Jasa,23146054,7287074,Terdaftar,1
288221455,UD. Lando Jagad,Kesehatan,47910957,3903721,Terdaftar,1
288221456,UD. Wenny Gatra,Kesehatan,20380279,5273042,Belum Terdaftar,0
288221457,UD. Nibras Harmoni,Pendidikan,8388967,8560023,Terdaftar,1
288221458,UD. Kiki Utama,Jasa,22708680,2476183,Belum Terdaftar,0
288221459,UD. Vino Nirmala,,5263009,4517427,Terdaftar,1
288221460,UD. Lutfi Cahyaningrat Qanitah,Pendidikan,35340696,4281215,Terdaftar,1
288221461,UD. Ciko Widhi Damaris,Jasa,49618175,1432512,Belum Terdaftar,0
288221462,UD. Wito Nusa,Kesehatan,43047029,9189039,Belum Terdaftar,0
288221463,UD. Karla Radhitya,Kesehatan,6381223,7286679,Belum Terdaftar,0
288221464,UD. Bayu Indah Khayla,Jasa,29389592,2193639,Belum Terdaftar,0
288221465,UD. Dora Segar,Kesehatan,12998708,3736516,Belum Terdaftar,0
288221466,UD. Rizki Jayengpati Pasha,Perdagangan,29300865,2358612,Belum Terdaftar,0
288221467,UD. Dewi Indah,Pendidikan,29155911,2387494,Terdaftar,1
288221468,UD. Rangga Dwijaputra,Perdagangan,15058970,3739156,Belum Terdaftar,0
288221469,UD. Fajar Jati Olla,Perdagangan,7521151,9067824,Belum Terdaftar,0
288221470,UD. Chika Lingga,Kesehatan,11756581,7048441,Terdaftar,1
288221471,UD. Alya Asmaralaya,Kesehatan,16550658,5463626,Terdaftar,1
288221472,UD. Romi Nirwana,Perdagangan,27346373,5861535,Terdaftar,1
288221473,UD. Naufal Jayaningrat,Perdagangan,30975590,6168301,Terdaftar,1
288221474,UD. Intan Mulya,Jasa,11824902,1594290,Belum Terdaftar,0
288221475,UD. Ayesha Kusen,Kesehatan,35307471,2404815,Terdaftar,1
288221476,UD. Olivia Adikara,Kesehatan,20231378,572586,Terdaftar,1
288221477,UD. Amir Saputranegara,Jasa,37635836,1218462,Terdaftar,1
288221478,UD. Lono Sukma,Perdagangan,25640722,3358911,Belum Terdaftar,0
288221479,UD. Erlangga Utama,Kesehatan,23311730,2424719,Terdaftar,1
288221480,UD. Bella Lintang,Jasa,9249909,5967370,Terdaftar,1
288221481,UD. Dewi Prabawa,Perdagangan,30791963,4533650,Terdaftar,1
288221482,UD. Erlangga Tengah,Pendidikan,16678785,3820189,Terdaftar,1
288221483,UD. Alya Baskara,Kesehatan,7891665,4520387,Terdaftar,1
288221484,UD. Yasir Anugerah,Pendidikan,30308166,3429021,Belum Terdaftar,0
288221485,UD. Aldo Sukarela,Perdagangan,44532748,2662434,Belum Terdaftar,0
288221486,UD. Olla Jati,Pendidikan,1455330,1089150,Belum Terdaftar,0
288221487,UD. Tariq Prima,Jasa,30133710,4005642,Belum Terdaftar,0
288221488,UD. Olla Bahagia,Kesehatan,15010080,2595437,Terdaftar,1
288221489,UD. Lando Puri,Jasa,14581973,6186322,Belum Terdaftar,0
288221490,UD. Najwa Galang,Kesehatan,14061513,3219139,Terdaftar,1
288221491,UD. Jafar Adhi,Jasa,23088733,3270404,Terdaftar,1
288221492,UD. Livia Praja,Perdagangan,31610096,4401673,Terdaftar,1
288221493,UD. Rafa Sasmita,Perdagangan,28803551,3847840,Belum Terdaftar,0
288221494,UD. Elsa Selaras Anang,Perdagangan,45666334,7843043,Terdaftar,1
288221495,UD. Anang Satria Uchie,Jasa,24703122,9839608,unknown,0
288221496,UD. Kirana Jayaningrat,Perdagangan,32297511,1479090,Terdaftar,1
288221497,UD. Qiana Sanjaya,Jasa,29721565,1212470,Terdaftar,1
288221498,UD. Teguh Trisudira,Perdagangan,46342708,9883098,Belum Terdaftar,0
288221499,UD. Vidi Artha,Pendidikan,44349097,8534336,Terdaftar,1
288221500,UD. Widya Trisakti,Perdagangan,2697985,3451370,Belum Terdaftar,0
288221501,UD. Naufal Gatra Uci,Perdagangan,44967069,4464581,Belum Terdaftar,0
288221502,UD. Putra Brawijaya Cici,Perdagangan,35955324,2588811,Belum Terdaftar,0
288221503,UD. Cinta Lingga,Perdagangan,8623391,6577382,Belum Terdaftar,0
288221504,UD. Gusti Asa,Pendidikan,12747492,9881396,Terdaftar,1
288221505,UD. Ujang Bintang Tari,Kesehatan,7407639,3756221,Terdaftar,1
288221506,UD. Sinta Yudhistira,Jasa,14718873,7837634,Belum Terdaftar,0
288221507,UD. Fikra Pagi,Pendidikan,48278789,5371490,Terdaftar,1
288221508,UD. Monica Wibawa,Perdagangan,,6625592,Belum Terdaftar,0
288221509,UD. Yaniar Harapan,Pendidikan,43512594,6038220,Belum Terdaftar,0
288221510,UD. Olla Bima,Kesehatan,13829185,8055118,Belum Terdaftar,0
288221511,UD. Olivia Dharma,Kesehatan,17818377,5384811,Terdaftar,1
288221512,UD. Lea Madusari,Jasa,16770126,8453132,Belum Terdaftar,0
288221513,UD. Indah Kusumajati,Jasa,44713475,2750173,Terdaftar,1
288221514,UD. Yusuf Elok,Kesehatan,29896096,3065493,Terdaftar,1
unknown,UD. Yusuf Prajurit,Perdagangan,1026820,4024570,Belum Terdaftar,0
288221516,UD. Nazar Resaputra,Pendidikan,12376687,1295525,Belum Terdaftar,0
288221517,UD. Kanza Binasena,Jasa,29121550,4790306,Terdaftar,1
288221518,UD. Yusuf Mulyo,Pendidikan,25387575,8804749,Terdaftar,1
288221519,UD. Lono Wirawati,Pendidikan,34221071,6457043,Terdaftar,1
288221520,UD. Ayesha Brata Zahira,Perdagangan,7873501,1140004,Terdaftar,1
288221521,UD. Udin Jatiwangi Syana,Kesehatan,46528227,7840605,Belum Terdaftar,0
288221522,UD. Juli Nawasena,Kesehatan,24767440,1444231,Terdaftar,1
288221523,UD. Lea Utama,Perdagangan,1690940,585663,Belum Terdaftar,0
288221524,UD. Odie Alam Eka,Kesehatan,24084198,2950473,Belum Terdaftar,0
288221525,UD. Elsa Nirmala,Jasa,6099619,2547108,Belum Terdaftar,0
288221526,UD. Syifa Pramudita,Jasa,41042478,928553,Belum Terdaftar,0
288221527,UD. Wira Raharja,Pendidikan,17606222,2846539,Terdaftar,1
288221528,UD. Qila Kencana,Perdagangan,33413853,2995113,Belum Terdaftar,0
288221529,UD. Kiki Prana,Pendidikan,10486669,3280945,Belum Terdaftar,0
288221530,UD. Yaniar Widuri,Perdagangan,34619417,6180211,Terdaftar,1
288221531,UD. Fikri Tejakencana,Pendidikan,20718744,2620010,Belum Terdaftar,0
288221532,UD. Ulil Ratu,Perdagangan,40062536,4744454,Terdaftar,1
288221533,UD. Vidi Baswara,,10775311,4972106,Terdaftar,1
288221534,UD. Hanafi Kusumasari,Kesehatan,34160103,6214010,Terdaftar,1
288221535,UD. Maudy Bagaskara,Pendidikan,10229283,832853,Terdaftar,1
288221536,UD. Vera Panembahan,Pendidikan,33632836,9327835,Belum Terdaftar,0
288221537,UD. Nara Bijaksana,Pendidikan,21047413,7553517,Belum Terdaftar,0
288221538,UD. Elyas Galang,Perdagangan,48064596,2339754,Terdaftar,1
288221539,UD. Damaris Wening,Perdagangan,37643418,1640133,Belum Terdaftar,0
288221540,UD. Zidanar Prana,Kesehatan,49767850,9382104,Belum Terdaftar,0
288221541,UD. Barokah Ananta,Perdagangan,8345593,3475692,Terdaftar,1
288221542,UD. Putra Baru,Jasa,33889111,3819118,Belum Terdaftar,0
288221543,UD. Ovan Sudharmo,Jasa,5851419,2327199,Terdaftar,1
288221544,UD. Qila Hilir Yusuf,Kesehatan,41874349,9668126,Terdaftar,1
288221545,UD. Inten Dwijaputra,Pendidikan,37431592,9435447,Belum Terdaftar,0
288221546,UD. Viona Maju,Perdagangan,39110870,3625280,Belum Terdaftar,0
288221547,UD. Bagas Kalbu Mira,Jasa,46147079,2540545,Belum Terdaftar,0
288221548,UD. Yessi Malam,Perdagangan,25415717,6021322,Terdaftar,1
288221549,UD. Ony Wacana,Jasa,9386049,720901,Belum Terdaftar,0
288221550,UD. Kevin Utamajaya Anis,Kesehatan,12681706,9386312,Terdaftar,1
288221551,UD. Yessi Bintang,Jasa,32340657,3431658,Belum Terdaftar,0
288221552,UD. Halimah Baswara,Pendidikan,45751687,5685351,Belum Terdaftar,0
288221553,UD. Gusti Dharma,Kesehatan,2583022,3936685,Terdaftar,1
288221554,UD. Veronika Cendana,Pendidikan,26389488,9240079,Terdaftar,1
288221555,UD. Obed Kusumajati Fira,Perdagangan,11313726,9174496,Belum Terdaftar,0
288221556,UD. Juni Trijaya,Kesehatan,2664663,5527944,Belum Terdaftar,0
288221557,UD. Ilham Wijaya,Jasa,16337315,3185775,Belum Terdaftar,0
288221558,UD. Dito Manggala,Kesehatan,15420266,1102236,Terdaftar,1
288221559,UD. Tama Asa,Pendidikan,40686273,5713927,Terdaftar,1
288221560,UD. Aqila Indah,Jasa,24818679,3585152,Belum Terdaftar,0
288221561,UD. Eren Sunardi,Kesehatan,12171737,2257265,Terdaftar,1
288221562,UD. Damaris Bahari,Jasa,20633760,7904071,Terdaftar,1
288221563,UD. Kanza Panji Taufik,Jasa,5908202,,Terdaftar,1
288221564,UD. Priska Anggrek Galih,Kesehatan,32154538,7805696,Terdaftar,1
288221565,UD. Mira Binasena,Jasa,39653167,9238437,Belum Terdaftar,0
288221566,UD. Pardi Wiraatmaja,Pendidikan,48516196,8950167,Terdaftar,1
288221567,UD. Qila Haji Jibril,Pendidikan,19317866,1614913,Terdaftar,1
288221568,UD. Qila Sentosa,Kesehatan,22107876,2829956,Belum Terdaftar,0
288221569,UD. Yuli Jayabaya,Pendidikan,6264638,1691860,Belum Terdaftar,0
288221570,UD. Rizki Suryaputra,Pendidikan,45526144,3749641,Belum Terdaftar,0
288221571,UD. Ida Manunggal,Pendidikan,33939479,3966835,Terdaftar,1
288221572,UD. Sinta Sumirat,Jasa,32120869,9777763,Terdaftar,1
288221573,UD. Kurnia Tirtayasa Wahyu,Jasa,36206847,9617463,Belum Terdaftar,0
288221574,UD. Pipit Adyatma Nibras,Pendidikan,15361904,4986538,Terdaftar,1
288221575,UD. Eka Karya Cakra,Kesehatan,29913516,1995210,Terdaftar,1
288221576,UD. Alvino Manggala,Pendidikan,49999699,9479034,Belum Terdaftar,0
288221577,UD. Berlian Tunggul,Jasa,26335532,9278867,Terdaftar,1
288221578,UD. Karla Abadi,Pendidikan,39971964,6946545,Belum Terdaftar,0
288221579,UD. Tegar Utama,Pendidikan,14359674,4276315,Terdaftar,1
288221580,UD. Santi Sarwono,Pendidikan,36895491,1253996,Terdaftar,1
288221581,UD. Qisha Tejakencana,Kesehatan,21022441,8808413,Terdaftar,1
288221582,UD. Isna Kawiswara,Jasa,1190204,3847677,Terdaftar,1
288221583,UD. Ojan Ayodya,Perdagangan,7480397,6318961,Terdaftar,1
288221584,UD. Uci Cinta,Pendidikan,22148543,4921668,Terdaftar,1
288221585,UD. Qila Nirmala,Perdagangan,30637751,7461661,Belum Terdaftar,0
288221586,UD. Umar Trisula,Pendidikan,32200052,5415970,Terdaftar,1
288221587,UD. Uli Abdi,Pendidikan,30795469,2937411,Belum Terdaftar,0
288221588,UD. Lutfi Arya,Perdagangan,27688032,2621865,Terdaftar,1
288221589,UD. Bambang Sunardi,Pendidikan,4919734,4702256,Belum Terdaftar,0
288221590,UD. Ulya Sarwono,Perdagangan,39513032,9860675,Belum Terdaftar,0
288221591,UD. Wulan Utama Qori,Pendidikan,31579453,5111101,Terdaftar,1
288221592,UD. Monica Nawasena Jojo,Pendidikan,39607079,1947497,Terdaftar,1
288221593,UD. Salwa Trisaktiatma,Pendidikan,7366661,7130316,Terdaftar,1
288221594,UD. Zulkarnaen Utama,Jasa,43048166,6935586,Terdaftar,1
288221595,UD. Viona Brawijaya Ucup,Kesehatan,36951956,3958449,Terdaftar,1
288221596,UD. Agus Sasmita Bayu,Jasa,25273925,9475267,Belum Terdaftar,0
288221597,UD. Novi Jayabaya Uci,Perdagangan,45383537,1507940,Terdaftar,1
288221598,UD. Qomar Adiwangsa,Jasa,10799606,3376716,Belum Terdaftar,0
288221599,UD. Uli Winata,Perdagangan,4342924,7419597,Belum Terdaftar,0
288221600,UD. Vera Bagaskara,Pendidikan,49266503,3190783,Terdaftar,1
288221601,UD. Elva Sumringah,Jasa,45761192,6451430,Belum Terdaftar,0
288221602,UD. Indah Alam,Jasa,30172622,7784290,Belum Terdaftar,0
288221603,UD. Pio Pamungkas,Jasa,43988627,,Belum Terdaftar,0
288221604,UD. Yayan Ananta,Perdagangan,28199242,7628805,Belum Terdaftar,0
288221605,UD. Deni Jayaningrat,Jasa,11525829,,Terdaftar,1
288221606,UD. Koko Persada,Jasa,30776821,4774963,Belum Terdaftar,0
288221607,UD. Bayu Sulaksana,Kesehatan,10190006,5069546,Terdaftar,1
288221608,UD. Lutfi Jaladara Qais,Kesehatan,19609675,9819718,Belum Terdaftar,0
288221609,UD. Zain Bagaskara,Kesehatan,10905844,1526177,Belum Terdaftar,0
288221610,UD. Yuli Anggara,Jasa,32911491,7780704,Belum Terdaftar,0
288221611,UD. Jay Yudhistira,Kesehatan,39640675,8860365,Terdaftar,1
288221612,UD. Tania Yudhistira Leni,Perdagangan,49472199,2309990,Belum Terdaftar,0
288221613,UD. Prananda Sukarela,Jasa,18272515,2296365,Terdaftar,1
288221614,UD. Yora Wacana,Pendidikan,27214642,923874,Terdaftar,1
288221615,UD. Celsi Damai,Jasa,28024232,5268567,Belum Terdaftar,0
288221616,UD. Hanaura Setia,,32277772,9451728,Belum Terdaftar,0
288221617,UD. Hilmi Gandewa Uti,Jasa,48969839,1437438,Belum Terdaftar,0
288221618,UD. Nando Tirta,,35997551,7860911,Terdaftar,1
288221619,UD. Karla Jati,Perdagangan,45300322,6343009,Belum Terdaftar,0
288221620,UD. Anisa Gemilang,Jasa,48793224,5396660,Terdaftar,1
288221621,UD. Karla Kinarya Galih,Pendidikan,49068641,6706767,Belum Terdaftar,0
288221622,UD. Dora Wijapranata,Kesehatan,49815271,4498217,Terdaftar,1
288221623,UD. Intan Adiwarna,Perdagangan,25153684,1875742,Terdaftar,1
288221624,UD. Vito Wijaya,Perdagangan,28804608,2397756,Terdaftar,1
288221625,UD. Melati Mahendra,Perdagangan,5675646,6484959,Belum Terdaftar,0
288221626,UD. Qais Tirtayasa,Pendidikan,44229244,1638517,Belum Terdaftar,0
288221627,UD. Fatiah Lempung,Pendidikan,17231334,2540023,Terdaftar,1
288221628,UD. Ismail Trisula Tariq,Jasa,45402986,7803867,Belum Terdaftar,0
288221629,UD. Jihan Mandiri,Pendidikan,25791770,7290288,Terdaftar,1
288221630,UD. Oniel Jayabaya,Jasa,6434985,5955269,Belum Terdaftar,0
288221631,UD. Viani Kencana,Jasa,9684739,8737759,Terdaftar,1
288221632,UD. Nadia Asri,Jasa,32228683,8410140,Terdaftar,1
288221633,UD. Syana Baru,Jasa,46505779,6115965,Belum Terdaftar,0
288221634,UD. Tomi Bijaksana,Kesehatan,44749612,6410829,Terdaftar,1
288221635,UD. Fani Praja,Kesehatan,11658619,8006837,Belum Terdaftar,0
288221636,UD. Raka Manik,Pendidikan,27295640,8339218,Terdaftar,1
288221637,UD. Poppy Tejakencana,Perdagangan,30528781,2540654,Terdaftar,1
288221638,UD. Zidanar Tirtayasa,Kesehatan,31911529,6750830,Terdaftar,1
288221639,UD. Kurnia Makmur Yusuf,Kesehatan,45629340,589259,Terdaftar,1
288221640,UD. Hanafi Putra,Kesehatan,19558847,9352965,Belum Terdaftar,0
288221641,UD. Jodi Dewangga,Pendidikan,48436725,4865264,Belum Terdaftar,0
288221642,UD. Marsya Bratadikara,Jasa,8463033,3894756,Belum Terdaftar,0
288221643,UD. Bayu Adhi Odie,Kesehatan,24855156,7725834,Belum Terdaftar,0
288221644,UD. Oki Nirwasita,Pendidikan,26477469,8632161,Terdaftar,1
288221645,UD. Rizki Arya,Jasa,39450166,1652153,Terdaftar,1
288221646,UD. Najwa Putra,Kesehatan,12113671,7063560,Belum Terdaftar,0
288221647,UD. Verdi Ceria,,14420468,5351214,Belum Terdaftar,0
288221648,UD. Sari Taruna Berlian,Pendidikan,5248549,5094740,Terdaftar,1
288221649,UD. Vidi Permai Gilang,Kesehatan,10444998,5801017,Terdaftar,1
288221650,UD. Gusti Bangun Wira,Jasa,39704188,4449480,Belum Terdaftar,0
288221651,UD. Xenia Ananta,Kesehatan,21454651,2913949,Terdaftar,1
288221652,UD. Ina Wicaksana Riko,Jasa,21746207,7330487,Belum Terdaftar,0
288221653,UD. Carissa Baruna,Pendidikan,4663170,766943,Terdaftar,1
288221654,UD. Livia Gunawan,Pendidikan,37424498,9845395,Terdaftar,1
288221655,UD. Viona Surapati,Jasa,10488887,2123333,Terdaftar,1
288221656,UD. Taufik Kalbu,Kesehatan,40631733,575847,Belum Terdaftar,0
288221657,UD. Uli Satria,Pendidikan,40017862,8128747,Terdaftar,1
288221658,UD. Oki Bahari,Kesehatan,15857189,4231164,Belum Terdaftar,0
288221659,UD. Bayu Bangun,Pendidikan,18516290,671875,Terdaftar,1
288221660,UD. Bagas Jayaningrat,Kesehatan,19818761,6606069,Belum Terdaftar,0
288221661,UD. Qory Jati Hanafi,Jasa,39685581,942976,Belum Terdaftar,0
288221662,UD. Diva Adyatma,Kesehatan,48169714,7676904,Belum Terdaftar,0
288221663,UD. Jordi Adiwarna,Pendidikan,40741157,8501821,Terdaftar,1
288221664,UD. Erlin Raharja,Kesehatan,5670362,4346857,Terdaftar,1
288221665,UD. Bela Nawasena,Jasa,30580204,8198900,Terdaftar,1
288221666,UD. Farid Yudhistira,,12065492,6648886,Terdaftar,1
288221667,UD. Yusuf Atma,Perdagangan,24720873,2509697,Belum Terdaftar,0
288221668,UD. Pasha Haji Opik,Jasa,1053433,4066226,Terdaftar,1
288221669,UD. Hana Saputranegara,Kesehatan,19428759,8460905,Belum Terdaftar,0
288221670,UD. Anisa Pelangi,Kesehatan,1367860,9010981,Terdaftar,1
288221671,UD. Zidanar Bratadikara,Perdagangan,49596935,4751885,Terdaftar,1
288221672,UD. Reza Jati,Perdagangan,13748409,9947454,Belum Terdaftar,0
288221673,UD. Tiara Arsana,Pendidikan,3231349,,Belum Terdaftar,0
288221674,UD. Bagir Sukarela,Jasa,5997263,9843860,Belum Terdaftar,0
288221675,UD. Rafif Satya,Kesehatan,25376683,3930677,Belum Terdaftar,0
288221676,UD. Sani Cempaka,Perdagangan,4208303,9995099,Terdaftar,1
288221677,UD. Anis Prana,Kesehatan,24668900,4982628,Terdaftar,1
288221678,UD. Umar Sidarta,Kesehatan,14397902,8796210,Terdaftar,1
288221679,UD. Fadli Mardika,Kesehatan,11249254,8987034,Belum Terdaftar,0
288221680,UD. Wira Wibawa,Kesehatan,40625578,6324276,Belum Terdaftar,0
288221681,UD. Pipit Wangi Teguh,Perdagangan,20829023,9472352,Terdaftar,1
288221682,UD. Hilmi Wijapranata,Jasa,42231978,7354478,Belum Terdaftar,0
288221683,UD. Qomar Mahendra Harun,Jasa,39196384,6823850,Terdaftar,1
288221684,UD. Zidan Kinarya,Kesehatan,39728447,4729462,Terdaftar,1
288221685,UD. Vera Damai Hilmiyah,Jasa,20151786,5535821,Belum Terdaftar,0
288221686,UD. Uli Cahaya Qyla,Kesehatan,20996634,3136979,Terdaftar,1
288221687,UD. Qori Tirtayasa,Jasa,12791861,5901830,Terdaftar,1
288221688,UD. Anang Nirwasita,Perdagangan,11898697,5531571,Terdaftar,1
288221689,UD. Ovan Sari Wira,Jasa,37492683,3063566,Belum Terdaftar,0
288221690,UD. Erni Tirta,Jasa,27217543,7888876,Terdaftar,1
288221691,UD. Dito Pramana,Kesehatan,48516965,5857707,Terdaftar,1
288221692,UD. Naila Kawiswara,Pendidikan,5843004,8810860,Terdaftar,1
288221693,UD. Umar Madusari,Jasa,41515617,6834822,Terdaftar,1
288221694,UD. Nibras Baruna Ilmi,Pendidikan,25695629,5459977,Belum Terdaftar,0
288221695,UD. Veronika Manik,,36951537,1951567,Terdaftar,1
288221696,UD. Qyla Kelana Rafif,Kesehatan,29441810,2945086,Terdaftar,1
288221697,UD. Jodi Maheswara,Kesehatan,30028407,9413706,Terdaftar,1
288221698,UD. Qanita Adikara,Perdagangan,6864381,2314684,Terdaftar,1
288221699,UD. Fira Mardika Qanita,Kesehatan,49291595,2599908,Terdaftar,1
288221700,UD. Barokah Santosa,Jasa,22816383,9506015,Terdaftar,1
288221701,UD. Nina Jayengprana,Jasa,33331707,4066345,Terdaftar,1
288221702,UD. Romi Baswara,Perdagangan,7541487,7872137,Terdaftar,1
288221703,UD. Yayan Cahyaningrat,Perdagangan,25879844,3622077,Terdaftar,1
288221704,UD. Maudy Cendana Weni,Pendidikan,21732264,7242310,Belum Terdaftar,0
,UD. Santi Utamaindah,Kesehatan,43383889,6365897,Terdaftar,1
288221706,UD. Elen Tri,Pendidikan,49710128,8488958,Belum Terdaftar,0
288221707,UD. Dewi Bersemi,Perdagangan,8453317,2385321,Terdaftar,1
288221708,UD. Jordi Adikara,Perdagangan,11791172,1135010,Terdaftar,1
288221709,UD. Odie Utama,Jasa,3404971,5855911,Belum Terdaftar,0
288221710,UD. Hendra Panuluh Andi,Pendidikan,44527586,6083584,Belum Terdaftar,0
288221711,UD. Omar Gita,Jasa,37770908,7695350,Terdaftar,1
288221712,UD. Okta Wacana,Perdagangan,28169763,3260416,Belum Terdaftar,0
288221713,UD. Melati Saputrautama,Perdagangan,22441615,3683839,Belum Terdaftar,0
288221714,UD. Fitri Tirtayasa,Jasa,31905445,7583792,Belum Terdaftar,0
288221715,UD. Elen Madani,Jasa,18595411,8830139,Belum Terdaftar,0
288221716,UD. Elyas Wijaksana Zidan,Kesehatan,20868595,5853602,Belum Terdaftar,0
288221717,UD. Farid Tejakusuma,Kesehatan,7346671,7780480,Terdaftar,1
288221718,UD. Priska Malam,Perdagangan,6078295,2742585,Terdaftar,1
288221719,UD. Xenia Tejakencana,Pendidikan,34592774,5271159,Terdaftar,1
288221720,UD. Eren Mandala,Perdagangan,41933261,3778699,Terdaftar,1
288221721,UD. Binar Tunggal,Perdagangan,34913667,3358036,Terdaftar,1
288221722,UD. Qisya Resmi,Perdagangan,3050670,2778262,Terdaftar,1
288221723,UD. Habib Rejo,Pendidikan,35047722,9111061,Belum Terdaftar,0
288221724,UD. Qory Prima,Kesehatan,3827262,9058946,Terdaftar,1
288221725,UD. Amir Permai,Kesehatan,34910220,5062330,Belum Terdaftar,0
288221726,UD. Shinta Putri,Kesehatan,42327063,2327782,Belum Terdaftar,0
288221727,UD. Zain Mahendra,Pendidikan,24646185,1789559,Terdaftar,1
288221728,UD. Dito Swargaloka,Jasa,32243646,8286425,Terdaftar,1
288221729,UD. Bagir Brata Qori,Perdagangan,30882380,1917196,Terdaftar,1
288221730,UD. Anang Jati,Perdagangan,28481497,4263114,Belum Terdaftar,0
288221731,UD. Utha Lingga,Kesehatan,11181864,8607816,Terdaftar,1
288221732,UD. Kirana Swargaloka,Pendidikan,37962707,5067980,Terdaftar,1
288221733,UD. Dea Wangi,Perdagangan,16602904,8409190,Belum Terdaftar,0
288221734,UD. Kiki Sukma,Perdagangan,44143266,7675018,Terdaftar,1
288221735,UD. Abel Ananta,Jasa,4060341,9440236,Belum Terdaftar,0
288221736,UD. Fatiah Sehat Hanafi,Pendidikan,8312617,7057653,Belum Terdaftar,0
288221737,UD. Yusuf Kalbu Desi,Jasa,23172559,666250,Belum Terdaftar,0
288221738,UD. Oki Sakti,Perdagangan,8832103,2072961,Terdaftar,1
288221739,UD. Kiki Kinarya,Pendidikan,unknown,962459,Terdaftar,1
288221740,UD. Tomi Senopati,Perdagangan,7022871,5979716,Terdaftar,1
288221741,UD. Ida Asa,Pendidikan,41727785,7344390,Terdaftar,1
288221742,UD. Joko Jayengpati,Kesehatan,43562323,2318893,,0
288221743,UD. Salsa Saputra,Jasa,45720504,7568929,Terdaftar,1
288221744,UD. Fatiah Hilir Silvi,Kesehatan,5569103,9719629,Belum Terdaftar,0
288221745,UD. Oniel Tirta,Kesehatan,7623475,6111336,Terdaftar,1
288221746,UD. Farid Atma,Jasa,19959626,2466279,Belum Terdaftar,0
288221747,UD. Wawan Sudharmo Karla,Jasa,23164976,938947,Terdaftar,1
288221748,UD. Marsel Wibawa,Perdagangan,9250812,812909,Belum Terdaftar,0
288221749,UD. Damaris Mega,Jasa,40434281,6383058,Terdaftar,1
288221750,UD. Cici Agung,Perdagangan,3184782,4519623,Terdaftar,1
,UD. Zulfa Trisakti,Jasa,1696323,3496422,Terdaftar,1
288221752,UD. Heri Prajurit,Pendidikan,31496089,2758143,Belum Terdaftar,0
288221753,UD. Rafi Senja,Kesehatan,27794792,3484317,Terdaftar,1
288221754,UD. Ovan Maheswara,Pendidikan,27696280,819733,Terdaftar,1
288221755,UD. Chiko Maheswara,Kesehatan,11905493,6644832,Belum Terdaftar,0
288221756,UD. Novi Sasmita,Kesehatan,2742401,2328451,Belum Terdaftar,0
288221757,UD. Fikra Damai Teguh,Perdagangan,10951009,5023124,Belum Terdaftar,0
288221758,UD. Yayan Wijapranata,Pendidikan,13932272,9387175,Terdaftar,1
288221759,UD. Taufan Malam,Jasa,46599565,4832782,Terdaftar,1
288221760,UD. Mira Pelangi Viani,Jasa,2672623,3845747,Terdaftar,1
288221761,UD. Chiko Tunggal,Kesehatan,32259896,9209926,Terdaftar,1
288221762,UD. Hanafi Kelana,Kesehatan,13355642,9503843,Terdaftar,1
288221763,UD. Cahya Adhi,Pendidikan,47361928,4443097,Belum Terdaftar,0
288221764,UD. Kanza Kencana,unknown,43122728,6527055,Belum Terdaftar,0
288221765,UD. Fikra Kencana Pasha,Kesehatan,,7895756,Terdaftar,1
288221766,UD. Livia Sangkala Elen,Jasa,16237593,7606256,Terdaftar,1
288221767,UD. Taufan Baruna Iman,Pendidikan,46754188,5204239,Terdaftar,1
288221768,UD. Yola Widjaja Lando,Pendidikan,7595989,2455048,Terdaftar,1
288221769,UD. Qais Trisaktiatma,Jasa,9350740,,unknown,0
288221770,UD. Zahira Karang,Perdagangan,42058286,2109991,Terdaftar,1
288221771,UD. Sani Adiwarna,Perdagangan,22371776,2654293,Terdaftar,1
288221772,UD. Jasmine Nirbayu,Jasa,29045304,1133439,Belum Terdaftar,0
288221773,UD. Arman Sudharmo,Kesehatan,19005666,8085915,Terdaftar,1
288221774,UD. Anang Satria,Kesehatan,21392629,5405709,Belum Terdaftar,0
288221775,UD. Halim Lingga,Kesehatan,7736685,656200,Belum Terdaftar,0
288221776,UD. Rangga Reswara,Perdagangan,32045997,2126686,Belum Terdaftar,0
288221777,UD. Oki Agung,Jasa,18188979,4636217,Terdaftar,1
288221778,UD. Hilmiyah Agung,Pendidikan,6627399,2233810,Terdaftar,1
288221779,UD. Sella Prawira,,45730673,4515519,Belum Terdaftar,0
288221780,UD. Jibril Pamungkas,Kesehatan,9785527,7837165,Terdaftar,1
288221781,UD. Esa Resaputra,Pendidikan,27557923,6678695,Belum Terdaftar,0
288221782,UD. Aldo Wijapranata,Pendidikan,28666300,9889449,Terdaftar,1
288221783,UD. Carissa Hastinapura,Pendidikan,1807626,8117713,Belum Terdaftar,0
288221784,UD. Lukman Mulya,Kesehatan,37158618,2312960,Belum Terdaftar,0
288221785,UD. Eren Dwijaputra,Jasa,10233820,7333568,Belum Terdaftar,0
288221786,UD. Hanaura Bijaksana Zain,Kesehatan,3022321,6315895,Belum Terdaftar,0
288221787,UD. Wito Tejakencana,Kesehatan,25732973,2035751,,0
288221788,UD. Alvino Wetan,Perdagangan,48925563,6205768,Belum Terdaftar,0
288221789,UD. Febri Sahaja,Kesehatan,36899563,4488372,Belum Terdaftar,0
288221790,UD. Olivia Bagaskara,Jasa,43233034,513849,Belum Terdaftar,0
288221791,UD. Budi Sumringah,Perdagangan,13740310,5980826,Belum Terdaftar,0
288221792,UD. Syifa Wacana Elok,Perdagangan,1131239,7638887,Belum Terdaftar,0
288221793,UD. Mika Sumringah,Pendidikan,27375639,7414511,Belum Terdaftar,0
288221794,UD. Maudy Prima,Pendidikan,24953583,9005852,Terdaftar,1
288221795,UD. Fani Tri,Perdagangan,19773717,8509351,Terdaftar,1
288221796,UD. Fitri Kamajaya,Jasa,28029246,667105,Belum Terdaftar,0
288221797,UD. Aldo Yudhistira Salwa,Pendidikan,25033559,4397025,Belum Terdaftar,0
288221798,UD. Chika Kusumajati,Jasa,19907077,9428651,Belum Terdaftar,0
288221799,UD. Made Tirtayasa,Kesehatan,29848357,7400848,Belum Terdaftar,0
288221800,UD. Bayu Sasmita,Perdagangan,34833733,8421908,Terdaftar,1
288221801,UD. Farhan Bijaksana,Kesehatan,47428584,8974887,Belum Terdaftar,0
288221802,UD. Arman Utama,Pendidikan,36576974,908999,Belum Terdaftar,0
288221803,UD. Eka Berkarya Mika,Perdagangan,48321283,1882633,Terdaftar,1
288221804,UD. Uli Agastya,Perdagangan,37536817,3670234,Belum Terdaftar,0
288221805,UD. Budi Brata Yani,Kesehatan,45917294,9746979,Terdaftar,1
288221806,UD. Najwa Abdi,Perdagangan,49856204,5605136,Belum Terdaftar,0
288221807,UD. Tania Kulon,Pendidikan,35340086,3161603,Terdaftar,1
288221808,UD. Hesti Artha,Jasa,4459911,9433845,Belum Terdaftar,0
288221809,UD. Santi Putra,Kesehatan,8424207,6630353,Belum Terdaftar,0
288221810,UD. Juli Kusen,Jasa,10085359,6011209,Belum Terdaftar,0
288221811,UD. Eddy Pusaka,Jasa,6575097,5699228,Belum Terdaftar,0
288221812,UD. Bagas Haji,Perdagangan,4208985,9147989,Terdaftar,1
288221813,UD. Vino Prabawa,Jasa,22943397,7315474,Terdaftar,1
288221814,UD. Qori Nirbayu,Perdagangan,26964707,8850430,Belum Terdaftar,0
288221815,UD. Qiana Wijaya Romi,Perdagangan,24657327,9734196,Belum Terdaftar,0
288221816,UD. Alma Kawiswara,Perdagangan,16654069,3738091,Terdaftar,1
288221817,UD. Bella Utama,Perdagangan,44732906,6276135,Belum Terdaftar,0
288221818,UD. Zahra Kencana,Jasa,32159192,2116720,Belum Terdaftar,0
288221819,UD. Umi Yudhistira,Pendidikan,37658557,7508925,Belum Terdaftar,0
288221820,UD. Fanny Baruna,Kesehatan,1467027,3375622,Belum Terdaftar,0
288221821,UD. Obed Jagadmaya,Pendidikan,46164060,2023581,Terdaftar,1
288221822,UD. Santi Abdi,Perdagangan,12318966,3047842,Terdaftar,1
288221823,UD. Laila Wisnu,Pendidikan,9163889,8767729,Belum Terdaftar,0
288221824,UD. Prananda Manunggal,Pendidikan,40012223,4337572,Belum Terdaftar,0
288221825,UD. Zahira Trisaktiatma,Jasa,2957820,2677739,Terdaftar,1
288221826,UD. Anis Kusumajati,Perdagangan,49427146,6308229,Terdaftar,1
288221827,UD. Nibras Puri,Jasa,37737797,9254401,unknown,0
288221828,UD. Iman Sangga,Kesehatan,3798759,1845803,Belum Terdaftar,0
288221829,UD. Zidan Gita Hasna,Jasa,19735903,5422723,Belum Terdaftar,0
288221830,UD. Tomi Kawiswara,Kesehatan,32488710,5232581,Belum Terdaftar,0
288221831,UD. Rangga Harapan,Kesehatan,13282915,7606050,Belum Terdaftar,0
,UD. Raka Kusumatmaja,Pendidikan,44645846,4100618,Terdaftar,1
288221833,UD. Wesly Sehat,Jasa,17024750,2087293,Belum Terdaftar,0
288221834,UD. Heri Galang,Kesehatan,2086106,6484371,Belum Terdaftar,0
288221835,UD. Rangga Suryaputra,Jasa,27170034,3682436,Terdaftar,1
288221836,UD. Kanza Warna,Kesehatan,8543862,3476444,Belum Terdaftar,0
288221837,UD. Bayu Ratu,Jasa,34865786,6964810,Belum Terdaftar,0
288221838,UD. Cinta Dewangga,Perdagangan,49102223,3413429,Terdaftar,1
288221839,UD. Erni Hastinapura,Perdagangan,17604981,3705034,Belum Terdaftar,0
288221840,UD. Priska Jatiwangi,Pendidikan,10133959,8016225,Terdaftar,1
288221841,UD. Uti Mulyo,Kesehatan,41119260,5083097,Terdaftar,1
288221842,UD. Mila Darussalam,Kesehatan,2514218,1334482,Belum Terdaftar,0
288221843,UD. Opik Asa,,10918374,6632118,Belum Terdaftar,0
288221844,UD. Jasmin Manunggal,Kesehatan,44971095,8965538,Belum Terdaftar,0
288221845,UD. Mira Asmaralaya,,11944147,9372714,Belum Terdaftar,0
288221846,UD. Nazar Wirajaya,Pendidikan,35587866,9412817,Terdaftar,1
288221847,UD. Tami Haji,Pendidikan,14395156,3075666,Belum Terdaftar,0
288221848,UD. Inten Sentosa,Perdagangan,15871366,6589420,Belum Terdaftar,0
288221849,UD. Dani Kinarya,Perdagangan,7371249,3858684,Terdaftar,1
288221850,UD. Riko Luhur,Jasa,6338306,5903998,Terdaftar,1
288221851,UD. Ciko Galang,Perdagangan,22378474,6612767,Terdaftar,1
288221852,UD. Clarissa Anggrek,Perdagangan,45939883,2885794,Terdaftar,1
288221853,UD. Tari Resaputra,Kesehatan,39195643,3420090,Terdaftar,1
288221854,UD. Qanitah Ayodya,Kesehatan,22830831,7402736,Belum Terdaftar,0
288221855,UD. Niken Warna,Perdagangan,21791017,8121665,Belum Terdaftar,0
288221856,UD. Ciko Wiraatmaja Desta,Perdagangan,3085642,4566761,Terdaftar,1
288221857,UD. Sari Makmur,Perdagangan,22957568,8064377,Belum Terdaftar,0
288221858,UD. Dito Wiratama Qasya,Pendidikan,,5248004,Terdaftar,1
288221859,UD. Via Wira,Jasa,16069802,5427237,Terdaftar,1
288221860,UD. Guntur Pelangi,Kesehatan,32817035,6238393,Belum Terdaftar,0
288221861,UD. Kamil Sumirat,Kesehatan,7351817,696112,Terdaftar,1
288221862,UD. Gilang Utama,Pendidikan,30909578,5027655,Belum Terdaftar,0
288221863,UD. Maudy Suci,Jasa,21741245,5155647,Terdaftar,1
288221864,UD. Wira Paseban,Jasa,5555557,8374552,Terdaftar,1
288221865,UD. Lono Sakti Cici,Kesehatan,34747864,2901055,Belum Terdaftar,0
288221866,UD. Syifa Atma,Jasa,15080876,2440284,Terdaftar,1
288221867,UD. Valen Sakti,Jasa,6850563,7271223,Terdaftar,1
288221868,UD. Mario Sahaja Agus,Jasa,17358064,4950171,Belum Terdaftar,0
288221869,UD. Nara Damai,Jasa,20194192,6914232,Terdaftar,1
288221870,UD. Hanaura Trisakti,Jasa,29801848,2675624,Belum Terdaftar,0
288221871,UD. Salsa Ceria,Pendidikan,26493753,unknown,Belum Terdaftar,0
288221872,UD. Wenda Mahendra Opik,Jasa,25091199,8982108,unknown,0
288221873,UD. Eni Jaladara,Pendidikan,2632182,2958653,Belum Terdaftar,0
288221874,UD. Sekar Sehat,Kesehatan,7152873,6310597,Terdaftar,1
288221875,UD. Tono Senja,Kesehatan,42980665,7971328,Belum Terdaftar,0
288221876,UD. Ziva Jayengpati,Perdagangan,23203020,3480379,Terdaftar,1
288221877,UD. Tama Jatiwangi,Jasa,33221466,4407541,Terdaftar,1
288221878,UD. Fauzan Setia,Pendidikan,29257255,4783075,Belum Terdaftar,0
288221879,UD. Xenia Tri,Kesehatan,20814055,8280083,Terdaftar,1
288221880,UD. Guntur Adikara,Kesehatan,7343801,6641788,Belum Terdaftar,0
288221881,UD. Priska Mega,Perdagangan,5445151,5001942,Belum Terdaftar,0
288221882,UD. Aqila Wijaksana,Perdagangan,40533904,1501170,Terdaftar,1
288221883,UD. Zaki Wening,Perdagangan,29329692,3394694,Terdaftar,1
288221884,UD. Thariq Baskara,Pendidikan,18263949,3338461,Terdaftar,1
288221885,UD. Hanafi Bersemi,Kesehatan,34126884,1700936,Belum Terdaftar,0
288221886,UD. Binar Utama,Perdagangan,49195876,8518743,Terdaftar,1
288221887,UD. Qasya Nirbayu,Pendidikan,26031337,788098,Terdaftar,1
288221888,UD. Hilmiyah Kusumasari,Perdagangan,13666575,6797259,Terdaftar,1
288221889,UD. Vita Indah,Jasa,48052632,5040168,Terdaftar,1
288221890,UD. Lando Baru,Perdagangan,37921034,699967,Belum Terdaftar,0
288221891,UD. Juli Nusa,Pendidikan,24427883,529263,Belum Terdaftar,0
288221892,UD. Hanaura Tunggal,Pendidikan,44595403,7174579,Terdaftar,1
288221893,UD. Nadia Sangga Livia,Jasa,10919255,680930,Belum Terdaftar,0
288221894,UD. Karim Anggrek,Jasa,30046417,1955729,Belum Terdaftar,0
288221895,UD. Pasha Manunggal,Pendidikan,22228269,9697501,Belum Terdaftar,0
288221896,UD. Shinta Pancasila,Jasa,11872012,8219476,Terdaftar,1
288221897,UD. Rafi Jayaningrat Berlian,Jasa,32998123,9102757,Belum Terdaftar,0
288221898,UD. Ujang Adikara,Pendidikan,19545839,6004660,Belum Terdaftar,0
288221899,UD. Viera Sumringah,Pendidikan,21471775,6400066,Belum Terdaftar,0
288221900,UD. Oki Artha,Jasa,11577232,9998881,Belum Terdaftar,0
288221901,UD. Pasha Baskara,Jasa,28082796,2941472,Belum Terdaftar,0
288221902,UD. Grego Alam,Jasa,32038490,6494598,Terdaftar,1
288221903,UD. Deni Cerah,Jasa,3212959,6789334,Belum Terdaftar,0
288221904,UD. Elva Nirwasita,Perdagangan,11032855,8829665,Terdaftar,1
288221905,UD. Bella Galang,Jasa,24094803,2791564,Belum Terdaftar,0
288221906,UD. Livia Abdi,Jasa,28722719,5890667,Belum Terdaftar,0
288221907,UD. Baim Lintang,Kesehatan,13556766,2333765,Terdaftar,1
288221908,UD. Hasna Setia,Perdagangan,31743676,4695079,Terdaftar,1
288221909,UD. Ovan Nirwasita,Pendidikan,20189132,4655280,Belum Terdaftar,0
288221910,UD. Halimah Asa,Kesehatan,5128076,6910382,Belum Terdaftar,0
288221911,UD. Eddy Yudhistira,Kesehatan,11373830,1260735,Belum Terdaftar,0
288221912,UD. Umi Jayabaya,Perdagangan,46686852,3972271,Belum Terdaftar,0
288221913,UD. Jibril Jayengprana,Perdagangan,35701048,5112876,Terdaftar,1
288221914,UD. Alvino Abadi,Perdagangan,10769685,4607041,Belum Terdaftar,0
288221915,UD. Guntur Dharma,Pendidikan,47756113,1580766,Belum Terdaftar,0
288221916,UD. Suci Prana,Jasa,9155219,5328911,Terdaftar,1
288221917,UD. Bella Senopati,Pendidikan,3505270,3012569,Terdaftar,1
288221918,UD. Gema Citra,Pendidikan,,1388357,Terdaftar,1
288221919,UD. Dito Bima,Kesehatan,35318540,3152666,Terdaftar,1
288221920,UD. Alvino Purnama,Pendidikan,42793510,5510875,Terdaftar,1
288221921,UD. Fajar Warna,Kesehatan,33649878,7387376,Terdaftar,1
288221922,UD. Naufal Jayawarsa,Perdagangan,38440859,9244611,Terdaftar,1
288221923,UD. Tono Karya Farid,Kesehatan,31849567,6908287,Terdaftar,1
288221924,UD. Juli Suryaatmaja,Perdagangan,26068115,2403676,Belum Terdaftar,0
288221925,UD. Poppy Asa,Kesehatan,14164346,2433286,Terdaftar,1
288221926,UD. Bela Gunawan,Perdagangan,34958864,6640822,Terdaftar,1
288221927,UD. Agus Atma Iqbal,Kesehatan,14976499,6830471,Belum Terdaftar,0
288221928,UD. Sari Mandiri,Kesehatan,12166164,2963759,Belum Terdaftar,0
288221929,UD. Widya Pusaka,Jasa,40615160,2989699,Terdaftar,1
288221930,UD. Nibras Satriya,Pendidikan,2862038,7252930,Terdaftar,1
288221931,UD. Sinta Saputra,Perdagangan,49789653,4996370,Terdaftar,1
288221932,UD. Ovan Kinarya,Pendidikan,17903337,1314416,Terdaftar,1
288221933,UD. Qomar Anggara,Kesehatan,31520865,5728986,Terdaftar,1
288221934,UD. Qanitah Gemilang,Pendidikan,38457448,2696722,Terdaftar,1
288221935,UD. Kiki Sangkala,Kesehatan,41290988,1320714,Belum Terdaftar,0
288221936,UD. Eddy Sukadarma,Pendidikan,29738572,9490467,Terdaftar,1
288221937,UD. Koko Langit,Jasa,40802781,7727225,Terdaftar,1
288221938,UD. Bagas Satriya,Perdagangan,38467284,2167152,Belum Terdaftar,0
288221939,UD. Omar Siang,Pendidikan,22800629,2180471,Belum Terdaftar,0
288221940,UD. Alya Senopati,Jasa,30323518,6321984,Belum Terdaftar,0
288221941,UD. Zahira Lestari,Kesehatan,20837705,5175138,Terdaftar,1
288221942,UD. Rafa Sulaksana,Kesehatan,34132253,6240970,Terdaftar,1
288221943,UD. Celsi Sukarela,Perdagangan,9595875,8001711,Terdaftar,1
288221944,UD. Alvino Kulon,Kesehatan,26189893,8124399,Terdaftar,1
288221945,UD. Bambang Anggrek,Jasa,1174164,2013825,Terdaftar,1
288221946,UD. Riko Mulya Obed,Kesehatan,16360611,2874462,Belum Terdaftar,0
288221947,UD. Yayan Cerah,Pendidikan,1480595,6484004,Terdaftar,1
288221948,UD. Willy Jaladara,Kesehatan,7090613,6740913,Terdaftar,1
288221949,UD. Muthia Satria,Pendidikan,8150013,3123637,Belum Terdaftar,0
288221950,UD. Dito Buana Oniel,Pendidikan,8522590,3436734,Terdaftar,1
288221951,UD. Yessi Mardika,Jasa,35983060,8194874,Terdaftar,1
288221952,UD. Yani Harmoni,Kesehatan,16363847,2845614,Terdaftar,1
288221953,UD. Fitri Yudhistira Zera,Jasa,6508070,1215304,Terdaftar,1
288221954,UD. Raka Arsana Hilmiyah,Kesehatan,23490077,2579712,Belum Terdaftar,0
288221955,UD. Rian Wicaksana,Kesehatan,10346996,8392283,Belum Terdaftar,0
288221956,UD. Damar Maheswara,Kesehatan,9241818,7398898,Belum Terdaftar,0
288221957,UD. Fauzan Jaladara,Perdagangan,23897109,3867485,Belum Terdaftar,0
288221958,UD. Ojan Arsana,Perdagangan,9286691,6960061,Terdaftar,1
288221959,UD. Livia Saprahan,Perdagangan,6179342,8887941,Terdaftar,1
288221960,UD. Nibras Adiwangsa,Kesehatan,7878791,8687219,Terdaftar,1
288221961,UD. Abel Anggrek,Perdagangan,17025798,9581404,Terdaftar,1
288221962,UD. Silvi Kusumah,Kesehatan,9922118,9408626,Belum Terdaftar,0
288221963,UD. Uchie Agastya,Perdagangan,26143854,8205449,Belum Terdaftar,0
288221964,UD. Berlian Panembahan,Kesehatan,38872525,6614503,Terdaftar,1
288221965,UD. Jordi Asri,Perdagangan,3722678,3147255,Terdaftar,1
288221966,UD. Bella Kencana,Perdagangan,7862300,4468087,Belum Terdaftar,0
288221967,UD. Qisya Harapan,Pendidikan,4635450,9067455,Terdaftar,1
288221968,UD. Naila Nirbayu,Jasa,30106195,4316816,Terdaftar,1
288221969,UD. Qory Madani Vidi,Pendidikan,4566410,3064020,Belum Terdaftar,0
288221970,UD. Baim Jati,Perdagangan,11084793,9959808,Terdaftar,1
288221971,UD. Tari Surya,Kesehatan,3753787,4418844,Belum Terdaftar,0
288221972,UD. Zidan Trijaya,Perdagangan,,5536143,Terdaftar,1
288221973,UD. Omar Adikara,Perdagangan,15504533,4892391,Belum Terdaftar,0
288221974,UD. Gita Kalbu,Pendidikan,31145572,8442265,Terdaftar,1
288221975,UD. Vina Bahari,Kesehatan,16273079,3341656,Belum Terdaftar,0
288221976,UD. Vino Mulya,Perdagangan,25495575,6155220,Terdaftar,1
288221977,UD. Zainab Lempung,Pendidikan,45997188,7616603,Terdaftar,1
288221978,UD. Ilham Sulaksana,Jasa,32412414,9870742,Terdaftar,1
288221979,UD. Yola Brawijaya,Jasa,14542234,5842089,Terdaftar,1
288221980,UD. Tiara Wirawati,Pendidikan,48133880,5541556,Belum Terdaftar,0
288221981,UD. Ziva Pelangi Carissa,Perdagangan,35723357,6625345,Terdaftar,1
288221982,UD. Yessi Sumirat,Perdagangan,49602315,1818794,Belum Terdaftar,0
288221983,UD. Yana Cahaya Omar,Jasa,30568898,8751928,Belum Terdaftar,0
288221984,UD. Iqbal Mega,Perdagangan,30699856,6570934,Belum Terdaftar,0
288221985,UD. Alma Sumirat,Jasa,42745014,5633880,Belum Terdaftar,0
288221986,UD. Gilang Sehat,Kesehatan,49503720,9403192,Terdaftar,1
288221987,UD. Zaki Karya,Pendidikan,46701627,3082352,Belum Terdaftar,0
288221988,UD. Ari Maju,Jasa,23983317,6823448,Terdaftar,1
288221989,UD. Wito Ananta,Pendidikan,39237983,6363652,Belum Terdaftar,0
288221990,UD. Cahya Ilir,Kesehatan,18816339,4540940,Belum Terdaftar,0
288221991,UD. Carissa Gandewa,Pendidikan,37253880,7158809,Belum Terdaftar,0
288221992,UD. Rafa Wening,Jasa,18350498,3051156,Terdaftar,1
288221993,UD. Wira Abadi,Pendidikan,44358233,6560662,Terdaftar,1
288221994,UD. Daffa Winata,Jasa,18043673,8915200,Belum Terdaftar,0
288221995,UD. Indah Widhi,Jasa,21189087,4435367,Terdaftar,1
288221996,UD. Iqra Widuri,Kesehatan,12376299,6192737,Belum Terdaftar,0
288221997,UD. Citra Anggara,Kesehatan,45481376,8955222,Belum Terdaftar,0
288221998,UD. Farhan Sumringah,Pendidikan,46179679,1864562,Belum Terdaftar,0
288221999,UD. Qori Resmi,Kesehatan,13574546,8340960,Belum Terdaftar,0
288222000,UD. Kevin Swargaloka,Perdagangan,47899012,7081621,Belum Terdaftar,0
288222001,UD. Olla Binasena,Perdagangan,9355661,3851550,Belum Terdaftar,0
288222002,UD. Hendra Wetan,Perdagangan,16228766,1747407,Belum Terdaftar,0
288222003,UD. Rian Cempaka,Perdagangan,20951584,1535676,Terdaftar,1
288222004,UD. Iman Utamaindah Haidar,Kesehatan,30049967,6778070,Belum Terdaftar,0
288222005,UD. Dora Nirmala,Kesehatan,17409673,1879622,Terdaftar,1
288222006,UD. Ony Selaras Viona,Kesehatan,40914497,7171719,Belum Terdaftar,0
288222007,UD. Guntur Mulya Via,Perdagangan,33183524,3817359,Terdaftar,1
288222008,UD. Bagas Makmur,Kesehatan,40420727,1424493,,0
288222009,UD. Riko Nirwasita,Kesehatan,21281720,6928584,Terdaftar,1
288222010,UD. Tegar Indah,Perdagangan,42531548,5126067,Terdaftar,1
288222011,UD. Nisa Citra,Pendidikan,38766284,2026975,Terdaftar,1
288222012,UD. Widi Wening Zulkarnaen,Kesehatan,36417819,3492954,Belum Terdaftar,0
288222013,UD. Damar Reswara Jasmin,Perdagangan,44746169,9167195,Belum Terdaftar,0
288222014,UD. Bela Tirtayasa Balqis,Pendidikan,8124436,6532251,Terdaftar,1
288222015,UD. Tari Abadi,Kesehatan,17599321,8995919,Belum Terdaftar,0
288222016,UD. Alvino Widhi Wahyu,Perdagangan,37021606,5882261,Terdaftar,1
288222017,UD. Zera Galuh,Perdagangan,44901939,737089,Terdaftar,1
288222018,UD. Veronika Makmur,Perdagangan,48116671,4884669,Terdaftar,1
288222019,UD. Obed Resmi Gracia,Kesehatan,14578212,3162561,Belum Terdaftar,0
288222020,UD. Zain Cahyaningrat,Kesehatan,3831606,7265693,Terdaftar,1
288222021,UD. Reza Sukma,Perdagangan,11773530,4643702,Terdaftar,1
288222022,UD. Jojo Prawira,Perdagangan,36032105,5862448,Terdaftar,1
288222023,UD. Eka Prawira Agus,Pendidikan,29449738,1071477,Belum Terdaftar,0
288222024,UD. Balqis Abdi,Jasa,30063881,3711858,Belum Terdaftar,0
288222025,UD. Mega Kusuma Mirna,Pendidikan,32663823,3661492,Belum Terdaftar,0
288222026,UD. Mega Maju,Kesehatan,41562005,8268880,Belum Terdaftar,0
288222027,UD. Pandu Prajurit Winda,Kesehatan,6252482,8240714,Terdaftar,1
288222028,UD. Novi Utama,Kesehatan,37349474,8529108,Terdaftar,1
288222029,UD. Putra Baruna,Kesehatan,35736097,2082230,Terdaftar,1
288222030,UD. Mega Mahendra,Kesehatan,23515934,1750415,Terdaftar,1
288222031,UD. Nadia Santosa,Pendidikan,14711496,2582689,Belum Terdaftar,0
288222032,UD. Yola Jaya,Jasa,21798579,4551679,Terdaftar,1
288222033,UD. Oki Anggara Aqila,Kesehatan,10583166,1206365,Terdaftar,1
288222034,UD. Desi Permai Iqbal,Kesehatan,32475930,1254194,Belum Terdaftar,0
288222035,UD. Lana Sumirat,Jasa,46530747,3578981,Belum Terdaftar,0
288222036,UD. Jihan Jaladara,Jasa,22532244,4568438,Belum Terdaftar,0
288222037,UD. Yolanda Bersemi,Perdagangan,27296835,4655635,Terdaftar,1
288222038,UD. Berlian Sangkala,Pendidikan,35127198,4313835,Terdaftar,1
288222039,UD. Jodi Winata,Jasa,33863551,952319,Terdaftar,1
288222040,UD. Tami Sangga,Jasa,40172435,2422033,Belum Terdaftar,0
288222041,UD. Qiana Wetan Qais,Kesehatan,32153099,2611156,Terdaftar,1
288222042,UD. Ujang Galang Gilang,Kesehatan,28485595,9143678,Belum Terdaftar,0
288222043,UD. Bagir Surya Budi,Kesehatan,28866377,9786943,Belum Terdaftar,0
288222044,UD. Bela Tejakencana,Jasa,30589273,5754602,Belum Terdaftar,0
288222045,UD. Wesly Kulon,Kesehatan,24661149,8736398,Terdaftar,1
288222046,UD. Viera Sari,Kesehatan,10594692,2946251,Terdaftar,1
288222047,UD. Yusuf Selaras Febri,Jasa,15615006,1045499,Terdaftar,1
288222048,UD. Okta Arsana,Perdagangan,10530815,3928865,Terdaftar,1
288222049,UD. Uci Kelana,Pendidikan,15237231,8972988,Belum Terdaftar,0
288222050,UD. Dito Saputra,Pendidikan,24683380,2056575,Belum Terdaftar,0
288222051,UD. Made Putri,Perdagangan,35905420,6143036,Belum Terdaftar,0
288222052,UD. Eren Bima,Pendidikan,5099861,9430358,Belum Terdaftar,0
288222053,UD. Reza Padi,Pendidikan,12391687,9749924,Belum Terdaftar,0
288222054,UD. Lukita Selaras,Kesehatan,35843592,6893345,Terdaftar,1
288222055,UD. Qory Arya,Pendidikan,38725083,3143189,Belum Terdaftar,0
288222056,UD. Veronika Tengah,Kesehatan,4191627,975622,Terdaftar,1
288222057,UD. Pardi Kinarya,Perdagangan,41747654,5794044,,0
288222058,UD. Satria Sarwono,Pendidikan,46315474,6953883,Belum Terdaftar,0
288222059,UD. Chika Wijapranata,Perdagangan,10182250,4046153,Terdaftar,1
288222060,UD. Yolanda Panembahan,Perdagangan,45707061,8254507,Belum Terdaftar,0
288222061,UD. Eka Setia,Pendidikan,43253454,4558591,Terdaftar,1
unknown,UD. Sinta Jagad,Jasa,20011352,2771123,Terdaftar,1
288222063,UD. Citra Tunggal,Perdagangan,12082576,6448036,Terdaftar,1
288222064,UD. Santi Radhitya,Perdagangan,20300143,3430883,Belum Terdaftar,0
288222065,UD. Dina Wirawati Ujang,Kesehatan,21166746,6158687,Terdaftar,1
288222066,UD. Alya Wetan,Perdagangan,13067487,2733696,Terdaftar,1
288222067,UD. Taufan Wijaksana,Jasa,6542565,8130253,Belum Terdaftar,0
288222068,UD. Taufik Anggara,Kesehatan,36155489,9517540,Terdaftar,1
288222069,UD. Qomar Wisnu,Pendidikan,21871506,5476074,Belum Terdaftar,0
288222070,UD. Nadia Jayabaya,Kesehatan,45101423,849412,Terdaftar,1
288222071,UD. Jasmine Ratu Gema,Perdagangan,35285131,3744845,Belum Terdaftar,0
288222072,UD. Desi Paningrat,Pendidikan,41961991,5436654,Terdaftar,1
288222073,UD. Bela Rejo,Perdagangan,3565248,5914132,Terdaftar,1
288222074,UD. Adinda Maju,Pendidikan,8904519,3992713,Belum Terdaftar,0
288222075,UD. Weni Wening,Jasa,19426405,3324010,Terdaftar,1
288222076,UD. Shinta Pramana,Pendidikan,5563526,8510880,Belum Terdaftar,0
288222077,UD. Omar Kelana,Perdagangan,40141299,3797205,Belum Terdaftar,0
288222078,UD. Alma Dewangga,Jasa,22278329,3019561,Belum Terdaftar,0
288222079,UD. Vino Wicaksana Wahyu,Jasa,30580466,4500799,Terdaftar,1
288222080,UD. Gisel Kawiswara,Kesehatan,29413287,2409689,Terdaftar,1
288222081,UD. Alif Saputra,Pendidikan,15708395,5105516,Belum Terdaftar,0
288222082,UD. Kamil Anindita Nando,Kesehatan,31845834,4370213,Belum Terdaftar,0
288222083,UD. Sari Ilir Fadli,Jasa,29222048,3377281,Belum Terdaftar,0
288222084,UD. Putri Asmaralaya,Perdagangan,37058137,1667955,Terdaftar,1
288222085,UD. Candra Prabawa,Kesehatan,41984214,7564003,Belum Terdaftar,0
288222086,UD. Rahmat Baskara,Perdagangan,13188448,8419141,Belum Terdaftar,0
288222087,UD. Mila Widjaja Verdi,Pendidikan,12495062,5758874,Belum Terdaftar,0
288222088,UD. Qyla Yudhistira,Jasa,17259464,3354438,Belum Terdaftar,0
288222089,UD. Hanafi Nirmala Iqra,Perdagangan,3045186,7891696,Terdaftar,1
288222090,UD. Gema Abdi,Perdagangan,18036156,651847,Belum Terdaftar,0
288222091,UD. Livia Adyatma,Perdagangan,15169962,3411614,unknown,0
288222092,UD. Rian Wijapranata,Pendidikan,46410986,5881730,Terdaftar,1
288222093,UD. Oki Kusumah,Perdagangan,40145950,3809227,Terdaftar,1
288222094,UD. Umar Asmaralaya,Perdagangan,15040308,9728030,Belum Terdaftar,0
288222095,UD. Winda Prana,Pendidikan,38044980,3710019,Belum Terdaftar,0
288222096,UD. Heri Bijaksana,Pendidikan,49105814,3816244,Belum Terdaftar,0
288222097,UD. Abdi Mandala,Pendidikan,16772325,2254001,Terdaftar,1
288222098,UD. Jodi Sarwono,Perdagangan,39253609,2962126,Belum Terdaftar,0
288222099,UD. Bagas Tejakusuma,Pendidikan,16872448,2942893,Terdaftar,1
288222100,UD. Galang Saprahan,Jasa,34302464,9063183,Terdaftar,1
288222101,UD. Anisa Karang,Kesehatan,3561353,1222203,Belum Terdaftar,0
288222102,UD. Riko Sidarta,Kesehatan,39128460,1234141,,0
288222103,UD. Marwan Tejakusuma,Jasa,36074484,6240817,Belum Terdaftar,0
288222104,UD. Pio Prima,Perdagangan,48634511,5657856,Terdaftar,1
288222105,UD. Bayu Purnama,Perdagangan,40594312,2411963,Terdaftar,1
288222106,UD. Adinda Langit,Kesehatan,42495297,604353,Terdaftar,1
288222107,UD. Yusuf Maju Adinda,Jasa,44587443,9760622,Belum Terdaftar,0
288222108,UD. Kiki Dewangga,Perdagangan,18681617,7200238,Belum Terdaftar,0
288222109,UD. Santi Pagi,Jasa,19837676,3057715,Belum Terdaftar,0
288222110,UD. Monica Gandewa,Jasa,44678612,8390724,Belum Terdaftar,0
288222111,UD. Damaris Wirajaya,Jasa,35202725,8508411,Terdaftar,1
288222112,UD. Yaniar Cinta,Jasa,29291974,4389571,Belum Terdaftar,0
288222113,UD. Vito Wicaksana,Pendidikan,4530626,6757392,Terdaftar,1
288222114,UD. Nando Sumirat,Jasa,1250369,1553644,Belum Terdaftar,0
288222115,UD. Uti Santosa,Perdagangan,21097243,8575698,Terdaftar,1
288222116,UD. Cipta Trijaya,Pendidikan,6055542,4280166,Terdaftar,1
288222117,UD. Adinda Wijaksana,Perdagangan,8987668,3103583,Terdaftar,1
288222118,UD. Valen Jati,Kesehatan,13372984,3470470,Belum Terdaftar,0
288222119,UD. Pardi Dwijaputra,Jasa,10281698,2489570,Terdaftar,1
288222120,UD. Gerry Gemilang,Pendidikan,25141494,6685925,Belum Terdaftar,0
288222121,UD. Pipit Manggala,Jasa,26402726,1881989,Terdaftar,1
288222122,UD. Sekar Sanjaya,Kesehatan,3986258,3756814,Belum Terdaftar,0
288222123,UD. Andi Trisudira,Pendidikan,37503521,2162749,Belum Terdaftar,0
288222124,UD. Yasir Sangkala,Jasa,41242636,805806,Terdaftar,1
288222125,UD. Salwa Baskara,Pendidikan,29491426,3383585,Belum Terdaftar,0
288222126,UD. Syana Ilir Rian,Jasa,48239150,6854562,Belum Terdaftar,0
288222127,UD. Bela Widhi,Pendidikan,35210634,804787,Terdaftar,1
288222128,UD. Bayu Alam,Kesehatan,8874364,8211715,Terdaftar,1
288222129,UD. Olla Sudharmo Udin,Pendidikan,41510653,6217989,Belum Terdaftar,0
288222130,UD. Qasya Kencana,Pendidikan,49813771,4523299,Terdaftar,1
